scenario_id,seed,source_frame_number,time_seconds,uav_xyz,image_path,label_path,image_sha256,label_sha256,frame_pair_sha256,perceptual_dhash64,person_gt,vehicle_gt,label_empty,split
T01_east_level_low,4101,1,0.0,"[-32, -4, 52]",C:\Users\lab\Counterfactual-XAI-Verifier\experiments\yolov8_search_comparison\diverse_training_scenario_split\data\diverse_training_scenario_split_v2\dataset\images\train\T01_east_level_low__frame_0001.png,C:\Users\lab\Counterfactual-XAI-Verifier\experiments\yolov8_search_comparison\diverse_training_scenario_split\data\diverse_training_scenario_split_v2\dataset\labels\train\T01_east_level_low__frame_0001.txt,B6DFC0B74A86C20C68E680F7075ED47197315A9C5C6D93405FCE5FC5E6C0CE80,E3B0C44298FC1C149AFBF4C8996FB92427AE41E4649B934CA495991B7852B855,FC7FECFA1B51369C032F8D8FD74C9BB0B46CB8BC54FA11E9F3C8C700304C3746,939B0E1606060606,0,0,True,train
T01_east_level_low,4101,10,0.9,"[-29.5, -4, 52]",C:\Users\lab\Counterfactual-XAI-Verifier\experiments\yolov8_search_comparison\diverse_training_scenario_split\data\diverse_training_scenario_split_v2\dataset\images\train\T01_east_level_low__frame_0010.png,C:\Users\lab\Counterfactual-XAI-Verifier\experiments\yolov8_search_comparison\diverse_training_scenario_split\data\diverse_training_scenario_split_v2\dataset\labels\train\T01_east_level_low__frame_0010.txt,43D7D01AB1C96915B3BCC51DCB62A5773326E8663C33BA3C214B04A24B6B4465,E3B0C44298FC1C149AFBF4C8996FB92427AE41E4649B934CA495991B7852B855,FEC9FD2A9FD66407EF7717D4AC85BEBDC6786EFC63DF3F48C49872E1D56FB30B,97939B6E06070607,0,0,True,train
T01_east_level_low,4101,20,1.9,"[-26.72222222222222, -4, 52]",C:\Users\lab\Counterfactual-XAI-Verifier\experiments\yolov8_search_comparison\diverse_training_scenario_split\data\diverse_training_scenario_split_v2\dataset\images\train\T01_east_level_low__frame_0020.png,C:\Users\lab\Counterfactual-XAI-Verifier\experiments\yolov8_search_comparison\diverse_training_scenario_split\data\diverse_training_scenario_split_v2\dataset\labels\train\T01_east_level_low__frame_0020.txt,BB5A6C221C1F93026250626016E8B034B65138AC33C4A1C566ECCBBBF0B846E4,39F82D15E5E0C248A3A3AF9CFA65BECB94DA8E5BBCEBF89E2CE25A7477914B89,83C262A2DEEF14F8E10E879C6E151AAFEE816D8D5189C3D7DA690B06F4658212,66B697935B870F07,1,0,False,train
T01_east_level_low,4101,29,2.8,"[-24.22222222222222, -4, 52]",C:\Users\lab\Counterfactual-XAI-Verifier\experiments\yolov8_search_comparison\diverse_training_scenario_split\data\diverse_training_scenario_split_v2\dataset\images\train\T01_east_level_low__frame_0029.png,C:\Users\lab\Counterfactual-XAI-Verifier\experiments\yolov8_search_comparison\diverse_training_scenario_split\data\diverse_training_scenario_split_v2\dataset\labels\train\T01_east_level_low__frame_0029.txt,851FDCF5CED06FF8BF7178648C0E69CFBC8DD832C1E39FBCC703B6115BB249B6,0A54F25BC5F08C0980E2AFAC08A2136FCFBD8344461688FC009CAC7224EFF667,051D9B96C169E0AB3B055073B57DEC6B1D7DB5D377E7A068666BC395E146F1FE,42663697939A4B07,1,1,False,train
T01_east_level_low,4101,39,3.8,"[-21.444444444444443, -4, 52]",C:\Users\lab\Counterfactual-XAI-Verifier\experiments\yolov8_search_comparison\diverse_training_scenario_split\data\diverse_training_scenario_split_v2\dataset\images\train\T01_east_level_low__frame_0039.png,C:\Users\lab\Counterfactual-XAI-Verifier\experiments\yolov8_search_comparison\diverse_training_scenario_split\data\diverse_training_scenario_split_v2\dataset\labels\train\T01_east_level_low__frame_0039.txt,F749958EA8EE550BE1D2B4DA74C39BCDAB8AD1AD30F6359A6EAE98E62B3B8D61,F578705476734E685949FD47D60F3BFB56B008A8B71A81FB553AE5530A733BDB,54EA18A40E7B150F65594F02AB191642C8DCD786743E0A09A570F1FE52D6649B,C75346663633131A,1,1,False,train
T01_east_level_low,4101,48,4.7,"[-18.944444444444443, -4, 52]",C:\Users\lab\Counterfactual-XAI-Verifier\experiments\yolov8_search_comparison\diverse_training_scenario_split\data\diverse_training_scenario_split_v2\dataset\images\train\T01_east_level_low__frame_0048.png,C:\Users\lab\Counterfactual-XAI-Verifier\experiments\yolov8_search_comparison\diverse_training_scenario_split\data\diverse_training_scenario_split_v2\dataset\labels\train\T01_east_level_low__frame_0048.txt,1365D6ECD8FEC9349717977B1DC8CFAC57802AC5ED164F119DA7C52E7121B9F8,92D7A20F455065DDA863DCFFC03FAD9C8DEAC83A761A363CFFF77165D4C702FE,F0E145C48578D20833615DC036873FD6E80C1909F1624E173E454A03F3CA9619,96CED2C7C7E73733,1,1,False,train
T01_east_level_low,4101,58,5.7,"[-16.166666666666668, -4, 52]",C:\Users\lab\Counterfactual-XAI-Verifier\experiments\yolov8_search_comparison\diverse_training_scenario_split\data\diverse_training_scenario_split_v2\dataset\images\train\T01_east_level_low__frame_0058.png,C:\Users\lab\Counterfactual-XAI-Verifier\experiments\yolov8_search_comparison\diverse_training_scenario_split\data\diverse_training_scenario_split_v2\dataset\labels\train\T01_east_level_low__frame_0058.txt,969A92F1ECE37F8EBCECCCC70E299ACB81DF490A19E6696A53D64202329DE3F6,3F193DD1698F21027864A9F872E3B891EA47FF3D046FA2A100E92DD072DA4868,B4350A81A354135CCD30BAF3A1F982C5D861846647944B004F15780BEFC47886,B6928E86D3D6C7E7,1,1,False,train
T01_east_level_low,4101,67,6.6,"[-13.666666666666668, -4, 52]",C:\Users\lab\Counterfactual-XAI-Verifier\experiments\yolov8_search_comparison\diverse_training_scenario_split\data\diverse_training_scenario_split_v2\dataset\images\train\T01_east_level_low__frame_0067.png,C:\Users\lab\Counterfactual-XAI-Verifier\experiments\yolov8_search_comparison\diverse_training_scenario_split\data\diverse_training_scenario_split_v2\dataset\labels\train\T01_east_level_low__frame_0067.txt,EC5A69B62AA1FE051CD8F228702E55050082162437BA328B0877C292C82D6090,4EE26EDED4999B49AA5E40C993F7EA92710D72C73C4088E808205D150ACCB3C7,B8F6E08A18C676BAD76DEFA3B8EB1CF18C0E73D5D21D81ED0DE78CD2E6B9D26D,3636B2868E93D3D7,0,1,False,train
T01_east_level_low,4101,77,7.6,"[-10.88888888888889, -4, 52]",C:\Users\lab\Counterfactual-XAI-Verifier\experiments\yolov8_search_comparison\diverse_training_scenario_split\data\diverse_training_scenario_split_v2\dataset\images\train\T01_east_level_low__frame_0077.png,C:\Users\lab\Counterfactual-XAI-Verifier\experiments\yolov8_search_comparison\diverse_training_scenario_split\data\diverse_training_scenario_split_v2\dataset\labels\train\T01_east_level_low__frame_0077.txt,044554AC5DAA996A3E43FC9C1E4786A2A046C2134C8C6410EC43CF4192B42B2B,E44012615955F612427226CB7B323F825EAEEF56668A2E49B47677CCAEE45D24,52A29BB396ED24C22B03D8666D26C5014EBEA9E38D9870FB4488967989A5F65C,92363617330FCF13,0,1,False,train
T01_east_level_low,4101,86,8.5,"[-8.38888888888889, -4, 52]",C:\Users\lab\Counterfactual-XAI-Verifier\experiments\yolov8_search_comparison\diverse_training_scenario_split\data\diverse_training_scenario_split_v2\dataset\images\train\T01_east_level_low__frame_0086.png,C:\Users\lab\Counterfactual-XAI-Verifier\experiments\yolov8_search_comparison\diverse_training_scenario_split\data\diverse_training_scenario_split_v2\dataset\labels\train\T01_east_level_low__frame_0086.txt,BDE6859B4ACA2B5E225717F79E649FF3DE7F394A223E5AE1F50690C64BD3B1E3,E3B0C44298FC1C149AFBF4C8996FB92427AE41E4649B934CA495991B7852B855,E240C3A12D04113BC0AC1F8C73765E8E1EC272A7D6CC906FD32023557E4E7210,C62BB3373653330F,0,0,True,train
T01_east_level_low,4101,96,9.5,"[-5.611111111111111, -4, 52]",C:\Users\lab\Counterfactual-XAI-Verifier\experiments\yolov8_search_comparison\diverse_training_scenario_split\data\diverse_training_scenario_split_v2\dataset\images\train\T01_east_level_low__frame_0096.png,C:\Users\lab\Counterfactual-XAI-Verifier\experiments\yolov8_search_comparison\diverse_training_scenario_split\data\diverse_training_scenario_split_v2\dataset\labels\train\T01_east_level_low__frame_0096.txt,5CF067028FD2B9C7774B67B87474B9CF331449C525EA0619AFEF6191937A7F40,928175946F77D063FAD0B19AF4C61071D58953A7DF1B61DB7A4C17AF7BAE1D40,A082215F887FBD4CD7A1C952186FF03C583EE8D42CEE9FDED4AE89699FD4AC81,CAC61E4733373653,1,0,False,train
T01_east_level_low,4101,105,10.4,"[-3.1111111111111143, -4, 52]",C:\Users\lab\Counterfactual-XAI-Verifier\experiments\yolov8_search_comparison\diverse_training_scenario_split\data\diverse_training_scenario_split_v2\dataset\images\train\T01_east_level_low__frame_0105.png,C:\Users\lab\Counterfactual-XAI-Verifier\experiments\yolov8_search_comparison\diverse_training_scenario_split\data\diverse_training_scenario_split_v2\dataset\labels\train\T01_east_level_low__frame_0105.txt,0A8731577940105FBA524B3F61768D1A9797826637CA4E9A83E6D5DABED70116,74C557BF49A600C613DF40FA024907B6AB9B6FC151741D777B80EB5332E7F6D7,9CA1ABE5405CA14EBF85A0AA3F05CC7D0C04E5BA575E2660B092BB62F727DFB6,DADAC28E668713B7,1,1,False,train
T01_east_level_low,4101,115,11.4,"[-0.3333333333333357, -4, 52]",C:\Users\lab\Counterfactual-XAI-Verifier\experiments\yolov8_search_comparison\diverse_training_scenario_split\data\diverse_training_scenario_split_v2\dataset\images\train\T01_east_level_low__frame_0115.png,C:\Users\lab\Counterfactual-XAI-Verifier\experiments\yolov8_search_comparison\diverse_training_scenario_split\data\diverse_training_scenario_split_v2\dataset\labels\train\T01_east_level_low__frame_0115.txt,2F22BDC6777553B88D457E84154538B502D7A3DF08AFC6A639CBD9A588F91361,4CE53A886046FF3254D4ED23D1EBCD4C75FF2F3A4166208FA5ACFD191B14D17D,33FF778C12932F6555F60D17D7613AB70EF5FF3745DEC91932A7ACA34DEB0F42,B2989ACA869B6787,1,1,False,train
T01_east_level_low,4101,124,12.3,"[2.1666666666666643, -4, 52]",C:\Users\lab\Counterfactual-XAI-Verifier\experiments\yolov8_search_comparison\diverse_training_scenario_split\data\diverse_training_scenario_split_v2\dataset\images\train\T01_east_level_low__frame_0124.png,C:\Users\lab\Counterfactual-XAI-Verifier\experiments\yolov8_search_comparison\diverse_training_scenario_split\data\diverse_training_scenario_split_v2\dataset\labels\train\T01_east_level_low__frame_0124.txt,4CF231CED3003E2443FC9AB696EA08735EFD98E9BCADD2661FE1F3862146E0D0,5A3000676AEA4D6FA1E25CB7F45068466C744D7A2EBAEBF1E5AEB8C04650F573,6B46884656F5EAF62E17FD5876460F77AEEBE0A33BA2FAA740FB04A93F681D48,26B298899BCB8F93,1,1,False,train
T01_east_level_low,4101,134,13.3,"[4.944444444444443, -4, 52]",C:\Users\lab\Counterfactual-XAI-Verifier\experiments\yolov8_search_comparison\diverse_training_scenario_split\data\diverse_training_scenario_split_v2\dataset\images\train\T01_east_level_low__frame_0134.png,C:\Users\lab\Counterfactual-XAI-Verifier\experiments\yolov8_search_comparison\diverse_training_scenario_split\data\diverse_training_scenario_split_v2\dataset\labels\train\T01_east_level_low__frame_0134.txt,30CA7701266B4E59C15060DB8AAAC0856CF0AF1A2589FC81278540E0114A7D31,B863080DD8CE517C091097BB313DB809D044C5418D7AE14AEC580B77A3281994,2464A2D4A1294D9191A2CAC78C478C512373A82FF6B7D0E6339C48D7632244A8,6EA6363239A9998B,1,1,False,train
T01_east_level_low,4101,143,14.2,"[7.444444444444443, -4, 52]",C:\Users\lab\Counterfactual-XAI-Verifier\experiments\yolov8_search_comparison\diverse_training_scenario_split\data\diverse_training_scenario_split_v2\dataset\images\train\T01_east_level_low__frame_0143.png,C:\Users\lab\Counterfactual-XAI-Verifier\experiments\yolov8_search_comparison\diverse_training_scenario_split\data\diverse_training_scenario_split_v2\dataset\labels\train\T01_east_level_low__frame_0143.txt,E467A1C383BCB4A75810668D60C3CA8B3A899D29A788E446C7466A43BF091FD4,C2DE55A23D09AEE193C14BB82746A32D4D12DC4754D0535290A8131494BD81FB,4618790EC7C37DE73690B679E73B0CFAD787E8491DD1D4CB4BB4EAC93349DEE4,66662AA633333DA9,0,1,False,train
T01_east_level_low,4101,153,15.2,"[10.222222222222221, -4, 52]",C:\Users\lab\Counterfactual-XAI-Verifier\experiments\yolov8_search_comparison\diverse_training_scenario_split\data\diverse_training_scenario_split_v2\dataset\images\train\T01_east_level_low__frame_0153.png,C:\Users\lab\Counterfactual-XAI-Verifier\experiments\yolov8_search_comparison\diverse_training_scenario_split\data\diverse_training_scenario_split_v2\dataset\labels\train\T01_east_level_low__frame_0153.txt,D838DA318F4A9412F6D5836468BCA752C6371E9380F4C3CD76D0EC493A353A73,010F03D460B4ECC43142CF3EBD0947C812DC5F281F633B20D5FFBEFBF222F2C9,4F06921BD6B848413C2B6E10E5191F0D94ACFFDAA7EC4817761BF2BDFD7BC603,4E66E6EF5BA73313,0,1,False,train
T01_east_level_low,4101,162,16.1,"[12.722222222222221, -4, 52]",C:\Users\lab\Counterfactual-XAI-Verifier\experiments\yolov8_search_comparison\diverse_training_scenario_split\data\diverse_training_scenario_split_v2\dataset\images\train\T01_east_level_low__frame_0162.png,C:\Users\lab\Counterfactual-XAI-Verifier\experiments\yolov8_search_comparison\diverse_training_scenario_split\data\diverse_training_scenario_split_v2\dataset\labels\train\T01_east_level_low__frame_0162.txt,46110791719B6A44E0EF6ADD7E6707583ED9C48107E4EE4A803A7426816AD4FD,0825269BC335CE2163D1D57077306811F9098AF9A2A3B9D0B06C06BEB364DA24,7C4A869304ECAA292E48CC2CCA9A438EAD1850FAB34CFC5D6C24B72240CAC9C5,B74F46E6C72B5B27,1,0,False,train
T01_east_level_low,4101,172,17.1,"[15.5, -4, 52]",C:\Users\lab\Counterfactual-XAI-Verifier\experiments\yolov8_search_comparison\diverse_training_scenario_split\data\diverse_training_scenario_split_v2\dataset\images\train\T01_east_level_low__frame_0172.png,C:\Users\lab\Counterfactual-XAI-Verifier\experiments\yolov8_search_comparison\diverse_training_scenario_split\data\diverse_training_scenario_split_v2\dataset\labels\train\T01_east_level_low__frame_0172.txt,2429CF33517169947D66BB747D1FF99B790179E9BBCDE2BE03029C9C061C97EE,A5C3704BCFEE7E2CDC0A1711C6A422926AC2D66F71FB0F787E6EC325B4BD9B89,5037819A2D446CAA06CF7DCC27A85717EE74829E807D08CE20E32B800591BD30,8CB677CE47E7CB6B,1,1,False,train
T01_east_level_low,4101,181,18.0,"[18, -4, 52]",C:\Users\lab\Counterfactual-XAI-Verifier\experiments\yolov8_search_comparison\diverse_training_scenario_split\data\diverse_training_scenario_split_v2\dataset\images\train\T01_east_level_low__frame_0181.png,C:\Users\lab\Counterfactual-XAI-Verifier\experiments\yolov8_search_comparison\diverse_training_scenario_split\data\diverse_training_scenario_split_v2\dataset\labels\train\T01_east_level_low__frame_0181.txt,26BCD55B19725FEC2A0AF4581373E5BF36797478F2A74BCBA8C0B0EB55E53AA6,A51A422F9B2960995BD12C610D789537E6ADF88CA04081FC620A5460225940FF,420339328AA4D215F3189147E363443A4434DF55ACEE92CFCC147CDA207AB17A,A6AC9676C7DFC7E7,1,1,False,train
T02_east_level_high,4102,1,0.0,"[-28, 6, 60]",C:\Users\lab\Counterfactual-XAI-Verifier\experiments\yolov8_search_comparison\diverse_training_scenario_split\data\diverse_training_scenario_split_v2\dataset\images\train\T02_east_level_high__frame_0001.png,C:\Users\lab\Counterfactual-XAI-Verifier\experiments\yolov8_search_comparison\diverse_training_scenario_split\data\diverse_training_scenario_split_v2\dataset\labels\train\T02_east_level_high__frame_0001.txt,C6F15E9B9C56274FF5841AD9C6E63D3F73173DDD5DB493AAC8EC173D2EF1D9F7,1CD4DBF810F575CBA2C6E101D78BD09A7AF8A731C6177372B51DF8DEC6E8FF73,55826427A2197C123BDD0CCC3FB12E10D36AFD88B6A01EC5CD91B78ED0C5E028,297D2DA3B1906060,1,0,False,train
T02_east_level_high,4102,10,0.9,"[-25.6, 6, 60]",C:\Users\lab\Counterfactual-XAI-Verifier\experiments\yolov8_search_comparison\diverse_training_scenario_split\data\diverse_training_scenario_split_v2\dataset\images\train\T02_east_level_high__frame_0010.png,C:\Users\lab\Counterfactual-XAI-Verifier\experiments\yolov8_search_comparison\diverse_training_scenario_split\data\diverse_training_scenario_split_v2\dataset\labels\train\T02_east_level_high__frame_0010.txt,7044FBC53E89FE6510794DDF65FB64AE362379EAB0D3B3C05AA45D36A9A732A2,D330F5FF39EDD3DE151A63ECE7C4AE8103EDD223130D42A2C5F1D93D7A2DF798,4810FCA3275988536AD48096335630697C3BB75F8488EF0E38D8EA70FE17C9E3,52297C24A1B1B070,1,1,False,train
T02_east_level_high,4102,20,1.9,"[-22.933333333333334, 6, 60]",C:\Users\lab\Counterfactual-XAI-Verifier\experiments\yolov8_search_comparison\diverse_training_scenario_split\data\diverse_training_scenario_split_v2\dataset\images\train\T02_east_level_high__frame_0020.png,C:\Users\lab\Counterfactual-XAI-Verifier\experiments\yolov8_search_comparison\diverse_training_scenario_split\data\diverse_training_scenario_split_v2\dataset\labels\train\T02_east_level_high__frame_0020.txt,A009E03F9345252BC27579213E671EDA2EB736ABD24D8641B465D9DB43A8D589,4541F7FD860AF7FF880B724253C70EC072E8276EAA224855D470F08800D7A4BD,3EF5E5180F6E84DD5E7EBB3D94CA52E6CFBDB1D9F7CAC1FB4973342AA13BEB38,B272695C2C24A1B0,1,1,False,train
T02_east_level_high,4102,29,2.8,"[-20.53333333333333, 6, 60]",C:\Users\lab\Counterfactual-XAI-Verifier\experiments\yolov8_search_comparison\diverse_training_scenario_split\data\diverse_training_scenario_split_v2\dataset\images\train\T02_east_level_high__frame_0029.png,C:\Users\lab\Counterfactual-XAI-Verifier\experiments\yolov8_search_comparison\diverse_training_scenario_split\data\diverse_training_scenario_split_v2\dataset\labels\train\T02_east_level_high__frame_0029.txt,3C8871FC0FB613C10BF199A96FA1DCD4B4609C9A25EAF8405122353EF516ED97,87F254C03974DAC92A88753A312A509E1F92FD398975C39DFBC3A26CD5ECB2E1,3D89FA15C3E0967EDC5189CC878D38DB50AB65060F4F2819C392577DB82CCF36,A9B27A6A4D2C24A1,1,1,False,train
T02_east_level_high,4102,39,3.8,"[-17.866666666666667, 6, 60]",C:\Users\lab\Counterfactual-XAI-Verifier\experiments\yolov8_search_comparison\diverse_training_scenario_split\data\diverse_training_scenario_split_v2\dataset\images\train\T02_east_level_high__frame_0039.png,C:\Users\lab\Counterfactual-XAI-Verifier\experiments\yolov8_search_comparison\diverse_training_scenario_split\data\diverse_training_scenario_split_v2\dataset\labels\train\T02_east_level_high__frame_0039.txt,E561CD1CC8F864CF36E3BA8A002E3C88EBB82B31597DBE6F41EA5EAC478D1405,F3D1C859252EE49AAEB328DF25F48AC792C2F4AD8BF5A2CC753114C9EAEADFE0,3AE360251FD2DB1D506789C3EF7F95D4FDB5926E58CB589D1D8FB0A934432097,69A9B2FA686DEC24,1,1,False,train
T02_east_level_high,4102,48,4.7,"[-15.466666666666665, 6, 60]",C:\Users\lab\Counterfactual-XAI-Verifier\experiments\yolov8_search_comparison\diverse_training_scenario_split\data\diverse_training_scenario_split_v2\dataset\images\train\T02_east_level_high__frame_0048.png,C:\Users\lab\Counterfactual-XAI-Verifier\experiments\yolov8_search_comparison\diverse_training_scenario_split\data\diverse_training_scenario_split_v2\dataset\labels\train\T02_east_level_high__frame_0048.txt,99A89CD6E13424910BBD786CD8897D5E7B81FA4A3734AAD0C07EE71C8996560E,23E43F429548978F949DBBBE8BE6287B86302BC1435ACF7248F4B24142A7B66B,35CC2C9C3C258330706D70A4F77ACEADB51EDC83CFC003A0FD5431539B185A8B,2969A9B0F26969CD,1,1,False,train
T02_east_level_high,4102,58,5.7,"[-12.8, 6, 60]",C:\Users\lab\Counterfactual-XAI-Verifier\experiments\yolov8_search_comparison\diverse_training_scenario_split\data\diverse_training_scenario_split_v2\dataset\images\train\T02_east_level_high__frame_0058.png,C:\Users\lab\Counterfactual-XAI-Verifier\experiments\yolov8_search_comparison\diverse_training_scenario_split\data\diverse_training_scenario_split_v2\dataset\labels\train\T02_east_level_high__frame_0058.txt,192D8D0A42103E008BE4082C2BF2F2C3F57CDE08AF14D7DE091F0C9F3F4602BB,F44EC45B644E3A337A9C61F687171A9C91EE736B5F58F643980CE00FE190A669,62511396D90C18E932DDE1027D9BA0FB8AB0DFBACDF05F72E9AB3F38B660EC37,5A29E92D31B26AE9,1,1,False,train
T02_east_level_high,4102,67,6.6,"[-10.400000000000002, 6, 60]",C:\Users\lab\Counterfactual-XAI-Verifier\experiments\yolov8_search_comparison\diverse_training_scenario_split\data\diverse_training_scenario_split_v2\dataset\images\train\T02_east_level_high__frame_0067.png,C:\Users\lab\Counterfactual-XAI-Verifier\experiments\yolov8_search_comparison\diverse_training_scenario_split\data\diverse_training_scenario_split_v2\dataset\labels\train\T02_east_level_high__frame_0067.txt,05457E51EA06F5F24F2218343C9826DAE474B2E3608621B33C535FA20BCFC571,46F574097CAA992158FFFEE7E3010B0F60DA27269DDC2876C6BA4EF7B8120412,5A71858B7E601AE135DADD259B753A8DD08AA2A1AADD16E35C1234065D113397,DA5829ED2D29B16A,1,1,False,train
T02_east_level_high,4102,77,7.6,"[-7.733333333333334, 6, 60]",C:\Users\lab\Counterfactual-XAI-Verifier\experiments\yolov8_search_comparison\diverse_training_scenario_split\data\diverse_training_scenario_split_v2\dataset\images\train\T02_east_level_high__frame_0077.png,C:\Users\lab\Counterfactual-XAI-Verifier\experiments\yolov8_search_comparison\diverse_training_scenario_split\data\diverse_training_scenario_split_v2\dataset\labels\train\T02_east_level_high__frame_0077.txt,DE1411D708C33450290FF6EB99124AFE10E585C27F9C0F5C258AB54A61CFE6B8,14F777449A96374543D6D473C70878663D111EE9A17770040F103920A2027922,EAD7FD2BA7FDFC69DD3E5627FEF105370437BEFE90C966185CF92A96978BFF53,84DA5929E86C6911,1,1,False,train
T02_east_level_high,4102,86,8.5,"[-5.333333333333336, 6, 60]",C:\Users\lab\Counterfactual-XAI-Verifier\experiments\yolov8_search_comparison\diverse_training_scenario_split\data\diverse_training_scenario_split_v2\dataset\images\train\T02_east_level_high__frame_0086.png,C:\Users\lab\Counterfactual-XAI-Verifier\experiments\yolov8_search_comparison\diverse_training_scenario_split\data\diverse_training_scenario_split_v2\dataset\labels\train\T02_east_level_high__frame_0086.txt,32BD4730F99FE66F56DBB770B3FDB8C0F00D2CF1D7C6C79CFA35A51F95CB18FB,0B901A95CDA585DD15DE6C54FF2F2B202630C12AC3D79A870E805282F1D59016,565B3F77452E7356BB2A1F076ABFBF7EEED19310546F0A00FBBC8F481E75F37F,A986DA5929E96C6C,1,1,False,train
T02_east_level_high,4102,96,9.5,"[-2.6666666666666643, 6, 60]",C:\Users\lab\Counterfactual-XAI-Verifier\experiments\yolov8_search_comparison\diverse_training_scenario_split\data\diverse_training_scenario_split_v2\dataset\images\train\T02_east_level_high__frame_0096.png,C:\Users\lab\Counterfactual-XAI-Verifier\experiments\yolov8_search_comparison\diverse_training_scenario_split\data\diverse_training_scenario_split_v2\dataset\labels\train\T02_east_level_high__frame_0096.txt,8E3C82BD1B3E7A6C692D1692FD40952E5FCC7AAE2F0426444DDE27FF05FDD9EF,10DB5C32BA56A9EFCF18A0F4DE4A69F6A8DF847D1F5AB0FF5AD40CE6ABF3C259,1C8CDBFFFF821E1A993CA170C5C3997C40AA5C004DC91DAFAE40ACA3365C5776,A9A9A6D25969E968,1,1,False,train
T02_east_level_high,4102,105,10.4,"[-0.26666666666666927, 6, 60]",C:\Users\lab\Counterfactual-XAI-Verifier\experiments\yolov8_search_comparison\diverse_training_scenario_split\data\diverse_training_scenario_split_v2\dataset\images\train\T02_east_level_high__frame_0105.png,C:\Users\lab\Counterfactual-XAI-Verifier\experiments\yolov8_search_comparison\diverse_training_scenario_split\data\diverse_training_scenario_split_v2\dataset\labels\train\T02_east_level_high__frame_0105.txt,B92549988021B81D8D52E1C4103AE06DA3F3EE8180AC039FD91A660A00215074,6D3AC38C257166CB50F41A425F02C3C2B742CC288FA852EDD019F60225F48F26,3ACAD756BBCD4C662C4542CDE3474B4F10EC77495AD607D0311B6F3722471451,A929A5A2D2DA79E9,1,1,False,train
T02_east_level_high,4102,115,11.4,"[2.3999999999999986, 6, 60]",C:\Users\lab\Counterfactual-XAI-Verifier\experiments\yolov8_search_comparison\diverse_training_scenario_split\data\diverse_training_scenario_split_v2\dataset\images\train\T02_east_level_high__frame_0115.png,C:\Users\lab\Counterfactual-XAI-Verifier\experiments\yolov8_search_comparison\diverse_training_scenario_split\data\diverse_training_scenario_split_v2\dataset\labels\train\T02_east_level_high__frame_0115.txt,5806E8F1C0B85FA325DF751BF0D895602B6913914439ECF6A23FE29E6B4F5F09,206D059A14C8E123F04A332124E61F6C8A4EACC667BC8ECF6AB9262305CF944E,8479831CC5D188E81E581355ACA71B5C1FE47BEFCC90E52DEF54927FB3B52714,182929ADA2A09258,1,1,False,train
T02_east_level_high,4102,124,12.3,"[4.799999999999997, 6, 60]",C:\Users\lab\Counterfactual-XAI-Verifier\experiments\yolov8_search_comparison\diverse_training_scenario_split\data\diverse_training_scenario_split_v2\dataset\images\train\T02_east_level_high__frame_0124.png,C:\Users\lab\Counterfactual-XAI-Verifier\experiments\yolov8_search_comparison\diverse_training_scenario_split\data\diverse_training_scenario_split_v2\dataset\labels\train\T02_east_level_high__frame_0124.txt,614D7BE9DC36F1DAFFA3E080CD370C255BA22D0DE0438DA8A37B39BB04ACCBA5,60939038A3EC1346E6BDCAD1F25975F5F7D53820C5E42CE7B0FE442688C53AAD,5CFD45A570175020AB9AE14F84FD8E27CAE6AB6006E99D7F3C3C292E64FF4A2F,52382929ADA2AC92,1,1,False,train
T02_east_level_high,4102,134,13.3,"[7.466666666666669, 6, 60]",C:\Users\lab\Counterfactual-XAI-Verifier\experiments\yolov8_search_comparison\diverse_training_scenario_split\data\diverse_training_scenario_split_v2\dataset\images\train\T02_east_level_high__frame_0134.png,C:\Users\lab\Counterfactual-XAI-Verifier\experiments\yolov8_search_comparison\diverse_training_scenario_split\data\diverse_training_scenario_split_v2\dataset\labels\train\T02_east_level_high__frame_0134.txt,C65805CA181B03896E71142B5695E15DEB036B8B3CF0D460434E66E18B81B393,3C827E68D6A2BACBC45461CEAE9F67A74AFCAF209247C05492D795A4AB9DB4A3,E708F650DC724F2F6B3D519B6EB4CA59B54BD2B172BA0724D30BCE2C44274935,52523A2929A9A0AA,1,1,False,train
T02_east_level_high,4102,143,14.2,"[9.866666666666667, 6, 60]",C:\Users\lab\Counterfactual-XAI-Verifier\experiments\yolov8_search_comparison\diverse_training_scenario_split\data\diverse_training_scenario_split_v2\dataset\images\train\T02_east_level_high__frame_0143.png,C:\Users\lab\Counterfactual-XAI-Verifier\experiments\yolov8_search_comparison\diverse_training_scenario_split\data\diverse_training_scenario_split_v2\dataset\labels\train\T02_east_level_high__frame_0143.txt,915018E95F207C8B6EF5952D2E48F5E5FA8D299BB73624DBB1C50957A267EC88,4E39217EE03CF73B792660E316822CDAA670CE5438D1878E886AA36E699B993D,3C1575E9F8D06777BB846193EBC89B7F3B7ECB2333DB7D4F0C9DDEE534D4DF77,B052D23A292DA92C,2,1,False,train
T02_east_level_high,4102,153,15.2,"[12.533333333333331, 6, 60]",C:\Users\lab\Counterfactual-XAI-Verifier\experiments\yolov8_search_comparison\diverse_training_scenario_split\data\diverse_training_scenario_split_v2\dataset\images\train\T02_east_level_high__frame_0153.png,C:\Users\lab\Counterfactual-XAI-Verifier\experiments\yolov8_search_comparison\diverse_training_scenario_split\data\diverse_training_scenario_split_v2\dataset\labels\train\T02_east_level_high__frame_0153.txt,E2D58843DC3FF1950EE8A27A77F46F9E55B97AFE976DEF85ACC694E3D0E183E6,5DF356191024F9519F672AA0C6EE6D1D770E489007E1767B661860EC9688E26D,58BF8C3F38F1E4E29B109E8B94C4E84F5EF95F4282430B5EF7F284CAF5ADCC4D,A9B0D0D278296DAD,1,2,False,train
T02_east_level_high,4102,162,16.1,"[14.933333333333337, 6, 60]",C:\Users\lab\Counterfactual-XAI-Verifier\experiments\yolov8_search_comparison\diverse_training_scenario_split\data\diverse_training_scenario_split_v2\dataset\images\train\T02_east_level_high__frame_0162.png,C:\Users\lab\Counterfactual-XAI-Verifier\experiments\yolov8_search_comparison\diverse_training_scenario_split\data\diverse_training_scenario_split_v2\dataset\labels\train\T02_east_level_high__frame_0162.txt,13B56183CB7FB741E0E4D0B0446A7BE6D29DA2A22465BBD74FC5A132BB9D77CD,337DEF334A89F83A76186D413AB38A26DE3FD0B3F96B2C3B5F753DEE053E881F,C403FEC20ED4AAB13BD4B36B47F5D79E5608F5E46E0B7BB762779F881D53FD6C,E9A9B0C0B2723969,1,1,False,train
T02_east_level_high,4102,172,17.1,"[17.599999999999994, 6, 60]",C:\Users\lab\Counterfactual-XAI-Verifier\experiments\yolov8_search_comparison\diverse_training_scenario_split\data\diverse_training_scenario_split_v2\dataset\images\train\T02_east_level_high__frame_0172.png,C:\Users\lab\Counterfactual-XAI-Verifier\experiments\yolov8_search_comparison\diverse_training_scenario_split\data\diverse_training_scenario_split_v2\dataset\labels\train\T02_east_level_high__frame_0172.txt,11A52E96C18947113089339BE465E404D5868A3278CA23BDA337A4592FDF3412,01F4DE3F4C97F689279C72FE3CB490D70C9C3F51EA541D40DE91D77A2B7896AA,E981C318A084882F2758A32227DE2C7ECBDE6CD6F42C025A160BDF8645A717E0,31E9A9B0C0B27239,1,1,False,train
T02_east_level_high,4102,181,18.0,"[20, 6, 60]",C:\Users\lab\Counterfactual-XAI-Verifier\experiments\yolov8_search_comparison\diverse_training_scenario_split\data\diverse_training_scenario_split_v2\dataset\images\train\T02_east_level_high__frame_0181.png,C:\Users\lab\Counterfactual-XAI-Verifier\experiments\yolov8_search_comparison\diverse_training_scenario_split\data\diverse_training_scenario_split_v2\dataset\labels\train\T02_east_level_high__frame_0181.txt,3AF71D4FF4D773F6AB6DC0247376E7054CE90E07A8B75EACDDAA385E49613E0C,77F94A3F94F91F828FF31BD7034A686D05006FA510D5187526F68FA76B467468,9BCE8D4578A9B39EC711A8B4C5FABE0A44AFB1488C6A002CFFE67302CF2652F9,3079A9A97080B272,1,1,False,train
T03_east_ascending,4103,1,0.0,"[-35, -8, 46]",C:\Users\lab\Counterfactual-XAI-Verifier\experiments\yolov8_search_comparison\diverse_training_scenario_split\data\diverse_training_scenario_split_v2\dataset\images\train\T03_east_ascending__frame_0001.png,C:\Users\lab\Counterfactual-XAI-Verifier\experiments\yolov8_search_comparison\diverse_training_scenario_split\data\diverse_training_scenario_split_v2\dataset\labels\train\T03_east_ascending__frame_0001.txt,9D5CBD2C2B62AB2E3358CBE0F50BFA1982EEF0CCA5A4B445EDDA44783D8426E9,E3B0C44298FC1C149AFBF4C8996FB92427AE41E4649B934CA495991B7852B855,CA86FF126497804AE27F0AD84AFF3ED9EB6E703C296B2A55AC0A658DC0684F83,0101010000000000,0,0,True,train
T03_east_ascending,4103,10,0.9,"[-32.5, -8, 46.8]",C:\Users\lab\Counterfactual-XAI-Verifier\experiments\yolov8_search_comparison\diverse_training_scenario_split\data\diverse_training_scenario_split_v2\dataset\images\train\T03_east_ascending__frame_0010.png,C:\Users\lab\Counterfactual-XAI-Verifier\experiments\yolov8_search_comparison\diverse_training_scenario_split\data\diverse_training_scenario_split_v2\dataset\labels\train\T03_east_ascending__frame_0010.txt,F3AFBC62BF76FD620581F4B4C33F4E9EFF16CF16826104E723EC9636165CF37D,E3B0C44298FC1C149AFBF4C8996FB92427AE41E4649B934CA495991B7852B855,1FC4DBFDA32111FB48B14800CD74FAA52BD93DDA2BD7266BFC58E55238DF5DD4,0101010100000000,0,0,True,train
T03_east_ascending,4103,20,1.9,"[-29.72222222222222, -8, 47.68888888888889]",C:\Users\lab\Counterfactual-XAI-Verifier\experiments\yolov8_search_comparison\diverse_training_scenario_split\data\diverse_training_scenario_split_v2\dataset\images\train\T03_east_ascending__frame_0020.png,C:\Users\lab\Counterfactual-XAI-Verifier\experiments\yolov8_search_comparison\diverse_training_scenario_split\data\diverse_training_scenario_split_v2\dataset\labels\train\T03_east_ascending__frame_0020.txt,0228D57AA2A670DE2749449C3D12E35AF488C2DDF83CC25CCEEFEDBC0DE5242A,E3B0C44298FC1C149AFBF4C8996FB92427AE41E4649B934CA495991B7852B855,D24C77A27C368C71E3166AB49AC8064A20BAD8913BEAE1A0C071F433CEDB370C,0603010101010000,0,0,True,train
T03_east_ascending,4103,29,2.8,"[-27.22222222222222, -8, 48.48888888888889]",C:\Users\lab\Counterfactual-XAI-Verifier\experiments\yolov8_search_comparison\diverse_training_scenario_split\data\diverse_training_scenario_split_v2\dataset\images\train\T03_east_ascending__frame_0029.png,C:\Users\lab\Counterfactual-XAI-Verifier\experiments\yolov8_search_comparison\diverse_training_scenario_split\data\diverse_training_scenario_split_v2\dataset\labels\train\T03_east_ascending__frame_0029.txt,C1B28C2491AB3ADA6080C5400E476403E27EB38D29ED86AF079320BF672729CB,E3B0C44298FC1C149AFBF4C8996FB92427AE41E4649B934CA495991B7852B855,C02D8CACE4C3A5CE42F4EDF9F6168AB4A8D99B6572B8C0E65791C536A69E5AE4,6C6C160101010000,0,0,True,train
T03_east_ascending,4103,39,3.8,"[-24.444444444444443, -8, 49.37777777777778]",C:\Users\lab\Counterfactual-XAI-Verifier\experiments\yolov8_search_comparison\diverse_training_scenario_split\data\diverse_training_scenario_split_v2\dataset\images\train\T03_east_ascending__frame_0039.png,C:\Users\lab\Counterfactual-XAI-Verifier\experiments\yolov8_search_comparison\diverse_training_scenario_split\data\diverse_training_scenario_split_v2\dataset\labels\train\T03_east_ascending__frame_0039.txt,919525B33CB2B5D5FB07E6F0AD839F4F8E72615658A35B415197DBC4871AC5DD,1FC84D7C32E60DB846F213D9F6927EE5593787B53E06A3BCA98A8D7B56734ED7,80B6BA13FB0FE35A243DF0DF8CE83C8FB27C4B32ABBCFE7640426690A48E8B3A,69CDCC4C46124101,1,0,False,train
T03_east_ascending,4103,48,4.7,"[-21.944444444444443, -8, 50.17777777777778]",C:\Users\lab\Counterfactual-XAI-Verifier\experiments\yolov8_search_comparison\diverse_training_scenario_split\data\diverse_training_scenario_split_v2\dataset\images\train\T03_east_ascending__frame_0048.png,C:\Users\lab\Counterfactual-XAI-Verifier\experiments\yolov8_search_comparison\diverse_training_scenario_split\data\diverse_training_scenario_split_v2\dataset\labels\train\T03_east_ascending__frame_0048.txt,A7CB0934318D60B9B44C716A665CDBB42B631E2649E1CFA8233F0D5335B51E5D,9381C11C48E34CA332A12BDC83DEF621FED9ECDBA5B5371020E70DE82EFC4D84,D51FCD05F4D93606B6DC03F8F9F980F159686818B7BD1FB9EBE6515588C54A75,B3B169CDCC444E32,1,1,False,train
T03_east_ascending,4103,58,5.7,"[-19.166666666666668, -8, 51.06666666666666]",C:\Users\lab\Counterfactual-XAI-Verifier\experiments\yolov8_search_comparison\diverse_training_scenario_split\data\diverse_training_scenario_split_v2\dataset\images\train\T03_east_ascending__frame_0058.png,C:\Users\lab\Counterfactual-XAI-Verifier\experiments\yolov8_search_comparison\diverse_training_scenario_split\data\diverse_training_scenario_split_v2\dataset\labels\train\T03_east_ascending__frame_0058.txt,4944174AB757B0609D3B7763C1F22CD4D3C02B5D60250385134433C974B0530A,0CC7089918BF59C1814979E482DCDD7EFC87197ACBCBE4CB74746471A7817FDB,9C1A48BF1F580A6C232556AF8CB84BCBFA5025F82214C32A06877EA2C3FF6398,333333B179ACC44C,1,1,False,train
T03_east_ascending,4103,67,6.6,"[-16.666666666666668, -8, 51.86666666666667]",C:\Users\lab\Counterfactual-XAI-Verifier\experiments\yolov8_search_comparison\diverse_training_scenario_split\data\diverse_training_scenario_split_v2\dataset\images\train\T03_east_ascending__frame_0067.png,C:\Users\lab\Counterfactual-XAI-Verifier\experiments\yolov8_search_comparison\diverse_training_scenario_split\data\diverse_training_scenario_split_v2\dataset\labels\train\T03_east_ascending__frame_0067.txt,F3DE652F0A2FECE4366D4EA75041CC42AD97DBEB39D51310C7BDE05998008135,DBBAE40B602EB95370ED2F7270053E1308BC26CBDD31F824E3A3FB14BA1932A0,FA1C176791867266F23B74D9FABC464EE061C8E804CA7BBE481BCD962D434C9F,6D6563333331796D,1,1,False,train
T03_east_ascending,4103,77,7.6,"[-13.88888888888889, -8, 52.75555555555555]",C:\Users\lab\Counterfactual-XAI-Verifier\experiments\yolov8_search_comparison\diverse_training_scenario_split\data\diverse_training_scenario_split_v2\dataset\images\train\T03_east_ascending__frame_0077.png,C:\Users\lab\Counterfactual-XAI-Verifier\experiments\yolov8_search_comparison\diverse_training_scenario_split\data\diverse_training_scenario_split_v2\dataset\labels\train\T03_east_ascending__frame_0077.txt,1FE59D0A3FD6968F7DC46B9CAD755E78717AE9DC3DCE69AA0EDD440BCA3E3C96,CECAB92373691E65CF8CDAD5DDF7C73B264CFA37CD435E3CF7520B5FF4EE8C4F,C024116E9AA7CE353901DF823D2CAB46B9D8F2AC138007978BF7AF01D27C2A48,CD496D6563233335,0,1,False,train
T03_east_ascending,4103,86,8.5,"[-11.38888888888889, -8, 53.55555555555556]",C:\Users\lab\Counterfactual-XAI-Verifier\experiments\yolov8_search_comparison\diverse_training_scenario_split\data\diverse_training_scenario_split_v2\dataset\images\train\T03_east_ascending__frame_0086.png,C:\Users\lab\Counterfactual-XAI-Verifier\experiments\yolov8_search_comparison\diverse_training_scenario_split\data\diverse_training_scenario_split_v2\dataset\labels\train\T03_east_ascending__frame_0086.txt,9F41FB5F583BF855D4EB9C765653ACD65D7AA63383DBCBF4EB1BDE7F23EA7374,E3B0C44298FC1C149AFBF4C8996FB92427AE41E4649B934CA495991B7852B855,0599480B89B5E892B76EC2B8C3D2A99A956D15098507C08F3FC07849470F5CD2,234DCDCD2D617363,0,0,True,train
T03_east_ascending,4103,96,9.5,"[-8.61111111111111, -8, 54.44444444444444]",C:\Users\lab\Counterfactual-XAI-Verifier\experiments\yolov8_search_comparison\diverse_training_scenario_split\data\diverse_training_scenario_split_v2\dataset\images\train\T03_east_ascending__frame_0096.png,C:\Users\lab\Counterfactual-XAI-Verifier\experiments\yolov8_search_comparison\diverse_training_scenario_split\data\diverse_training_scenario_split_v2\dataset\labels\train\T03_east_ascending__frame_0096.txt,83972F4CCB709F985076422CBBFE3D92795F4812A2D40D0B195945C98EFF416A,E92F0D70DC8659760FA65CFE18F2AFDDC6D5796DFAEBC52DA5CE38CDBEAB146C,272E7CA82B975B17D23E6FFB8D5C3B9C0EFD83629C043829A2ED11D7ED07C815,B1334B2DCDCD5D65,1,1,False,train
T03_east_ascending,4103,105,10.4,"[-6.111111111111114, -8, 55.24444444444444]",C:\Users\lab\Counterfactual-XAI-Verifier\experiments\yolov8_search_comparison\diverse_training_scenario_split\data\diverse_training_scenario_split_v2\dataset\images\train\T03_east_ascending__frame_0105.png,C:\Users\lab\Counterfactual-XAI-Verifier\experiments\yolov8_search_comparison\diverse_training_scenario_split\data\diverse_training_scenario_split_v2\dataset\labels\train\T03_east_ascending__frame_0105.txt,D51B7789F7FC609297024C3374FF9053EDB6EEED6AA405C2A5466BE247E7D1CD,734605F91ADA5E3FFF92F08C1A37A9D4B0B00503288047AD1F657FA816503561,127E25358C02315493317F089AD85BC7EBD2F0F0B09DEA0562C1512B32FFD517,2934330F132DCDCD,1,1,False,train
T03_east_ascending,4103,115,11.4,"[-3.3333333333333357, -8, 56.13333333333333]",C:\Users\lab\Counterfactual-XAI-Verifier\experiments\yolov8_search_comparison\diverse_training_scenario_split\data\diverse_training_scenario_split_v2\dataset\images\train\T03_east_ascending__frame_0115.png,C:\Users\lab\Counterfactual-XAI-Verifier\experiments\yolov8_search_comparison\diverse_training_scenario_split\data\diverse_training_scenario_split_v2\dataset\labels\train\T03_east_ascending__frame_0115.txt,78E87A353104F3557FC6BF9273E65BB2E00A7756E5C0786F9180B8FDFA671F80,A5035063BBDCDCCD734B2149EA8112BC295DEDE1EE11D1181F63BE05B7232A73,9BDE840D88E818CBCACA5E6D5F9B09419B7DB35B0BCE51310877C6092CEF5E91,69293430330F230D,1,1,False,train
T03_east_ascending,4103,124,12.3,"[-0.8333333333333357, -8, 56.93333333333334]",C:\Users\lab\Counterfactual-XAI-Verifier\experiments\yolov8_search_comparison\diverse_training_scenario_split\data\diverse_training_scenario_split_v2\dataset\images\train\T03_east_ascending__frame_0124.png,C:\Users\lab\Counterfactual-XAI-Verifier\experiments\yolov8_search_comparison\diverse_training_scenario_split\data\diverse_training_scenario_split_v2\dataset\labels\train\T03_east_ascending__frame_0124.txt,8E4237BED7554E52974F566A3DB324CF29BFC85EFC07024125090F44883EAAD0,89127610B50840A5204E19A9BE21F712D9CE36095BBCAFB7EC0389834E19F222,54C3D4FB9BC999F923DA50B4128D184BA18CD89D8955954E1DFFE922FA306326,1269692834332719,1,1,False,train
T03_east_ascending,4103,134,13.3,"[1.9444444444444429, -8, 57.82222222222222]",C:\Users\lab\Counterfactual-XAI-Verifier\experiments\yolov8_search_comparison\diverse_training_scenario_split\data\diverse_training_scenario_split_v2\dataset\images\train\T03_east_ascending__frame_0134.png,C:\Users\lab\Counterfactual-XAI-Verifier\experiments\yolov8_search_comparison\diverse_training_scenario_split\data\diverse_training_scenario_split_v2\dataset\labels\train\T03_east_ascending__frame_0134.txt,97278C169CF339C2BE359CCB85BB49A67F174604AA606C8EF6B2AFA9FB85163D,EED5A290A3A32646FE03CC930F45698D00CFEF86818F00F5A14DDDF45E6E7FB6,185B7513FC55C50EC58272D45C9F8D9E3FCF568008881580ECD8DB0621C4BDB3,32321B69692C3433,1,1,False,train
T03_east_ascending,4103,143,14.2,"[4.444444444444443, -8, 58.62222222222222]",C:\Users\lab\Counterfactual-XAI-Verifier\experiments\yolov8_search_comparison\diverse_training_scenario_split\data\diverse_training_scenario_split_v2\dataset\images\train\T03_east_ascending__frame_0143.png,C:\Users\lab\Counterfactual-XAI-Verifier\experiments\yolov8_search_comparison\diverse_training_scenario_split\data\diverse_training_scenario_split_v2\dataset\labels\train\T03_east_ascending__frame_0143.txt,8D24273116CD2D06B604C4151219830A5467AEE4A49AF699170AD9C1F44656C1,744CC9BC4A77DB89E60624B805363A10908AFA582CE3B8C0CF491F60C547C6DE,060ECC79E92505C060A91C35D1789919BDEFB9D1B155A6E55E8EBEAA6072BA9B,3732331B696D2934,1,1,False,train
T03_east_ascending,4103,153,15.2,"[7.222222222222221, -8, 59.51111111111111]",C:\Users\lab\Counterfactual-XAI-Verifier\experiments\yolov8_search_comparison\diverse_training_scenario_split\data\diverse_training_scenario_split_v2\dataset\images\train\T03_east_ascending__frame_0153.png,C:\Users\lab\Counterfactual-XAI-Verifier\experiments\yolov8_search_comparison\diverse_training_scenario_split\data\diverse_training_scenario_split_v2\dataset\labels\train\T03_east_ascending__frame_0153.txt,EECBA1E2AC87083C28CA01255C7BB835A4C146376E81B79EE593FC3DED0FCC60,B65753F3B8C7E4B92E998A25489D5F4E069124C8CC4BF425938926675B94D1FC,199A1BCE192B8E98803734D7C1FED0992161E8B3D52AF3BF1F44E78B065CDB32,26333233131B696D,0,2,False,train
T03_east_ascending,4103,162,16.1,"[9.722222222222221, -8, 60.31111111111111]",C:\Users\lab\Counterfactual-XAI-Verifier\experiments\yolov8_search_comparison\diverse_training_scenario_split\data\diverse_training_scenario_split_v2\dataset\images\train\T03_east_ascending__frame_0162.png,C:\Users\lab\Counterfactual-XAI-Verifier\experiments\yolov8_search_comparison\diverse_training_scenario_split\data\diverse_training_scenario_split_v2\dataset\labels\train\T03_east_ascending__frame_0162.txt,F606982D0BB74E4C34B182825C94E3B4D7C958866F319A32F699FFCFACA9A58E,18DA515ED631826504B760677FB4A65EE30C059E6441D95A4C788BC4896F1ACA,B5CB5CBA7B1BF3A243B6BA9B5959BFC978C2B3568214B2F0203F123562271453,72261B3333331B69,1,1,False,train
T03_east_ascending,4103,172,17.1,"[12.5, -8, 61.2]",C:\Users\lab\Counterfactual-XAI-Verifier\experiments\yolov8_search_comparison\diverse_training_scenario_split\data\diverse_training_scenario_split_v2\dataset\images\train\T03_east_ascending__frame_0172.png,C:\Users\lab\Counterfactual-XAI-Verifier\experiments\yolov8_search_comparison\diverse_training_scenario_split\data\diverse_training_scenario_split_v2\dataset\labels\train\T03_east_ascending__frame_0172.txt,16100564BD5FE218894E527594AA929B062AE8E18887AA7731809DC496154255,6E5004D5FACB86DA9221FE83AAD5009408C36C82A29463E0BCD4EC3A18E2BB0F,8BE745DA021BF15AEDC78F93B4FC45022F8100219813EE4165D872541458150B,1972262B37323313,1,1,False,train
T03_east_ascending,4103,181,18.0,"[15, -8, 62]",C:\Users\lab\Counterfactual-XAI-Verifier\experiments\yolov8_search_comparison\diverse_training_scenario_split\data\diverse_training_scenario_split_v2\dataset\images\train\T03_east_ascending__frame_0181.png,C:\Users\lab\Counterfactual-XAI-Verifier\experiments\yolov8_search_comparison\diverse_training_scenario_split\data\diverse_training_scenario_split_v2\dataset\labels\train\T03_east_ascending__frame_0181.txt,F8630A373D3AB29E5A808D7D9881973DF5CF749CCE575FD0E618CAC6D197D85F,D5CDF4365B84D968495258BAC017A6616598BCBA4467CD3B79535BE822D44DA6,5820C48FF824128A4753EB8EEFD73060D29FB4C527ECE18E1DC23B84705C983B,B51572662B373333,1,1,False,train
T04_east_descending,4104,1,0.0,"[-30, 9, 67]",C:\Users\lab\Counterfactual-XAI-Verifier\experiments\yolov8_search_comparison\diverse_training_scenario_split\data\diverse_training_scenario_split_v2\dataset\images\train\T04_east_descending__frame_0001.png,C:\Users\lab\Counterfactual-XAI-Verifier\experiments\yolov8_search_comparison\diverse_training_scenario_split\data\diverse_training_scenario_split_v2\dataset\labels\train\T04_east_descending__frame_0001.txt,9ADBF371E483A7DCB9A474B5941C2F3D55BCD97B1B198F86BD565E665E2C4E9E,B75D051D7AECEDC059B82DB3BC4A974D8A83F5EE3EA1C82795DFDE3A1C801B3E,D6C0BC6963E34B54BECAB00B5AA1B5050B4E132F6D92BF897440C710C3548FE5,A135733BA7A5E161,1,1,False,train
T04_east_descending,4104,10,0.9,"[-27.6, 9, 66.1]",C:\Users\lab\Counterfactual-XAI-Verifier\experiments\yolov8_search_comparison\diverse_training_scenario_split\data\diverse_training_scenario_split_v2\dataset\images\train\T04_east_descending__frame_0010.png,C:\Users\lab\Counterfactual-XAI-Verifier\experiments\yolov8_search_comparison\diverse_training_scenario_split\data\diverse_training_scenario_split_v2\dataset\labels\train\T04_east_descending__frame_0010.txt,24F1456D3C119B791A446F3942864ED8D3FBFD70D6E100D88FDE0A90931911B9,AFF73F071E909A23F7741563911866FF6D211FD13A45FD5FB91E452D06D869E3,46020484F018D7D13C482B0A86ADE0B2C0D30EE4CB72FA23063F525D822886EE,A13571536BA7A560,1,1,False,train
T04_east_descending,4104,20,1.9,"[-24.933333333333334, 9, 65.1]",C:\Users\lab\Counterfactual-XAI-Verifier\experiments\yolov8_search_comparison\diverse_training_scenario_split\data\diverse_training_scenario_split_v2\dataset\images\train\T04_east_descending__frame_0020.png,C:\Users\lab\Counterfactual-XAI-Verifier\experiments\yolov8_search_comparison\diverse_training_scenario_split\data\diverse_training_scenario_split_v2\dataset\labels\train\T04_east_descending__frame_0020.txt,98E5ACC9904CAC5E5F8369BC343592B894F1410E8A03B9C7548BE234B46A0BA9,291439BF7ED02C118612553A365870B5DB0AFACEA9F99D09544CDCB26E5EF9B4,3169162FB9A87D622CBDA055B8C9A6E2EC2AFAD9A7A23ACCF478DF50A025ADCB,EBA175525B6BE7A0,1,1,False,train
T04_east_descending,4104,29,2.8,"[-22.53333333333333, 9, 64.2]",C:\Users\lab\Counterfactual-XAI-Verifier\experiments\yolov8_search_comparison\diverse_training_scenario_split\data\diverse_training_scenario_split_v2\dataset\images\train\T04_east_descending__frame_0029.png,C:\Users\lab\Counterfactual-XAI-Verifier\experiments\yolov8_search_comparison\diverse_training_scenario_split\data\diverse_training_scenario_split_v2\dataset\labels\train\T04_east_descending__frame_0029.txt,6A61D5C381E7AB29800EE332929DFD78B4EB318A6790F10515F7BBBACD6213A4,B87199BDCF66AD56CF42C0367566196C09D71BF2BD137954B00917E5C9AC51B2,40FBB01D89DB1D2681EAF9CABD8A905AF47AEDBB8D20F8159017E2B188F57C07,53A9B154525B4B67,1,1,False,train
T04_east_descending,4104,39,3.8,"[-19.866666666666667, 9, 63.2]",C:\Users\lab\Counterfactual-XAI-Verifier\experiments\yolov8_search_comparison\diverse_training_scenario_split\data\diverse_training_scenario_split_v2\dataset\images\train\T04_east_descending__frame_0039.png,C:\Users\lab\Counterfactual-XAI-Verifier\experiments\yolov8_search_comparison\diverse_training_scenario_split\data\diverse_training_scenario_split_v2\dataset\labels\train\T04_east_descending__frame_0039.txt,BB59A4F08FD189FB6C04B2EE014B1F3544C7759E08B3BE7241C1BB4EF761F716,BB7E5728BA2B4C6B052E18FDFBBC751496FC6A603925B1F34E9D7F57C03C13FC,4E797DE42D64516B0621DEBFCA3C0F917945DD13917C6319F92189BE09D5EE33,534A22B054D25B49,1,1,False,train
T04_east_descending,4104,48,4.7,"[-17.466666666666665, 9, 62.3]",C:\Users\lab\Counterfactual-XAI-Verifier\experiments\yolov8_search_comparison\diverse_training_scenario_split\data\diverse_training_scenario_split_v2\dataset\images\train\T04_east_descending__frame_0048.png,C:\Users\lab\Counterfactual-XAI-Verifier\experiments\yolov8_search_comparison\diverse_training_scenario_split\data\diverse_training_scenario_split_v2\dataset\labels\train\T04_east_descending__frame_0048.txt,BF9908E0AD2E86FAE70425806A3DA58803C6099F3A2A15D1E563D95373609D2A,E9ADD5BA64238F1DAB3CACE1D38A4537F3BA8BA61211ADCF3E5C76E37CC8548F,01E798615BDDA06856CC1AC9D76AF8CF7D492C8F53F4AF35B9895D0FD27B9AD7,31524A22F454D252,1,1,False,train
T04_east_descending,4104,58,5.7,"[-14.8, 9, 61.3]",C:\Users\lab\Counterfactual-XAI-Verifier\experiments\yolov8_search_comparison\diverse_training_scenario_split\data\diverse_training_scenario_split_v2\dataset\images\train\T04_east_descending__frame_0058.png,C:\Users\lab\Counterfactual-XAI-Verifier\experiments\yolov8_search_comparison\diverse_training_scenario_split\data\diverse_training_scenario_split_v2\dataset\labels\train\T04_east_descending__frame_0058.txt,1C38330CE96461DD9397A71425C7428CCCFE18D76940F1C399F12836E95815F1,534E84D4B8D870A32AEF8C70F7D060950DE42201E302BC6F770C3F80B94DE8BE,226EE51D628B18AD94208DD3FFB0C3E89C177752023738003B7D8EF21D0CCBED,14525A4A6074D2DA,1,1,False,train
T04_east_descending,4104,67,6.6,"[-12.400000000000002, 9, 60.4]",C:\Users\lab\Counterfactual-XAI-Verifier\experiments\yolov8_search_comparison\diverse_training_scenario_split\data\diverse_training_scenario_split_v2\dataset\images\train\T04_east_descending__frame_0067.png,C:\Users\lab\Counterfactual-XAI-Verifier\experiments\yolov8_search_comparison\diverse_training_scenario_split\data\diverse_training_scenario_split_v2\dataset\labels\train\T04_east_descending__frame_0067.txt,BB86EC188270C52928343B443E1F365C04E36835B4195BB032D3DB35D19491C2,DDEB99DC6F0B5169B675E538560E5858067C613BF807085A3A8C00228B394169,860CF7E94FD6C0EE85BA9F8E64E98EF3E0DD4683A352730AF0327327FE2CA344,B452D25A424074D2,0,1,False,train
T04_east_descending,4104,77,7.6,"[-9.733333333333334, 9, 59.4]",C:\Users\lab\Counterfactual-XAI-Verifier\experiments\yolov8_search_comparison\diverse_training_scenario_split\data\diverse_training_scenario_split_v2\dataset\images\train\T04_east_descending__frame_0077.png,C:\Users\lab\Counterfactual-XAI-Verifier\experiments\yolov8_search_comparison\diverse_training_scenario_split\data\diverse_training_scenario_split_v2\dataset\labels\train\T04_east_descending__frame_0077.txt,41D5A7995BDA53C3E1514A1541F57443DC7F7E82624237EC296181AD9141F5D9,10B45A64A63731584C768B75EC4CDBF8258A699316C8392CB169636D113F3650,12533070B73554BB51FB50FDC7C9DF0D60F954516D0929A575E034BEA207DF2B,B4B452D2DAC24861,0,1,False,train
T04_east_descending,4104,86,8.5,"[-7.333333333333336, 9, 58.5]",C:\Users\lab\Counterfactual-XAI-Verifier\experiments\yolov8_search_comparison\diverse_training_scenario_split\data\diverse_training_scenario_split_v2\dataset\images\train\T04_east_descending__frame_0086.png,C:\Users\lab\Counterfactual-XAI-Verifier\experiments\yolov8_search_comparison\diverse_training_scenario_split\data\diverse_training_scenario_split_v2\dataset\labels\train\T04_east_descending__frame_0086.txt,51D81A4392BE380CC18B9EF406DAA5FAED6EC169CC52E83BE3A6D1462B288E7B,61E08F29CC9AE63E70F085C235E9D7392C7E48DAE59602284A8628EE50160814,77A318CC298A0087986CF37E06DA938EDBAB98D5AC32652DD0ED547438D01440,24B4B052D1D9CAC2,1,0,False,train
T04_east_descending,4104,96,9.5,"[-4.666666666666664, 9, 57.5]",C:\Users\lab\Counterfactual-XAI-Verifier\experiments\yolov8_search_comparison\diverse_training_scenario_split\data\diverse_training_scenario_split_v2\dataset\images\train\T04_east_descending__frame_0096.png,C:\Users\lab\Counterfactual-XAI-Verifier\experiments\yolov8_search_comparison\diverse_training_scenario_split\data\diverse_training_scenario_split_v2\dataset\labels\train\T04_east_descending__frame_0096.txt,F8119A474AEF9CB994EFAD256BE464AFA8D795EB76FD0A34810E3D97D085234A,E433BC4769AFB28F92BA9FE904038C7C933D1BB9C60561169A74B979A169C53B,0D2EC202EAE6086028716A7F18B9F4B8EF989F2BB912679050946BF5FCEB6238,1224B4B2D2D19989,1,1,False,train
T04_east_descending,4104,105,10.4,"[-2.2666666666666693, 9, 56.6]",C:\Users\lab\Counterfactual-XAI-Verifier\experiments\yolov8_search_comparison\diverse_training_scenario_split\data\diverse_training_scenario_split_v2\dataset\images\train\T04_east_descending__frame_0105.png,C:\Users\lab\Counterfactual-XAI-Verifier\experiments\yolov8_search_comparison\diverse_training_scenario_split\data\diverse_training_scenario_split_v2\dataset\labels\train\T04_east_descending__frame_0105.txt,8B90F96A61889D24E10A46B1567B63CE26437819B79351350D6A2A6ABE6CF0C7,25B4F9DED5352213386B4829B263A250572B7D29DAD2D8208EC682BDD4001C1B,4F2E65CD7D85F6418F88D64C9B87338570E5E58ED5513D7377CE2C71EF99222F,49526434B4D2D299,1,1,False,train
T04_east_descending,4104,115,11.4,"[0.3999999999999986, 9, 55.6]",C:\Users\lab\Counterfactual-XAI-Verifier\experiments\yolov8_search_comparison\diverse_training_scenario_split\data\diverse_training_scenario_split_v2\dataset\images\train\T04_east_descending__frame_0115.png,C:\Users\lab\Counterfactual-XAI-Verifier\experiments\yolov8_search_comparison\diverse_training_scenario_split\data\diverse_training_scenario_split_v2\dataset\labels\train\T04_east_descending__frame_0115.txt,0688534AE0120B305B4264AC4216163A2F07C5766251DB9346139D8E81F22FF1,65AFFADC87B7F81608E0210B86394C4B3928FA0408B5D8F6070C7C89C6C30A64,345C15CD5A758E9E439B257E3A6A37C63C3436126327F52234BADE55DED94FA4,49495A6464B2B292,1,1,False,train
T04_east_descending,4104,124,12.3,"[2.799999999999997, 9, 54.7]",C:\Users\lab\Counterfactual-XAI-Verifier\experiments\yolov8_search_comparison\diverse_training_scenario_split\data\diverse_training_scenario_split_v2\dataset\images\train\T04_east_descending__frame_0124.png,C:\Users\lab\Counterfactual-XAI-Verifier\experiments\yolov8_search_comparison\diverse_training_scenario_split\data\diverse_training_scenario_split_v2\dataset\labels\train\T04_east_descending__frame_0124.txt,7FB02F8F4AB8E0E569FA7978332CC358AC0EC998C3468C3B497A73F7F85F617F,473BF0C33BC44AD5A237FD53655A567EE071ED164C1EA5D7C2F82CB689C6E52F,0578185ACA27B033A65268494FD40A6AA92B1A015B3CFA75546E81BB5FAA94B8,4D49485A6C64A2B2,1,1,False,train
T04_east_descending,4104,134,13.3,"[5.466666666666669, 9, 53.7]",C:\Users\lab\Counterfactual-XAI-Verifier\experiments\yolov8_search_comparison\diverse_training_scenario_split\data\diverse_training_scenario_split_v2\dataset\images\train\T04_east_descending__frame_0134.png,C:\Users\lab\Counterfactual-XAI-Verifier\experiments\yolov8_search_comparison\diverse_training_scenario_split\data\diverse_training_scenario_split_v2\dataset\labels\train\T04_east_descending__frame_0134.txt,2067B34F165986AA38F99395EF189AD6AB9FED6040FF6D94020D4B5EE2B0E80B,3668DB88F51741C09342809C2C599DD63440811F7164D8F2560DC39051139A07,8DBC701FDF601D392B45AF93F4A4D7863A2553E379AFC21DF09D12F9A453C1BF,D2CDCDC9DA84E8E4,1,1,False,train
T04_east_descending,4104,143,14.2,"[7.866666666666667, 9, 52.8]",C:\Users\lab\Counterfactual-XAI-Verifier\experiments\yolov8_search_comparison\diverse_training_scenario_split\data\diverse_training_scenario_split_v2\dataset\images\train\T04_east_descending__frame_0143.png,C:\Users\lab\Counterfactual-XAI-Verifier\experiments\yolov8_search_comparison\diverse_training_scenario_split\data\diverse_training_scenario_split_v2\dataset\labels\train\T04_east_descending__frame_0143.txt,40624FA739FDA9810B07E05F415EAD279656E77A3E283F86426FDC81BF458F61,27E2CFBC6E0123099EF9ABFEF7A44BA66C84C8F6505F034D895216AB96CE8BBD,EDD5475FF7E915D836421582D4BF57420A82370ECBE1396A6E8319B3E4849000,F2D2C49C8C9A8488,1,1,False,train
T04_east_descending,4104,153,15.2,"[10.533333333333331, 9, 51.8]",C:\Users\lab\Counterfactual-XAI-Verifier\experiments\yolov8_search_comparison\diverse_training_scenario_split\data\diverse_training_scenario_split_v2\dataset\images\train\T04_east_descending__frame_0153.png,C:\Users\lab\Counterfactual-XAI-Verifier\experiments\yolov8_search_comparison\diverse_training_scenario_split\data\diverse_training_scenario_split_v2\dataset\labels\train\T04_east_descending__frame_0153.txt,17D8B9884A8DC78A151C258B4F66B4A194A2795BE377BDCA8D0357A842B994C3,E77626FC8C6AD63470B47AA797E225FB2F36442DBC047CB2DB799255D97BDAF0,C202620A91BDA520AB4E7887FF9047AC9955862BF440B58201CE744E1D014858,E2F2DA82948C8C9A,1,1,False,train
T04_east_descending,4104,162,16.1,"[12.933333333333337, 9, 50.9]",C:\Users\lab\Counterfactual-XAI-Verifier\experiments\yolov8_search_comparison\diverse_training_scenario_split\data\diverse_training_scenario_split_v2\dataset\images\train\T04_east_descending__frame_0162.png,C:\Users\lab\Counterfactual-XAI-Verifier\experiments\yolov8_search_comparison\diverse_training_scenario_split\data\diverse_training_scenario_split_v2\dataset\labels\train\T04_east_descending__frame_0162.txt,809EC318B7F58C44640DDEF77CC8287CF84313490C9E702EE5256583C8539CAD,00DD434E14B6D726447B1314B5A81775C1F30308EC6EE274E9623CF7E6251EB5,320823032B4FEE2745EEC55B808BB2052D6725EBBD10E5E790A78BC666AF5402,64A2B2999986968C,0,1,False,train
T04_east_descending,4104,172,17.1,"[15.599999999999994, 9, 49.900000000000006]",C:\Users\lab\Counterfactual-XAI-Verifier\experiments\yolov8_search_comparison\diverse_training_scenario_split\data\diverse_training_scenario_split_v2\dataset\images\train\T04_east_descending__frame_0172.png,C:\Users\lab\Counterfactual-XAI-Verifier\experiments\yolov8_search_comparison\diverse_training_scenario_split\data\diverse_training_scenario_split_v2\dataset\labels\train\T04_east_descending__frame_0172.txt,60FEADB751BB081EDE4D9E9773B778B10404F687B27723472E9BD9117C2B8F34,E3B0C44298FC1C149AFBF4C8996FB92427AE41E4649B934CA495991B7852B855,569C84C2D60A2EA029944458B469EA736953CFB0488209C6F210E685D2E5261E,6464A2E2B2919909,0,0,True,train
T04_east_descending,4104,181,18.0,"[18, 9, 49]",C:\Users\lab\Counterfactual-XAI-Verifier\experiments\yolov8_search_comparison\diverse_training_scenario_split\data\diverse_training_scenario_split_v2\dataset\images\train\T04_east_descending__frame_0181.png,C:\Users\lab\Counterfactual-XAI-Verifier\experiments\yolov8_search_comparison\diverse_training_scenario_split\data\diverse_training_scenario_split_v2\dataset\labels\train\T04_east_descending__frame_0181.txt,2A14FA5C76A87592397917E7854E13A1D431E2A1996E00C9B03E79AE8EA40E82,E3B0C44298FC1C149AFBF4C8996FB92427AE41E4649B934CA495991B7852B855,400A65859BB44B19B9BF13EA92676A318E24A4AA1E35CB36C8ABA97BF5EB62FB,90E4E4E4F262B1B1,0,0,True,train
T05_west_retreat_low,4105,1,0.0,"[5, -6, 54]",C:\Users\lab\Counterfactual-XAI-Verifier\experiments\yolov8_search_comparison\diverse_training_scenario_split\data\diverse_training_scenario_split_v2\dataset\images\train\T05_west_retreat_low__frame_0001.png,C:\Users\lab\Counterfactual-XAI-Verifier\experiments\yolov8_search_comparison\diverse_training_scenario_split\data\diverse_training_scenario_split_v2\dataset\labels\train\T05_west_retreat_low__frame_0001.txt,DE566F08AD646D40D4A035167DF67BDBBD2CB0D24AC2DEA494C31E6BC2100C9C,3347DA4D464D4BF391776960FC08FC37CD19DF2EABB5DC58087351CEC60215A3,1ADE4B98D6663B055FD2699CD1A4311129052B6C9CFB5672453D6EC29B8BDBD2,323633DBD9DB4C4D,2,2,False,train
T05_west_retreat_low,4105,10,0.9,"[4.25, -6, 54]",C:\Users\lab\Counterfactual-XAI-Verifier\experiments\yolov8_search_comparison\diverse_training_scenario_split\data\diverse_training_scenario_split_v2\dataset\images\train\T05_west_retreat_low__frame_0010.png,C:\Users\lab\Counterfactual-XAI-Verifier\experiments\yolov8_search_comparison\diverse_training_scenario_split\data\diverse_training_scenario_split_v2\dataset\labels\train\T05_west_retreat_low__frame_0010.txt,D67BDC2044D75832C515C586CC39D6E07EDDA4F1E1A277BE17D7B75A9CA3893C,ECC5C144F10DE25C9EADADC93A0C01E5F35A6CFD7698BF18EC2440267E9FC210,782781CB33B427DCE7C2AA0FC167E53A1B17644BFF1E129C6A2D01EBA3C9EC6C,3236B3DBDB4D4D65,2,2,False,train
T05_west_retreat_low,4105,20,1.9,"[3.416666666666667, -6, 54]",C:\Users\lab\Counterfactual-XAI-Verifier\experiments\yolov8_search_comparison\diverse_training_scenario_split\data\diverse_training_scenario_split_v2\dataset\images\train\T05_west_retreat_low__frame_0020.png,C:\Users\lab\Counterfactual-XAI-Verifier\experiments\yolov8_search_comparison\diverse_training_scenario_split\data\diverse_training_scenario_split_v2\dataset\labels\train\T05_west_retreat_low__frame_0020.txt,43AD4293CBFCBE0FFBCC8A6AFA8552DD734BD33BB163EC0434093AB825BA14D2,5B23612F189DD28C6F6BF3D4448E1971382D0EB91B26469B8C6FAF28B3546B08,13FAFB9CF4089A8F37FF2334C9D12A2F0F503502AC2DB0F37D7C8BA0C86B594D,3236D3CB4B4D65E3,2,2,False,train
T05_west_retreat_low,4105,29,2.8,"[2.6666666666666665, -6, 54]",C:\Users\lab\Counterfactual-XAI-Verifier\experiments\yolov8_search_comparison\diverse_training_scenario_split\data\diverse_training_scenario_split_v2\dataset\images\train\T05_west_retreat_low__frame_0029.png,C:\Users\lab\Counterfactual-XAI-Verifier\experiments\yolov8_search_comparison\diverse_training_scenario_split\data\diverse_training_scenario_split_v2\dataset\labels\train\T05_west_retreat_low__frame_0029.txt,AE82DE5D10D454D56380034637CAF100B5F1A0B89489006F8FE59CCE91A34320,07D315E468C73FAC67239BA2B81968ED4E135C80A827A24AA5578D0EA3115F9A,9291F407EF4496C0E44D874990478F6792CB895818A69D88E922A6E753C06FAB,36B3DBCB4D6D63C7,2,2,False,train
T05_west_retreat_low,4105,39,3.8,"[1.8333333333333335, -6, 54]",C:\Users\lab\Counterfactual-XAI-Verifier\experiments\yolov8_search_comparison\diverse_training_scenario_split\data\diverse_training_scenario_split_v2\dataset\images\train\T05_west_retreat_low__frame_0039.png,C:\Users\lab\Counterfactual-XAI-Verifier\experiments\yolov8_search_comparison\diverse_training_scenario_split\data\diverse_training_scenario_split_v2\dataset\labels\train\T05_west_retreat_low__frame_0039.txt,A7106CD96A378DBB8D6B519D7DCBEA71FFC8E1EC41DEE528AB608B6B530B6A1C,2543AE8B89ED156FA45F7B51AD8AA5CB57888B4C2CA1DA3A31AA26F0BBB12E9E,AC6C484F705C38E732CB74CCCC2A77A3A9E4CA5CD615113FA5A5E1CADB5EFD0B,36D2CB4B4D65E3C3,1,1,False,train
T05_west_retreat_low,4105,48,4.7,"[1.083333333333333, -6, 54]",C:\Users\lab\Counterfactual-XAI-Verifier\experiments\yolov8_search_comparison\diverse_training_scenario_split\data\diverse_training_scenario_split_v2\dataset\images\train\T05_west_retreat_low__frame_0048.png,C:\Users\lab\Counterfactual-XAI-Verifier\experiments\yolov8_search_comparison\diverse_training_scenario_split\data\diverse_training_scenario_split_v2\dataset\labels\train\T05_west_retreat_low__frame_0048.txt,AEAC64FA50E13E751B0185401CCC8C1C8F13A788DAC6078317CF7ECBA1B9741B,3D3E206CF405E59F07612C33482906BE8CF703030D08385A2E09DD3F40157272,32EDF83408DE200F7CF25018F50B3DBA4AEDB5657AF9C22D8B9242CC784B0D47,B6D2CB4D6D67C31B,1,1,False,train
T05_west_retreat_low,4105,58,5.7,"[0.25, -6, 54]",C:\Users\lab\Counterfactual-XAI-Verifier\experiments\yolov8_search_comparison\diverse_training_scenario_split\data\diverse_training_scenario_split_v2\dataset\images\train\T05_west_retreat_low__frame_0058.png,C:\Users\lab\Counterfactual-XAI-Verifier\experiments\yolov8_search_comparison\diverse_training_scenario_split\data\diverse_training_scenario_split_v2\dataset\labels\train\T05_west_retreat_low__frame_0058.txt,AA2AE10077A7A1724409D877821A3A56D83D3C09111DA8AFD77C9CCAB6F12EEB,E29094AE3928AE9989D32B26ECC7C84AF15BA609F532141875329AE7431A1007,2067E16C3774544B0A4A41242AA5B041956C8CF825E4F3DF640D2EF87B829EF2,D2DA4B6D65634B33,1,1,False,train
T05_west_retreat_low,4105,67,6.6,"[-0.5, -6, 54]",C:\Users\lab\Counterfactual-XAI-Verifier\experiments\yolov8_search_comparison\diverse_training_scenario_split\data\diverse_training_scenario_split_v2\dataset\images\train\T05_west_retreat_low__frame_0067.png,C:\Users\lab\Counterfactual-XAI-Verifier\experiments\yolov8_search_comparison\diverse_training_scenario_split\data\diverse_training_scenario_split_v2\dataset\labels\train\T05_west_retreat_low__frame_0067.txt,E6A6835984DE2E2A1BD4E52D3F7469D29334F1D4645C9F8F6D53B7496B1299EC,9568CEF1119337DA008000BB6AE5474BC153BC927DBEEDC4C5E2FC02842BC4EA,9ED362148D899E43401774812B5DE83DD24B0799F111C792D230113FD4C86DBA,D2DA496D67431B43,1,1,False,train
T05_west_retreat_low,4105,77,7.6,"[-1.333333333333333, -6, 54]",C:\Users\lab\Counterfactual-XAI-Verifier\experiments\yolov8_search_comparison\diverse_training_scenario_split\data\diverse_training_scenario_split_v2\dataset\images\train\T05_west_retreat_low__frame_0077.png,C:\Users\lab\Counterfactual-XAI-Verifier\experiments\yolov8_search_comparison\diverse_training_scenario_split\data\diverse_training_scenario_split_v2\dataset\labels\train\T05_west_retreat_low__frame_0077.txt,0E6C8ED42314436B07F2A4979D71E28E4248F736D976E683CE07419184EDD836,A8BA6376E0240DBB0E7F26C565B45509CD7D914A47C8EA04273C272599065E00,E6137B64A30BB7286CD55D1B8CE74B453425551EE40430845973647649C3DD0E,DA5A6D65634B3303,1,1,False,train
T05_west_retreat_low,4105,86,8.5,"[-2.083333333333333, -6, 54]",C:\Users\lab\Counterfactual-XAI-Verifier\experiments\yolov8_search_comparison\diverse_training_scenario_split\data\diverse_training_scenario_split_v2\dataset\images\train\T05_west_retreat_low__frame_0086.png,C:\Users\lab\Counterfactual-XAI-Verifier\experiments\yolov8_search_comparison\diverse_training_scenario_split\data\diverse_training_scenario_split_v2\dataset\labels\train\T05_west_retreat_low__frame_0086.txt,DD09D9AAD60968CDC8CFF205E57CB3027DC586D95B9DA0BBF4BB1528AE7480A6,5C6A0E379C49F25BDF317DD59CA53C440D6F0DB9ABF4118859B597A0A0686562,F26301F691F8EBC35BA97BDAF7ED72015F32A6A8E05BFAAE69A6DAEEE2717EC8,DA4A6D65631B4303,1,1,False,train
T05_west_retreat_low,4105,96,9.5,"[-2.916666666666667, -6, 54]",C:\Users\lab\Counterfactual-XAI-Verifier\experiments\yolov8_search_comparison\diverse_training_scenario_split\data\diverse_training_scenario_split_v2\dataset\images\train\T05_west_retreat_low__frame_0096.png,C:\Users\lab\Counterfactual-XAI-Verifier\experiments\yolov8_search_comparison\diverse_training_scenario_split\data\diverse_training_scenario_split_v2\dataset\labels\train\T05_west_retreat_low__frame_0096.txt,98670E7CE3B125B750441FF2274492D2A1771B55A17A239661A0B8E4FF4BB1D9,E3B0C44298FC1C149AFBF4C8996FB92427AE41E4649B934CA495991B7852B855,77633F982E7CAF35AFAA4B0477212AD80CFC8DF2D08306431DF1E3D462FF19B3,5A496D674B330319,0,0,True,train
T05_west_retreat_low,4105,105,10.4,"[-3.666666666666666, -6, 54]",C:\Users\lab\Counterfactual-XAI-Verifier\experiments\yolov8_search_comparison\diverse_training_scenario_split\data\diverse_training_scenario_split_v2\dataset\images\train\T05_west_retreat_low__frame_0105.png,C:\Users\lab\Counterfactual-XAI-Verifier\experiments\yolov8_search_comparison\diverse_training_scenario_split\data\diverse_training_scenario_split_v2\dataset\labels\train\T05_west_retreat_low__frame_0105.txt,88B4ED2104B6AB289C65362AED00D62A2FDCBFCC965132961CDE4C03DDB1BC8C,E3B0C44298FC1C149AFBF4C8996FB92427AE41E4649B934CA495991B7852B855,DDBB0517274468B8809DA9AFBDD7118B5A5EEB4FA4803780D4A0165D4B13D1A7,5A6D65631B43091B,0,0,True,train
T05_west_retreat_low,4105,115,11.4,"[-4.5, -6, 54]",C:\Users\lab\Counterfactual-XAI-Verifier\experiments\yolov8_search_comparison\diverse_training_scenario_split\data\diverse_training_scenario_split_v2\dataset\images\train\T05_west_retreat_low__frame_0115.png,C:\Users\lab\Counterfactual-XAI-Verifier\experiments\yolov8_search_comparison\diverse_training_scenario_split\data\diverse_training_scenario_split_v2\dataset\labels\train\T05_west_retreat_low__frame_0115.txt,83F7D5D5CD1FB6FB1B9DB1D3CE236AE535B94A531A3095A745930149460AC172,E3B0C44298FC1C149AFBF4C8996FB92427AE41E4649B934CA495991B7852B855,D5CB9F06918095E75E31188B8795849097F5E84EA368351D03CA6D293DF2D0FE,4A6D67431B275B9B,0,0,True,train
T05_west_retreat_low,4105,124,12.3,"[-5.25, -6, 54]",C:\Users\lab\Counterfactual-XAI-Verifier\experiments\yolov8_search_comparison\diverse_training_scenario_split\data\diverse_training_scenario_split_v2\dataset\images\train\T05_west_retreat_low__frame_0124.png,C:\Users\lab\Counterfactual-XAI-Verifier\experiments\yolov8_search_comparison\diverse_training_scenario_split\data\diverse_training_scenario_split_v2\dataset\labels\train\T05_west_retreat_low__frame_0124.txt,4ABDFE22D15071338B5BBB2E13FC48A5A2C2BE09F40330914B4EF6C0747AEAAE,E3B0C44298FC1C149AFBF4C8996FB92427AE41E4649B934CA495991B7852B855,72B788EB3DEF82D60629F4E01A920C799B27EC9F7FD5FC583FAEC0B6FC966C29,6865670B27599B9B,0,0,True,train
T05_west_retreat_low,4105,134,13.3,"[-6.083333333333334, -6, 54]",C:\Users\lab\Counterfactual-XAI-Verifier\experiments\yolov8_search_comparison\diverse_training_scenario_split\data\diverse_training_scenario_split_v2\dataset\images\train\T05_west_retreat_low__frame_0134.png,C:\Users\lab\Counterfactual-XAI-Verifier\experiments\yolov8_search_comparison\diverse_training_scenario_split\data\diverse_training_scenario_split_v2\dataset\labels\train\T05_west_retreat_low__frame_0134.txt,E5E9A98E545A7F0648888158840F8B2287C570C70A837D7C664B878594702FAA,E3B0C44298FC1C149AFBF4C8996FB92427AE41E4649B934CA495991B7852B855,73D330F3C7DDF1E5C62DFA94A0C325BDCF7D3E62C57A232370F72932F53B7B1C,6965639B479B9BBB,0,0,True,train
T05_west_retreat_low,4105,143,14.2,"[-6.833333333333332, -6, 54]",C:\Users\lab\Counterfactual-XAI-Verifier\experiments\yolov8_search_comparison\diverse_training_scenario_split\data\diverse_training_scenario_split_v2\dataset\images\train\T05_west_retreat_low__frame_0143.png,C:\Users\lab\Counterfactual-XAI-Verifier\experiments\yolov8_search_comparison\diverse_training_scenario_split\data\diverse_training_scenario_split_v2\dataset\labels\train\T05_west_retreat_low__frame_0143.txt,5CACBA6B841BB4DD0F7C78E145CBDFAA8D9F2E18A6F521E2D0C0BD1E80554104,E3B0C44298FC1C149AFBF4C8996FB92427AE41E4649B934CA495991B7852B855,876A6C54EF8D52A5B2EAAB60961E079552F6CC128164ED2A4D5D414AE2829EC0,6D664AA75B9B9BA9,0,0,True,train
T05_west_retreat_low,4105,153,15.2,"[-7.666666666666666, -6, 54]",C:\Users\lab\Counterfactual-XAI-Verifier\experiments\yolov8_search_comparison\diverse_training_scenario_split\data\diverse_training_scenario_split_v2\dataset\images\train\T05_west_retreat_low__frame_0153.png,C:\Users\lab\Counterfactual-XAI-Verifier\experiments\yolov8_search_comparison\diverse_training_scenario_split\data\diverse_training_scenario_split_v2\dataset\labels\train\T05_west_retreat_low__frame_0153.txt,41CF920DD7C7392B8DC82605CC3411B62BD092F652CB837763976A1AB3BC0F9B,E3B0C44298FC1C149AFBF4C8996FB92427AE41E4649B934CA495991B7852B855,7EDBFC866A0850E23AE09A11E0FC5C0DD936FA16AEC82483EF63BF1A4C8732CC,65669B679B9B8B4B,0,0,True,train
T05_west_retreat_low,4105,162,16.1,"[-8.416666666666668, -6, 54]",C:\Users\lab\Counterfactual-XAI-Verifier\experiments\yolov8_search_comparison\diverse_training_scenario_split\data\diverse_training_scenario_split_v2\dataset\images\train\T05_west_retreat_low__frame_0162.png,C:\Users\lab\Counterfactual-XAI-Verifier\experiments\yolov8_search_comparison\diverse_training_scenario_split\data\diverse_training_scenario_split_v2\dataset\labels\train\T05_west_retreat_low__frame_0162.txt,9225602638DB4DEA4139C029C69443E7D26CEF38D078A8F96CE5CE1F88675376,E3B0C44298FC1C149AFBF4C8996FB92427AE41E4649B934CA495991B7852B855,CA595DD578F7DCDA48BA0052E7F68FDAB06A1CF3CE4E44494839C51B2BF59A56,6462975B9B9BABCB,0,0,True,train
T05_west_retreat_low,4105,172,17.1,"[-9.25, -6, 54]",C:\Users\lab\Counterfactual-XAI-Verifier\experiments\yolov8_search_comparison\diverse_training_scenario_split\data\diverse_training_scenario_split_v2\dataset\images\train\T05_west_retreat_low__frame_0172.png,C:\Users\lab\Counterfactual-XAI-Verifier\experiments\yolov8_search_comparison\diverse_training_scenario_split\data\diverse_training_scenario_split_v2\dataset\labels\train\T05_west_retreat_low__frame_0172.txt,E74C32A3176E0BC3A44464B62C6EA6E8CC7EB0738A5777EB0C783F54A4C12759,E3B0C44298FC1C149AFBF4C8996FB92427AE41E4649B934CA495991B7852B855,86E387DEE3D1A239251C14E3FC9F0E2E5820B9AA3B1B646EE3077D597F374C0A,664B639B9B8B4BC7,0,0,True,train
T05_west_retreat_low,4105,181,18.0,"[-10, -6, 54]",C:\Users\lab\Counterfactual-XAI-Verifier\experiments\yolov8_search_comparison\diverse_training_scenario_split\data\diverse_training_scenario_split_v2\dataset\images\train\T05_west_retreat_low__frame_0181.png,C:\Users\lab\Counterfactual-XAI-Verifier\experiments\yolov8_search_comparison\diverse_training_scenario_split\data\diverse_training_scenario_split_v2\dataset\labels\train\T05_west_retreat_low__frame_0181.txt,F466B14B6D9A6B1B75890D728F019F3E3C26AB0429AE46EDE5D6ACCB047A69A5,E3B0C44298FC1C149AFBF4C8996FB92427AE41E4649B934CA495991B7852B855,9762896261CD220A003AAAFBB93DFBBC37E4E4DFD768E4C78D652DE6AE13FC26,661F1B9B9A6BC3E7,0,0,True,train
T06_west_retreat_high,4106,1,0.0,"[7, 8, 62]",C:\Users\lab\Counterfactual-XAI-Verifier\experiments\yolov8_search_comparison\diverse_training_scenario_split\data\diverse_training_scenario_split_v2\dataset\images\train\T06_west_retreat_high__frame_0001.png,C:\Users\lab\Counterfactual-XAI-Verifier\experiments\yolov8_search_comparison\diverse_training_scenario_split\data\diverse_training_scenario_split_v2\dataset\labels\train\T06_west_retreat_high__frame_0001.txt,325AA563A8C8F51D8BE541EEAB7228ABDB4CA8953C35457A9A75442EB587BD9D,6D54AB2A8E07A750DDA73F55E1BFE945F348155B970C7C75C10AF98EED7D4326,7A5CD17964AE9354A48CA0100E64B0482C0A4A8105A102537E6DCA624AE9559D,B0E8703252480804,3,3,False,train
T06_west_retreat_high,4106,10,0.9,"[6.25, 8, 62]",C:\Users\lab\Counterfactual-XAI-Verifier\experiments\yolov8_search_comparison\diverse_training_scenario_split\data\diverse_training_scenario_split_v2\dataset\images\train\T06_west_retreat_high__frame_0010.png,C:\Users\lab\Counterfactual-XAI-Verifier\experiments\yolov8_search_comparison\diverse_training_scenario_split\data\diverse_training_scenario_split_v2\dataset\labels\train\T06_west_retreat_high__frame_0010.txt,7008BF50851D6064E21256857F9E45B9A1931119EBC210A01AA56C980D158E7B,68548968FEE91603417D121B8804F6FEDAE0F4EBDA194FA86DC758868D5D1BC4,CA220D5680510FF6D6032D5E97ADF5EC20CFE2ACD15AA04FD219434041B3958F,B0F0723252480000,3,3,False,train
T06_west_retreat_high,4106,20,1.9,"[5.416666666666667, 8, 62]",C:\Users\lab\Counterfactual-XAI-Verifier\experiments\yolov8_search_comparison\diverse_training_scenario_split\data\diverse_training_scenario_split_v2\dataset\images\train\T06_west_retreat_high__frame_0020.png,C:\Users\lab\Counterfactual-XAI-Verifier\experiments\yolov8_search_comparison\diverse_training_scenario_split\data\diverse_training_scenario_split_v2\dataset\labels\train\T06_west_retreat_high__frame_0020.txt,BC2D161223CE0B1827BB483AE193F4386E1C1C86FFB11B5D742A0CDF0903AF93,B5AA902683B1BF3A11F947B1A94CF15B14904510B4367EA36BB029AA52EF746D,465134AFC850F8DFF6BBBBFD91295D9CA7D9F340BD5303465E07B7D9F412D779,28F0721244080480,3,3,False,train
T06_west_retreat_high,4106,29,2.8,"[4.666666666666666, 8, 62]",C:\Users\lab\Counterfactual-XAI-Verifier\experiments\yolov8_search_comparison\diverse_training_scenario_split\data\diverse_training_scenario_split_v2\dataset\images\train\T06_west_retreat_high__frame_0029.png,C:\Users\lab\Counterfactual-XAI-Verifier\experiments\yolov8_search_comparison\diverse_training_scenario_split\data\diverse_training_scenario_split_v2\dataset\labels\train\T06_west_retreat_high__frame_0029.txt,EE522B195C23406E48E3F75FB8F570FEE55261F0F343169005B3E4FBFEA602E8,FCB7865ABD433C760F486CA6085DDA094E99A8C0008017568D845EB1E97C9197,FE877DEE1D391B9CA9F5F124B869CBF32869FA1100185296A9BC68A8FF3FBE6A,68703252480804A4,3,3,False,train
T06_west_retreat_high,4106,39,3.8,"[3.8333333333333335, 8, 62]",C:\Users\lab\Counterfactual-XAI-Verifier\experiments\yolov8_search_comparison\diverse_training_scenario_split\data\diverse_training_scenario_split_v2\dataset\images\train\T06_west_retreat_high__frame_0039.png,C:\Users\lab\Counterfactual-XAI-Verifier\experiments\yolov8_search_comparison\diverse_training_scenario_split\data\diverse_training_scenario_split_v2\dataset\labels\train\T06_west_retreat_high__frame_0039.txt,67C89651F3B19C125DEA42FDC52CBD119FD69B733913FA94C80B150A506FA063,B99D5456B9E33607BA9E15B115FFB98A4ADDFCEF88CB0CBECFA98C2AF59FA7A0,E7BF4095EBFEEC1F22BFDCF0C9F501F5813F6C24B1E95A447729194BC6D8D010,78723252080080A4,3,2,False,train
T06_west_retreat_high,4106,48,4.7,"[3.083333333333333, 8, 62]",C:\Users\lab\Counterfactual-XAI-Verifier\experiments\yolov8_search_comparison\diverse_training_scenario_split\data\diverse_training_scenario_split_v2\dataset\images\train\T06_west_retreat_high__frame_0048.png,C:\Users\lab\Counterfactual-XAI-Verifier\experiments\yolov8_search_comparison\diverse_training_scenario_split\data\diverse_training_scenario_split_v2\dataset\labels\train\T06_west_retreat_high__frame_0048.txt,924B45E928C9BBAA20E8B4E7B3F48E9B73B07BAE3617A37A226F943F2FDEC287,8B66D6C7D5AC29B39F3C49B7A3098AD7694EF481FEFBB142BB779D46FA4814B2,4B4CD7E1ABB1AA892603A5AEED75A640304BC546EB01047F48EF9EEF24BBC59E,707232400804A4B4,3,2,False,train
T06_west_retreat_high,4106,58,5.7,"[2.25, 8, 62]",C:\Users\lab\Counterfactual-XAI-Verifier\experiments\yolov8_search_comparison\diverse_training_scenario_split\data\diverse_training_scenario_split_v2\dataset\images\train\T06_west_retreat_high__frame_0058.png,C:\Users\lab\Counterfactual-XAI-Verifier\experiments\yolov8_search_comparison\diverse_training_scenario_split\data\diverse_training_scenario_split_v2\dataset\labels\train\T06_west_retreat_high__frame_0058.txt,39FDACC34F57484BF1DDF1B764EFBBB9057560510F680C87313F8C36EA04B6EC,1FB4ACE78B82F448DB3DF6F78D1B6EA47D4CD22208304E50ECA32B0CDABA77B6,8268CB0F0B6229C8F820F7CB8049EC63C2086E3C387E38A391B93FD8F944693A,703232480884A4B4,2,2,False,train
T06_west_retreat_high,4106,67,6.6,"[1.5, 8, 62]",C:\Users\lab\Counterfactual-XAI-Verifier\experiments\yolov8_search_comparison\diverse_training_scenario_split\data\diverse_training_scenario_split_v2\dataset\images\train\T06_west_retreat_high__frame_0067.png,C:\Users\lab\Counterfactual-XAI-Verifier\experiments\yolov8_search_comparison\diverse_training_scenario_split\data\diverse_training_scenario_split_v2\dataset\labels\train\T06_west_retreat_high__frame_0067.txt,05024A67ABC34AC5D9A3F0226F063960FE0CAA96E3683E19956D0AA78EFBADD7,709F156C506062C08DC0F1FA4CE9E253CFC821F4EFAC4EDCD76BF02782B1E032,8F74970B7F74A0CA3EFF208C425926B57CD0500ADD9A736D6C5CB0659FA0C469,7032320880A4B472,2,2,False,train
T06_west_retreat_high,4106,77,7.6,"[0.666666666666667, 8, 62]",C:\Users\lab\Counterfactual-XAI-Verifier\experiments\yolov8_search_comparison\diverse_training_scenario_split\data\diverse_training_scenario_split_v2\dataset\images\train\T06_west_retreat_high__frame_0077.png,C:\Users\lab\Counterfactual-XAI-Verifier\experiments\yolov8_search_comparison\diverse_training_scenario_split\data\diverse_training_scenario_split_v2\dataset\labels\train\T06_west_retreat_high__frame_0077.txt,D80D2A64F5FA7F65B7D8D5430EBAD22A5C75AA977BC0ABCF84263A05CC68B1F8,8EFFA19053EB9EB670C31AE407253A225F2524C42D504CD5FC8D87DD0CF68263,257B5BA47CFF6385D52A95E7ED0A2B2F1928A86E48EE482D4A5516C00C189BF5,7232608884A4B052,2,2,False,train
T06_west_retreat_high,4106,86,8.5,"[-0.08333333333333304, 8, 62]",C:\Users\lab\Counterfactual-XAI-Verifier\experiments\yolov8_search_comparison\diverse_training_scenario_split\data\diverse_training_scenario_split_v2\dataset\images\train\T06_west_retreat_high__frame_0086.png,C:\Users\lab\Counterfactual-XAI-Verifier\experiments\yolov8_search_comparison\diverse_training_scenario_split\data\diverse_training_scenario_split_v2\dataset\labels\train\T06_west_retreat_high__frame_0086.txt,E0876F30CBCE55B0DBABE5FD567BBBD293FCD422D910571B3ED146B449005776,1D7352C7E9E12806BA1EA9F1D0A4BF3DB4698BA95EC4644A5F374396F6D436C3,8282F6E997D1F7B5F348E9E51A000F94A2CA9ABBDC88273B48414FFEEA830525,3232688884B4B252,2,2,False,train
T06_west_retreat_high,4106,96,9.5,"[-0.916666666666667, 8, 62]",C:\Users\lab\Counterfactual-XAI-Verifier\experiments\yolov8_search_comparison\diverse_training_scenario_split\data\diverse_training_scenario_split_v2\dataset\images\train\T06_west_retreat_high__frame_0096.png,C:\Users\lab\Counterfactual-XAI-Verifier\experiments\yolov8_search_comparison\diverse_training_scenario_split\data\diverse_training_scenario_split_v2\dataset\labels\train\T06_west_retreat_high__frame_0096.txt,450E9EF9024DD66D84D2CE8D9650201F17C4FB77C74B8E9C5A5B3CCB1B488EAE,0B7CCD9DB84C9C6E80ECA7EEB5203CB5B1FE87BFB1115F6902F2F76A93A7EECE,5A5B7E15F91A38FA30750C957CCA6203009DADF52E4494C91D490A34A7B8C32F,32320880A4B45252,2,1,False,train
T06_west_retreat_high,4106,105,10.4,"[-1.666666666666666, 8, 62]",C:\Users\lab\Counterfactual-XAI-Verifier\experiments\yolov8_search_comparison\diverse_training_scenario_split\data\diverse_training_scenario_split_v2\dataset\images\train\T06_west_retreat_high__frame_0105.png,C:\Users\lab\Counterfactual-XAI-Verifier\experiments\yolov8_search_comparison\diverse_training_scenario_split\data\diverse_training_scenario_split_v2\dataset\labels\train\T06_west_retreat_high__frame_0105.txt,96A59DB56E7ABB3BDF370FB0F888CC7C8B797692A7C8BCCE51414A9EA5777F18,4B4438226E7425AE7E65439D938B8150B46D61D82DBA29130F991F5A61BEA2F5,2EF2BB5560F2BD10F567DDD72BB3107A7F493542BF437C491E0BAFF0E4CD87AA,32328884A4B252DA,2,1,False,train
T06_west_retreat_high,4106,115,11.4,"[-2.5, 8, 62]",C:\Users\lab\Counterfactual-XAI-Verifier\experiments\yolov8_search_comparison\diverse_training_scenario_split\data\diverse_training_scenario_split_v2\dataset\images\train\T06_west_retreat_high__frame_0115.png,C:\Users\lab\Counterfactual-XAI-Verifier\experiments\yolov8_search_comparison\diverse_training_scenario_split\data\diverse_training_scenario_split_v2\dataset\labels\train\T06_west_retreat_high__frame_0115.txt,46533A1C826732AF91B58D2A14BB692F57F71C8BF83021E8208CE1A529CCF940,E99AD015BC254446C265445B3381B1045B62E967590AF3F0322D3A6F7778DD6D,909257A30D99B53200A40BF3EE455D3E6CC1DB43D4F8077588251B35E4985490,322088A4B452525A,1,1,False,train
T06_west_retreat_high,4106,124,12.3,"[-3.25, 8, 62]",C:\Users\lab\Counterfactual-XAI-Verifier\experiments\yolov8_search_comparison\diverse_training_scenario_split\data\diverse_training_scenario_split_v2\dataset\images\train\T06_west_retreat_high__frame_0124.png,C:\Users\lab\Counterfactual-XAI-Verifier\experiments\yolov8_search_comparison\diverse_training_scenario_split\data\diverse_training_scenario_split_v2\dataset\labels\train\T06_west_retreat_high__frame_0124.txt,FE3810C8E1EECBEC295BFDF090C6A2E056B4CAA3E8057AEFAECB447C5B8BEC65,6144D8D442F2B21741F19D2E6A9EFB8160E874241A9FBCAE6CAEC3A638CF3CF1,401F4418C050A1E25C2192D40A5F57A2740212C9B3021EAEFDC069C8796A57AB,322888A4B252D259,1,1,False,train
T06_west_retreat_high,4106,134,13.3,"[-4.083333333333334, 8, 62]",C:\Users\lab\Counterfactual-XAI-Verifier\experiments\yolov8_search_comparison\diverse_training_scenario_split\data\diverse_training_scenario_split_v2\dataset\images\train\T06_west_retreat_high__frame_0134.png,C:\Users\lab\Counterfactual-XAI-Verifier\experiments\yolov8_search_comparison\diverse_training_scenario_split\data\diverse_training_scenario_split_v2\dataset\labels\train\T06_west_retreat_high__frame_0134.txt,7FD260F1C6F8ED68803A03E6CC7A1656BA7017AC597F5B7D86CE549D8F740311,F4ECC22363F723108E7FA8A13705258666FF1D352664C7B389AEEC01FDDA3952,6AEFFCF244F8B69F1394C5D388232C5158804D93B24B8FDE2BE83DBEE9888265,328884B41252D259,1,1,False,train
T06_west_retreat_high,4106,143,14.2,"[-4.833333333333332, 8, 62]",C:\Users\lab\Counterfactual-XAI-Verifier\experiments\yolov8_search_comparison\diverse_training_scenario_split\data\diverse_training_scenario_split_v2\dataset\images\train\T06_west_retreat_high__frame_0143.png,C:\Users\lab\Counterfactual-XAI-Verifier\experiments\yolov8_search_comparison\diverse_training_scenario_split\data\diverse_training_scenario_split_v2\dataset\labels\train\T06_west_retreat_high__frame_0143.txt,60CF876793CDAB9B1C58499D5F36E12F0249CA5883DDC4326377B700BD8FFC21,5E3C5B1CFEB35E89F9B9A4A4EF246F43D21C9987838C833B8C1DAF219B708F02,C761EC8987E278A2E5818D4450FA707DEF106E92BA071DF76F0B0971B9146DC5,3088A4B05252D949,1,1,False,train
T06_west_retreat_high,4106,153,15.2,"[-5.666666666666666, 8, 62]",C:\Users\lab\Counterfactual-XAI-Verifier\experiments\yolov8_search_comparison\diverse_training_scenario_split\data\diverse_training_scenario_split_v2\dataset\images\train\T06_west_retreat_high__frame_0153.png,C:\Users\lab\Counterfactual-XAI-Verifier\experiments\yolov8_search_comparison\diverse_training_scenario_split\data\diverse_training_scenario_split_v2\dataset\labels\train\T06_west_retreat_high__frame_0153.txt,A48F9D15EC80FE6B3BB0AF7FCBF0D7292DE477578897C02CB699BDAA1EE48180,011478791D1CBDB19E80576562D834A09531E57976A772707CF4B29A038CA90F,1E77FB2CECE6732C99F27EA755E1584760243315E50509E8E6DD6F605B07747C,2A88B49252D25949,1,1,False,train
T06_west_retreat_high,4106,162,16.1,"[-6.416666666666668, 8, 62]",C:\Users\lab\Counterfactual-XAI-Verifier\experiments\yolov8_search_comparison\diverse_training_scenario_split\data\diverse_training_scenario_split_v2\dataset\images\train\T06_west_retreat_high__frame_0162.png,C:\Users\lab\Counterfactual-XAI-Verifier\experiments\yolov8_search_comparison\diverse_training_scenario_split\data\diverse_training_scenario_split_v2\dataset\labels\train\T06_west_retreat_high__frame_0162.txt,7041FCE92A4C5DFF84C9547FBC0EBDF2BD0BEBED771F7C835E9A42288F6DEC6F,A30273D8D47670CC521924C4B6E89357EBB8F34FBC05930686C00F51B5E1E466,AA3506862D6EF606A2F58D9BE29D388D0C3ACE320EC902FF48D418418AFAAF8D,AA88B41252D84949,1,1,False,train
T06_west_retreat_high,4106,172,17.1,"[-7.25, 8, 62]",C:\Users\lab\Counterfactual-XAI-Verifier\experiments\yolov8_search_comparison\diverse_training_scenario_split\data\diverse_training_scenario_split_v2\dataset\images\train\T06_west_retreat_high__frame_0172.png,C:\Users\lab\Counterfactual-XAI-Verifier\experiments\yolov8_search_comparison\diverse_training_scenario_split\data\diverse_training_scenario_split_v2\dataset\labels\train\T06_west_retreat_high__frame_0172.txt,19C4AB56D15491F41203BE0AF7891B80D9CDCD2F84FD0EE9A9F6EE53617CAEC1,5B75B46D29466FBBD3D4298D5F83F538BE4FE9D77213E809E0C79BF32C5F3C99,114992A8DABE0769427729C3E1FECEF54247E69EACCF67F4495DCB8EA88DD106,AA84B25252D94940,1,0,False,train
T06_west_retreat_high,4106,181,18.0,"[-8, 8, 62]",C:\Users\lab\Counterfactual-XAI-Verifier\experiments\yolov8_search_comparison\diverse_training_scenario_split\data\diverse_training_scenario_split_v2\dataset\images\train\T06_west_retreat_high__frame_0181.png,C:\Users\lab\Counterfactual-XAI-Verifier\experiments\yolov8_search_comparison\diverse_training_scenario_split\data\diverse_training_scenario_split_v2\dataset\labels\train\T06_west_retreat_high__frame_0181.txt,2C2E095A695192B42C4037A7B2C5EBC4A08E58624E19128BF0E12BC36D9FA23F,80805489A39333A517AB29E79915F52CF16900C904B7F5D24D13973E09ABEE31,42AF0E722DC3BC7D500A513BB5E16F09F8630E424BA4419FB8606C32EC8E6B66,88B49252D2494964,1,0,False,train
T07_north_lateral,4107,1,0.0,"[-20, -18, 55]",C:\Users\lab\Counterfactual-XAI-Verifier\experiments\yolov8_search_comparison\diverse_training_scenario_split\data\diverse_training_scenario_split_v2\dataset\images\train\T07_north_lateral__frame_0001.png,C:\Users\lab\Counterfactual-XAI-Verifier\experiments\yolov8_search_comparison\diverse_training_scenario_split\data\diverse_training_scenario_split_v2\dataset\labels\train\T07_north_lateral__frame_0001.txt,25906B473D54BCCE85BF952E522523CA4749562E5C4FBB65B80F430337DB73CE,61A80FC7F0A42E05417E1D2880FA8463098E70A9A89F14ED11852BD5691C067C,92B6D2C80273152225A1097240FF0804C918F2FA7AACA3F4A5C7160E19BB2FB1,06030B0305010606,1,1,False,train
T07_north_lateral,4107,10,0.9,"[-20, -16.2, 55]",C:\Users\lab\Counterfactual-XAI-Verifier\experiments\yolov8_search_comparison\diverse_training_scenario_split\data\diverse_training_scenario_split_v2\dataset\images\train\T07_north_lateral__frame_0010.png,C:\Users\lab\Counterfactual-XAI-Verifier\experiments\yolov8_search_comparison\diverse_training_scenario_split\data\diverse_training_scenario_split_v2\dataset\labels\train\T07_north_lateral__frame_0010.txt,92F06747B92D3C54454652B8CC1608FB542ABD27D88940BD25081A04CE26AE50,D255EB1A5AE902828813F032AD4278C1A1FD62AC1916BDDCB4D4BC6E7F6017EC,388F688DAFE518C10A9CD2712651293610681216D28CB6D17CF521C8D4C37C92,061606020F010C0C,1,1,False,train
T07_north_lateral,4107,20,1.9,"[-20, -14.2, 55]",C:\Users\lab\Counterfactual-XAI-Verifier\experiments\yolov8_search_comparison\diverse_training_scenario_split\data\diverse_training_scenario_split_v2\dataset\images\train\T07_north_lateral__frame_0020.png,C:\Users\lab\Counterfactual-XAI-Verifier\experiments\yolov8_search_comparison\diverse_training_scenario_split\data\diverse_training_scenario_split_v2\dataset\labels\train\T07_north_lateral__frame_0020.txt,033BAD71D3E703EE156B8504B25AE6EA93A9907CA6636833E4EAA4DDAABB2766,8AB19AEC9A22D8F4F5AFCD077A4EECD3F7FF7DBB2E1CFB792AD078DE0119EC61,8B7004F014EF4E90F445DF5E3829DA3B537C680E371D2FA06683CDF5B46FCE09,0D0C04060E031909,2,1,False,train
T07_north_lateral,4107,29,2.8,"[-20, -12.4, 55]",C:\Users\lab\Counterfactual-XAI-Verifier\experiments\yolov8_search_comparison\diverse_training_scenario_split\data\diverse_training_scenario_split_v2\dataset\images\train\T07_north_lateral__frame_0029.png,C:\Users\lab\Counterfactual-XAI-Verifier\experiments\yolov8_search_comparison\diverse_training_scenario_split\data\diverse_training_scenario_split_v2\dataset\labels\train\T07_north_lateral__frame_0029.txt,9B52ACBB4A418B5A99D8B7F3055AF7F92802D23AC05B55DE8B4BAAD4298CF085,B9C2050320B40BC8689664D4710AA59A7D6F0B60A5AFDFC0C149DA5C238BE220,2DA047729C93D449CB4A00CEC61DBD9AF5FABD01FA7680C6A0199784966D4EA2,1A19290C1C06331B,2,2,False,train
T07_north_lateral,4107,39,3.8,"[-20, -10.4, 55]",C:\Users\lab\Counterfactual-XAI-Verifier\experiments\yolov8_search_comparison\diverse_training_scenario_split\data\diverse_training_scenario_split_v2\dataset\images\train\T07_north_lateral__frame_0039.png,C:\Users\lab\Counterfactual-XAI-Verifier\experiments\yolov8_search_comparison\diverse_training_scenario_split\data\diverse_training_scenario_split_v2\dataset\labels\train\T07_north_lateral__frame_0039.txt,2C4A57E5ED7C8B9187621320303CBD7E80DC16E285AAF96A71C0B21043001A1C,11CEE79565FBECD79267BC2FF36C843436EF6D1B03636B7458085AEC9D855371,77C611ABCF4C5DF7F06C9011F6529C9FD318B096C7245299D43F4E1B95B14ABA,34125B19390C2636,2,2,False,train
T07_north_lateral,4107,48,4.7,"[-20, -8.6, 55]",C:\Users\lab\Counterfactual-XAI-Verifier\experiments\yolov8_search_comparison\diverse_training_scenario_split\data\diverse_training_scenario_split_v2\dataset\images\train\T07_north_lateral__frame_0048.png,C:\Users\lab\Counterfactual-XAI-Verifier\experiments\yolov8_search_comparison\diverse_training_scenario_split\data\diverse_training_scenario_split_v2\dataset\labels\train\T07_north_lateral__frame_0048.txt,9825C7E15716B977FB06AAB14D1CD2FF39CC02526DFD679F255673A4F8CFDF25,D4B08D2AF2C4DC7F4362CE005A97B6064C8E76060930970D9ABBD4E8E1F6498B,2B29D70F49BC06AC2D211D170EA1D6A4566A08A2908B5E3A9CDBB13AF96CF643,25B5333339196D64,2,2,False,train
T07_north_lateral,4107,58,5.7,"[-20, -6.600000000000001, 55]",C:\Users\lab\Counterfactual-XAI-Verifier\experiments\yolov8_search_comparison\diverse_training_scenario_split\data\diverse_training_scenario_split_v2\dataset\images\train\T07_north_lateral__frame_0058.png,C:\Users\lab\Counterfactual-XAI-Verifier\experiments\yolov8_search_comparison\diverse_training_scenario_split\data\diverse_training_scenario_split_v2\dataset\labels\train\T07_north_lateral__frame_0058.txt,2974C3D861600218D4170E44ACB2D3C4F9ABF9485C73CF779E53A036ABE56ECC,9FB9C2BA58EF3BD3B334C4B9336CA61443CA6EA2C45322B178F8ED01A4344F3A,4BCE37F71E4AF3338EE984C5D8092D028DD1BDF28FC32463D63EDF9EA206F450,4B616767B333DBC9,2,2,False,train
T07_north_lateral,4107,67,6.6,"[-20, -4.800000000000001, 55]",C:\Users\lab\Counterfactual-XAI-Verifier\experiments\yolov8_search_comparison\diverse_training_scenario_split\data\diverse_training_scenario_split_v2\dataset\images\train\T07_north_lateral__frame_0067.png,C:\Users\lab\Counterfactual-XAI-Verifier\experiments\yolov8_search_comparison\diverse_training_scenario_split\data\diverse_training_scenario_split_v2\dataset\labels\train\T07_north_lateral__frame_0067.txt,AC04A715AF213B7770CA4788A64863C58521014FA73D588FF7CB6B58D76DBD84,490CC12B36286DA2B52DE181838E49A23C2A2F86341F0868A6D8FD9E20DB116D,4A10618F3EEBD89B2DA218DEFC2F72155648A67DDB1F2F6008B61034BF4490B7,D2CA4FEF6672939B,2,2,False,train
T07_north_lateral,4107,77,7.6,"[-20, -2.8000000000000007, 55]",C:\Users\lab\Counterfactual-XAI-Verifier\experiments\yolov8_search_comparison\diverse_training_scenario_split\data\diverse_training_scenario_split_v2\dataset\images\train\T07_north_lateral__frame_0077.png,C:\Users\lab\Counterfactual-XAI-Verifier\experiments\yolov8_search_comparison\diverse_training_scenario_split\data\diverse_training_scenario_split_v2\dataset\labels\train\T07_north_lateral__frame_0077.txt,AFD5D32530630E00D0C26E1635B1521F6EEAD6C6B977E5C8E96616E1F4F63C3C,2AF6F7B5BD52C6CF48BF9F0C939E15DBCDFD533E60976F09CA17792E618AB4CC,4EAF9FEB06203B6E1A8BCA29C82472C191541109383E97956713A4B33DDFA31A,B593CEDFC6E62637,2,2,False,train
T07_north_lateral,4107,86,8.5,"[-20, -1, 55]",C:\Users\lab\Counterfactual-XAI-Verifier\experiments\yolov8_search_comparison\diverse_training_scenario_split\data\diverse_training_scenario_split_v2\dataset\images\train\T07_north_lateral__frame_0086.png,C:\Users\lab\Counterfactual-XAI-Verifier\experiments\yolov8_search_comparison\diverse_training_scenario_split\data\diverse_training_scenario_split_v2\dataset\labels\train\T07_north_lateral__frame_0086.txt,BC1E2204588DFA10066030CCDC2598683725C36D9C4E54D1F056EA97D57A4152,9B7169898960BBA98E9AE35D1FC52C43B8E8A9B6F727882EC94C00D61BD6EFC4,D067D96EEF6A5B513C48D07DC166C6E0F0985AEA742E847C41C5BD9302E945DD,2A959D9D8DCC6C6E,2,2,False,train
T07_north_lateral,4107,96,9.5,"[-20, 1, 55]",C:\Users\lab\Counterfactual-XAI-Verifier\experiments\yolov8_search_comparison\diverse_training_scenario_split\data\diverse_training_scenario_split_v2\dataset\images\train\T07_north_lateral__frame_0096.png,C:\Users\lab\Counterfactual-XAI-Verifier\experiments\yolov8_search_comparison\diverse_training_scenario_split\data\diverse_training_scenario_split_v2\dataset\labels\train\T07_north_lateral__frame_0096.txt,C86F3AF05BE0E36F52DA067DE555DEA2F1FE5BBD69D4FC4A73A0B6C518BE89FB,2C757A79F1F89471D18C65C80456E86D1775A39A39238133627782A6A8A1BE93,83F1255099499DCCE8CB7CF438218C816641D8CDBFEDC226F7C35E2027A77E92,4E2A3B3B1A98D84C,1,2,False,train
T07_north_lateral,4107,105,10.4,"[-20, 2.799999999999997, 55]",C:\Users\lab\Counterfactual-XAI-Verifier\experiments\yolov8_search_comparison\diverse_training_scenario_split\data\diverse_training_scenario_split_v2\dataset\images\train\T07_north_lateral__frame_0105.png,C:\Users\lab\Counterfactual-XAI-Verifier\experiments\yolov8_search_comparison\diverse_training_scenario_split\data\diverse_training_scenario_split_v2\dataset\labels\train\T07_north_lateral__frame_0105.txt,F6D173870987680E7C57AF342467BF25D9D8EC0CE219C96CD0D35F8B3E6AFE0C,0EE2586ABB21779CD3033DFD1C42591D3EBF42201F4B73D428D3F82F8C7CDD19,AD0639773DFC876D932EA1E4A3AF31D87F5F150FEF00D7580BB0BAE1EEB451AB,CD6432773591B898,1,2,False,train
T07_north_lateral,4107,115,11.4,"[-20, 4.799999999999997, 55]",C:\Users\lab\Counterfactual-XAI-Verifier\experiments\yolov8_search_comparison\diverse_training_scenario_split\data\diverse_training_scenario_split_v2\dataset\images\train\T07_north_lateral__frame_0115.png,C:\Users\lab\Counterfactual-XAI-Verifier\experiments\yolov8_search_comparison\diverse_training_scenario_split\data\diverse_training_scenario_split_v2\dataset\labels\train\T07_north_lateral__frame_0115.txt,61AA9C01F972699B46BF4AE7A2305EDFF693D769DB8B5515F59DB93722F376AC,B85F11EB5352B9405EF71897FBC7EF36F0AB54EFFCB97F9987CB28B1869BA986,B396E3B93F48784C567B3FEFB5BEBA5E05E6F35A60FFFA22039AFEA3166E40DB,895D64EE2A2230B0,1,1,False,train
T07_north_lateral,4107,124,12.3,"[-20, 6.600000000000001, 55]",C:\Users\lab\Counterfactual-XAI-Verifier\experiments\yolov8_search_comparison\diverse_training_scenario_split\data\diverse_training_scenario_split_v2\dataset\images\train\T07_north_lateral__frame_0124.png,C:\Users\lab\Counterfactual-XAI-Verifier\experiments\yolov8_search_comparison\diverse_training_scenario_split\data\diverse_training_scenario_split_v2\dataset\labels\train\T07_north_lateral__frame_0124.txt,D7B18C094F1C83461413C88E4402C2F65270A6506A0285DF9B9352D1E1595FEE,AD53B0E81D84074D254B16EB187ECC8B94F9898D149D275903CB536A8402991F,CA1BA436ADB071BB1C6F9C419F6D6F750BE175D3C2CF5F456D77A94D0D938160,92BA6DFC6C666160,1,1,False,train
T07_north_lateral,4107,134,13.3,"[-20, 8.600000000000001, 55]",C:\Users\lab\Counterfactual-XAI-Verifier\experiments\yolov8_search_comparison\diverse_training_scenario_split\data\diverse_training_scenario_split_v2\dataset\images\train\T07_north_lateral__frame_0134.png,C:\Users\lab\Counterfactual-XAI-Verifier\experiments\yolov8_search_comparison\diverse_training_scenario_split\data\diverse_training_scenario_split_v2\dataset\labels\train\T07_north_lateral__frame_0134.txt,EC362A7F1069E33DDF3F9B100137E3A5A222DB95872DE6EC91602BEFF5405624,1BBB9995D59C3D98938B87B1BC7BA4789C46063D27A498EFCE7B997AFA1225D1,9D1A7A06CC1F5856011CE98A2A4D259E6E45A46C55CE0708F17AA4E91DF4156A,3472DAF9D9C9C2C9,1,1,False,train
T07_north_lateral,4107,143,14.2,"[-20, 10.399999999999999, 55]",C:\Users\lab\Counterfactual-XAI-Verifier\experiments\yolov8_search_comparison\diverse_training_scenario_split\data\diverse_training_scenario_split_v2\dataset\images\train\T07_north_lateral__frame_0143.png,C:\Users\lab\Counterfactual-XAI-Verifier\experiments\yolov8_search_comparison\diverse_training_scenario_split\data\diverse_training_scenario_split_v2\dataset\labels\train\T07_north_lateral__frame_0143.txt,8B3A1C20FD6793E195C393DDE8904D79437D19790F36B1D9B3A1CFB3E43A324D,F0C71B9852747CA9B69D65ECD588911560547DE3FBD716745B4DEEB38482EC20,E22A1CE7B1A8C7FFD8306402762C334F977794F3E44B21F0CA2B9C77E45CFA7D,6864B4B2B29A8493,1,1,False,train
T07_north_lateral,4107,153,15.2,"[-20, 12.399999999999999, 55]",C:\Users\lab\Counterfactual-XAI-Verifier\experiments\yolov8_search_comparison\diverse_training_scenario_split\data\diverse_training_scenario_split_v2\dataset\images\train\T07_north_lateral__frame_0153.png,C:\Users\lab\Counterfactual-XAI-Verifier\experiments\yolov8_search_comparison\diverse_training_scenario_split\data\diverse_training_scenario_split_v2\dataset\labels\train\T07_north_lateral__frame_0153.txt,279092D81663FEFA42BEE15B3F7F8986D787DB4A738B99DFED6272A39033FAF1,8C122DD6ABBAB37F87850BAC8CD95D1026AC092798D73B5F59F66343961A433C,D6C9E389D40B85BC806904A9F221F9B9A9121DEF09CD2FEED7E052F238D94916,48C828E464250907,1,1,False,train
T07_north_lateral,4107,162,16.1,"[-20, 14.200000000000003, 55]",C:\Users\lab\Counterfactual-XAI-Verifier\experiments\yolov8_search_comparison\diverse_training_scenario_split\data\diverse_training_scenario_split_v2\dataset\images\train\T07_north_lateral__frame_0162.png,C:\Users\lab\Counterfactual-XAI-Verifier\experiments\yolov8_search_comparison\diverse_training_scenario_split\data\diverse_training_scenario_split_v2\dataset\labels\train\T07_north_lateral__frame_0162.txt,F7203A6059C8567E4A7678DEF1D510780C61D180B90DD1725DE8E8C30F1DD1DB,6D5EB5F7C91DB3A8BAAE7730624B6687B106C777B7B13A18C6120D094A21110B,E80284320759091E88EB0EEFD1C90E77DAD5DDC58E922249785C171E5F5B5772,91D048C9C969130E,0,1,False,train
T07_north_lateral,4107,172,17.1,"[-20, 16.199999999999996, 55]",C:\Users\lab\Counterfactual-XAI-Verifier\experiments\yolov8_search_comparison\diverse_training_scenario_split\data\diverse_training_scenario_split_v2\dataset\images\train\T07_north_lateral__frame_0172.png,C:\Users\lab\Counterfactual-XAI-Verifier\experiments\yolov8_search_comparison\diverse_training_scenario_split\data\diverse_training_scenario_split_v2\dataset\labels\train\T07_north_lateral__frame_0172.txt,2A2B631A84A920FBEDFE17A5FF7F0F3E9D87FC70D8170428C55E72CE12F2B5EB,E3B0C44298FC1C149AFBF4C8996FB92427AE41E4649B934CA495991B7852B855,9B251ECB551289920057176F2E0E2C4D754B20BD9CBB0A8CF73E2A027E60901A,A181919193D3261D,0,0,True,train
T07_north_lateral,4107,181,18.0,"[-20, 18, 55]",C:\Users\lab\Counterfactual-XAI-Verifier\experiments\yolov8_search_comparison\diverse_training_scenario_split\data\diverse_training_scenario_split_v2\dataset\images\train\T07_north_lateral__frame_0181.png,C:\Users\lab\Counterfactual-XAI-Verifier\experiments\yolov8_search_comparison\diverse_training_scenario_split\data\diverse_training_scenario_split_v2\dataset\labels\train\T07_north_lateral__frame_0181.txt,43F789D7357748F72F42E78BF204FC2260407A0C8B2044E2FF81462327B93CE2,E3B0C44298FC1C149AFBF4C8996FB92427AE41E4649B934CA495991B7852B855,C2FFBE75B3175A1462DBF20EAE3BAD03B793763DEA471C5B1F6F6092218B9E4F,4323232307A74D19,0,0,True,train
T08_south_lateral,4108,1,0.0,"[-16, 20, 62]",C:\Users\lab\Counterfactual-XAI-Verifier\experiments\yolov8_search_comparison\diverse_training_scenario_split\data\diverse_training_scenario_split_v2\dataset\images\train\T08_south_lateral__frame_0001.png,C:\Users\lab\Counterfactual-XAI-Verifier\experiments\yolov8_search_comparison\diverse_training_scenario_split\data\diverse_training_scenario_split_v2\dataset\labels\train\T08_south_lateral__frame_0001.txt,995D90955DDB825D877632906DD70466D9B659B537F0221CC39E706E4A8BB9D9,23AB487F486830CE03DBC97A21F502CA1AF7D9972A6DD526F7870F5B85E5A28B,F9B80CBCA8DCD9B6325CF52644AF2D088EA03D09B60DC6BDD65F86C06D276047,A797974757272727,1,1,False,train
T08_south_lateral,4108,10,0.9,"[-16, 18, 62]",C:\Users\lab\Counterfactual-XAI-Verifier\experiments\yolov8_search_comparison\diverse_training_scenario_split\data\diverse_training_scenario_split_v2\dataset\images\train\T08_south_lateral__frame_0010.png,C:\Users\lab\Counterfactual-XAI-Verifier\experiments\yolov8_search_comparison\diverse_training_scenario_split\data\diverse_training_scenario_split_v2\dataset\labels\train\T08_south_lateral__frame_0010.txt,85F032FFD15ED61AAC37FDC513B45B816DD7E81C94E5FDC1DF5360E5AB59DDBC,B6723AFA068243B0506C4050FB9A1B8DDF7A243DAF151FC9F096AD7074DB70F9,F5450702D119B782E91254DC0753C795A0F23182528F5FF152C44F8351FE844B,97D7476F6B938393,1,2,False,train
T08_south_lateral,4108,20,1.9,"[-16, 15.777777777777779, 62]",C:\Users\lab\Counterfactual-XAI-Verifier\experiments\yolov8_search_comparison\diverse_training_scenario_split\data\diverse_training_scenario_split_v2\dataset\images\train\T08_south_lateral__frame_0020.png,C:\Users\lab\Counterfactual-XAI-Verifier\experiments\yolov8_search_comparison\diverse_training_scenario_split\data\diverse_training_scenario_split_v2\dataset\labels\train\T08_south_lateral__frame_0020.txt,B4807A92F9840243F7F5CE6C8DC4C2333E2BA895CE97A60F27ED6EF99AB90CC1,1E1A5482BE49E0FF0B27E255CCA3A92AE78F4ED95F8629FD69C4E58989393B9B,EB1F2C4BEAE1F4AD7C2B33CB5FE77BDED8B20C8819D732B2393F5B0C2591826F,D34B2B23A3D343C3,1,2,False,train
T08_south_lateral,4108,29,2.8,"[-16, 13.777777777777779, 62]",C:\Users\lab\Counterfactual-XAI-Verifier\experiments\yolov8_search_comparison\diverse_training_scenario_split\data\diverse_training_scenario_split_v2\dataset\images\train\T08_south_lateral__frame_0029.png,C:\Users\lab\Counterfactual-XAI-Verifier\experiments\yolov8_search_comparison\diverse_training_scenario_split\data\diverse_training_scenario_split_v2\dataset\labels\train\T08_south_lateral__frame_0029.txt,7BEFEA14CA7ADAB2D4B9636BAAC7864BCC29EF43786C15AD2FDDA2F9EFF7DFBB,BA2B0B858629AC626470D76E088A53CE1ECC02FD675E2A000ED58EC014D559F6,A31521AA4BB3CC717667E6B4D853AE826137AE2A6CF56FF6F856EC43551E05E0,4BE7A591D5C92969,2,2,False,train
T08_south_lateral,4108,39,3.8,"[-16, 11.555555555555555, 62]",C:\Users\lab\Counterfactual-XAI-Verifier\experiments\yolov8_search_comparison\diverse_training_scenario_split\data\diverse_training_scenario_split_v2\dataset\images\train\T08_south_lateral__frame_0039.png,C:\Users\lab\Counterfactual-XAI-Verifier\experiments\yolov8_search_comparison\diverse_training_scenario_split\data\diverse_training_scenario_split_v2\dataset\labels\train\T08_south_lateral__frame_0039.txt,4105C56F337653659915F085F94DF2D265B22344AF72E6071138E80C228115FA,A5296B4989DF80304062D92F838FAFD46B2FE8BA5B03A940702EF36398C21402,5A02E2B82C4B51C15640F40E95A2F471EB7A437D8F8EFEC27C6E7DFDE6F8C029,25E5955B4AE4A0A4,2,2,False,train
T08_south_lateral,4108,48,4.7,"[-16, 9.555555555555555, 62]",C:\Users\lab\Counterfactual-XAI-Verifier\experiments\yolov8_search_comparison\diverse_training_scenario_split\data\diverse_training_scenario_split_v2\dataset\images\train\T08_south_lateral__frame_0048.png,C:\Users\lab\Counterfactual-XAI-Verifier\experiments\yolov8_search_comparison\diverse_training_scenario_split\data\diverse_training_scenario_split_v2\dataset\labels\train\T08_south_lateral__frame_0048.txt,4113C0AA4EC7E515168CF0CC3B3C7F548896E474628AFC6C09CDF3073D9912EF,73EDB86E6B71189EA8A2B9F371A216D907CB3B76D556A20D183ABBB8DA4A5C69,B5CBBE0AECE9A2DAD5C868F4BCEAA51530DBA98F8920FBDDAE6D95814FDD5956,3552524969F2D4D2,2,2,False,train
T08_south_lateral,4108,58,5.7,"[-16, 7.333333333333334, 62]",C:\Users\lab\Counterfactual-XAI-Verifier\experiments\yolov8_search_comparison\diverse_training_scenario_split\data\diverse_training_scenario_split_v2\dataset\images\train\T08_south_lateral__frame_0058.png,C:\Users\lab\Counterfactual-XAI-Verifier\experiments\yolov8_search_comparison\diverse_training_scenario_split\data\diverse_training_scenario_split_v2\dataset\labels\train\T08_south_lateral__frame_0058.txt,8916132AD11050309E76B8D0CB28BADB986122D95B6D252607C356D6359E4CD8,C0B44554E830C40732223DB07D274025E4E789C532A113F5EA19241190D3E9DC,52673966518E00F36849DCDD0AB1BB00D2384048DC4C9C2AC5D3EBAAA85BE302,127969A4B4726AE9,2,3,False,train
T08_south_lateral,4108,67,6.6,"[-16, 5.333333333333334, 62]",C:\Users\lab\Counterfactual-XAI-Verifier\experiments\yolov8_search_comparison\diverse_training_scenario_split\data\diverse_training_scenario_split_v2\dataset\images\train\T08_south_lateral__frame_0067.png,C:\Users\lab\Counterfactual-XAI-Verifier\experiments\yolov8_search_comparison\diverse_training_scenario_split\data\diverse_training_scenario_split_v2\dataset\labels\train\T08_south_lateral__frame_0067.txt,A4B9A9593A63F19480EBAE038664E49A8DE88955F8CB55C6C813D65BCB78E66A,D1A5E83BC9E6E136CC6A86BECE29D111C7296771B283BDA0FF52DEC7BE1B5E08,C42B8AD61601516FE32E8FD1492270EE44AB64AD2BCE1F9B0CF07BE3BA03ED76,3929A596D279216C,2,3,False,train
T08_south_lateral,4108,77,7.6,"[-16, 3.1111111111111107, 62]",C:\Users\lab\Counterfactual-XAI-Verifier\experiments\yolov8_search_comparison\diverse_training_scenario_split\data\diverse_training_scenario_split_v2\dataset\images\train\T08_south_lateral__frame_0077.png,C:\Users\lab\Counterfactual-XAI-Verifier\experiments\yolov8_search_comparison\diverse_training_scenario_split\data\diverse_training_scenario_split_v2\dataset\labels\train\T08_south_lateral__frame_0077.txt,EEA70009C78C122424173C35072FEF6BD7C53773ECE5D52B9CDA3F5B81F49631,4660B3FEB941A866F6C1B074982F77EFA1690A8DED6490C939BB0932787DA727,539D628604DE5A4F351E970688AE654AEE970B197AA9C9ECEE59A19EFF02C676,8DB4D4D25A3C3436,3,3,False,train
T08_south_lateral,4108,86,8.5,"[-16, 1.1111111111111107, 62]",C:\Users\lab\Counterfactual-XAI-Verifier\experiments\yolov8_search_comparison\diverse_training_scenario_split\data\diverse_training_scenario_split_v2\dataset\images\train\T08_south_lateral__frame_0086.png,C:\Users\lab\Counterfactual-XAI-Verifier\experiments\yolov8_search_comparison\diverse_training_scenario_split\data\diverse_training_scenario_split_v2\dataset\labels\train\T08_south_lateral__frame_0086.txt,7BB88CA57A29D98CE12B36CEEB95F0174CFF9C428BD58DA4FC0753771919E7B6,E63C87E66745F3030402D3B26FBDBC232FB56801BF838AEB1EA2EC7258B07850,4E63D1DBBEC4B5B8AD6F1B606136BE0796B76A7F8B50A91DC48D603419EFD160,C49E5A492D9C9ABA,3,3,False,train
T08_south_lateral,4108,96,9.5,"[-16, -1.1111111111111107, 62]",C:\Users\lab\Counterfactual-XAI-Verifier\experiments\yolov8_search_comparison\diverse_training_scenario_split\data\diverse_training_scenario_split_v2\dataset\images\train\T08_south_lateral__frame_0096.png,C:\Users\lab\Counterfactual-XAI-Verifier\experiments\yolov8_search_comparison\diverse_training_scenario_split\data\diverse_training_scenario_split_v2\dataset\labels\train\T08_south_lateral__frame_0096.txt,A8D47C6C2EE4FFD91048315DF8FA0C9B47CCCBD86FC20E34FB795542F43A58EF,4D0463C7DB5AE8C71EBDAE39216A7A92CF5343367B96E5526858932D4BD8A815,06E5207A690E93775E9884D0CE0116012DD0C2CA8B1E7899CB33D69D0F878B94,C65AA9A5AE9A99DD,3,3,False,train
T08_south_lateral,4108,105,10.4,"[-16, -3.111111111111107, 62]",C:\Users\lab\Counterfactual-XAI-Verifier\experiments\yolov8_search_comparison\diverse_training_scenario_split\data\diverse_training_scenario_split_v2\dataset\images\train\T08_south_lateral__frame_0105.png,C:\Users\lab\Counterfactual-XAI-Verifier\experiments\yolov8_search_comparison\diverse_training_scenario_split\data\diverse_training_scenario_split_v2\dataset\labels\train\T08_south_lateral__frame_0105.txt,0217C0F8CBD73B200FF61BC7DC055255C1D3026808B44028A5437B731EACD2C3,DDB3365777DF3256F4653D398A17B7EEE5D3940C0F17EAB97A0BECD1E73E8148,AF6FA1F38F043ACC4E467622D58BBF9679FE60534BA770BF623B7B33954AA39C,626DBDB4D7CDCC4D,3,2,False,train
T08_south_lateral,4108,115,11.4,"[-16, -5.333333333333332, 62]",C:\Users\lab\Counterfactual-XAI-Verifier\experiments\yolov8_search_comparison\diverse_training_scenario_split\data\diverse_training_scenario_split_v2\dataset\images\train\T08_south_lateral__frame_0115.png,C:\Users\lab\Counterfactual-XAI-Verifier\experiments\yolov8_search_comparison\diverse_training_scenario_split\data\diverse_training_scenario_split_v2\dataset\labels\train\T08_south_lateral__frame_0115.txt,CB46D184C7E797F0D2874020BC694B2FAD609794778098BABE70BA70344F4F71,52637222D7AA4BAD9713AADA577DCD5A45C71C8768F3B817B1A08CA5AEB60EFC,41FD7FF516ECD561A0082EBF13D1A9BC2BE030EC5CA3C9936E95AE0E06907CE2,E3A5D4D24F666626,2,2,False,train
T08_south_lateral,4108,124,12.3,"[-16, -7.333333333333336, 62]",C:\Users\lab\Counterfactual-XAI-Verifier\experiments\yolov8_search_comparison\diverse_training_scenario_split\data\diverse_training_scenario_split_v2\dataset\images\train\T08_south_lateral__frame_0124.png,C:\Users\lab\Counterfactual-XAI-Verifier\experiments\yolov8_search_comparison\diverse_training_scenario_split\data\diverse_training_scenario_split_v2\dataset\labels\train\T08_south_lateral__frame_0124.txt,CD370DF4DE14AFBC9302216BC05D461F8AADFBA394125B4491406E7179F2E63B,75F383D98BB1FE6449C63511CE0E599AC8802B49C8A6C19D75CF0A5426990349,C95A0703005BA58A6D7B474EAD066BD08606DE9FDB4DDBD6B7F53F32A6771536,F1B64A6A6AA7A7B7,2,2,False,train
T08_south_lateral,4108,134,13.3,"[-16, -9.555555555555557, 62]",C:\Users\lab\Counterfactual-XAI-Verifier\experiments\yolov8_search_comparison\diverse_training_scenario_split\data\diverse_training_scenario_split_v2\dataset\images\train\T08_south_lateral__frame_0134.png,C:\Users\lab\Counterfactual-XAI-Verifier\experiments\yolov8_search_comparison\diverse_training_scenario_split\data\diverse_training_scenario_split_v2\dataset\labels\train\T08_south_lateral__frame_0134.txt,21F006CFF529F266DCFE5ED9E5DBC2089C4FC11397DF9CBF067A8C9B1B150D1B,7FFB47E4D295607D4CDF4F7DDCD5870529CC83CAC659259284808257A3ECFD57,D575EEBC96BD14AC60FB3292E4CF6DD0A45E5D79BB667F3C62B058C45126D726,71D3AFAD35B35353,2,2,False,train
T08_south_lateral,4108,143,14.2,"[-16, -11.555555555555554, 62]",C:\Users\lab\Counterfactual-XAI-Verifier\experiments\yolov8_search_comparison\diverse_training_scenario_split\data\diverse_training_scenario_split_v2\dataset\images\train\T08_south_lateral__frame_0143.png,C:\Users\lab\Counterfactual-XAI-Verifier\experiments\yolov8_search_comparison\diverse_training_scenario_split\data\diverse_training_scenario_split_v2\dataset\labels\train\T08_south_lateral__frame_0143.txt,12C702E9A1B57E5F03CC5A5C5B52CD3E77530022D114B7C421D4D8B6EB1A3CF4,E06BB2C004C8606903E998DBFF7F3820666383D03935340766E2CA7A440A1EBE,1123EB64A3882BD3618C269992412A54FC7D5A0BC3BA994B2A775F387F21F421,597B35B4155B5929,2,2,False,train
T08_south_lateral,4108,153,15.2,"[-16, -13.777777777777779, 62]",C:\Users\lab\Counterfactual-XAI-Verifier\experiments\yolov8_search_comparison\diverse_training_scenario_split\data\diverse_training_scenario_split_v2\dataset\images\train\T08_south_lateral__frame_0153.png,C:\Users\lab\Counterfactual-XAI-Verifier\experiments\yolov8_search_comparison\diverse_training_scenario_split\data\diverse_training_scenario_split_v2\dataset\labels\train\T08_south_lateral__frame_0153.txt,79ADCB8A9D0B22A0A1839D12EA94F15999C9500E8C07B91056A43C3951ACF89E,2B6B896A9E3693F49E81D1FAF9318FE7ACBB8D8C9FE6484EDE1CE9A2E44FEE75,90E9B89FA457CE7CF17E06734C2AFE9A60FAC2C85BCFC892F901E9A4DC98C111,7869165A1A292D2C,2,2,False,train
T08_south_lateral,4108,162,16.1,"[-16, -15.777777777777779, 62]",C:\Users\lab\Counterfactual-XAI-Verifier\experiments\yolov8_search_comparison\diverse_training_scenario_split\data\diverse_training_scenario_split_v2\dataset\images\train\T08_south_lateral__frame_0162.png,C:\Users\lab\Counterfactual-XAI-Verifier\experiments\yolov8_search_comparison\diverse_training_scenario_split\data\diverse_training_scenario_split_v2\dataset\labels\train\T08_south_lateral__frame_0162.txt,1BE52B519462B45A37306497291A37B9BA859178354E21A25C34E9790A16D3DE,8EAC0DBA5C3C65C880EF48B747BC6B65462C1B0574E2278534B529212CB68EEF,40EF7A08C0C80884A379854FDE222CEFDBAB266DF63064EAF2CF9842DCC8F142,ACAD0A2A2D2C1416,2,2,False,train
T08_south_lateral,4108,172,17.1,"[-16, -18, 62]",C:\Users\lab\Counterfactual-XAI-Verifier\experiments\yolov8_search_comparison\diverse_training_scenario_split\data\diverse_training_scenario_split_v2\dataset\images\train\T08_south_lateral__frame_0172.png,C:\Users\lab\Counterfactual-XAI-Verifier\experiments\yolov8_search_comparison\diverse_training_scenario_split\data\diverse_training_scenario_split_v2\dataset\labels\train\T08_south_lateral__frame_0172.txt,1508457DB6FD864AE824AFDBACABF463FB53A971BFB808BEAB003874F289C0C3,23EDF5CB87CC8737D5E7D7293ED6BFDD3DEE633261572B7636E06990D9972DCD,316DB81E2C1BD93E7E022C01BD6F67B0B0FED0217D058F528CD72F01D1332B40,B4B48DAD8496928A,2,1,False,train
T08_south_lateral,4108,181,18.0,"[-16, -20, 62]",C:\Users\lab\Counterfactual-XAI-Verifier\experiments\yolov8_search_comparison\diverse_training_scenario_split\data\diverse_training_scenario_split_v2\dataset\images\train\T08_south_lateral__frame_0181.png,C:\Users\lab\Counterfactual-XAI-Verifier\experiments\yolov8_search_comparison\diverse_training_scenario_split\data\diverse_training_scenario_split_v2\dataset\labels\train\T08_south_lateral__frame_0181.txt,8C90DA3D3898BA6B46F376BAD61E00EB85192FF67D257CEA2E82ADB578AEB765,96EE042BA577E589AF2B275BEE2377144D11FBB745646C576D66180C4DD03B02,6ED78FB24B865C714936F946AB6977FF06D7FD67BBA044F27CFE21E40CE58B3D,D6D6C5D4C6CBCBCB,1,1,False,train
T09_diagonal_swnE,4109,1,0.0,"[-32, -16, 56]",C:\Users\lab\Counterfactual-XAI-Verifier\experiments\yolov8_search_comparison\diverse_training_scenario_split\data\diverse_training_scenario_split_v2\dataset\images\train\T09_diagonal_swnE__frame_0001.png,C:\Users\lab\Counterfactual-XAI-Verifier\experiments\yolov8_search_comparison\diverse_training_scenario_split\data\diverse_training_scenario_split_v2\dataset\labels\train\T09_diagonal_swnE__frame_0001.txt,00F1620ED46EC57591A03308C3C151676BE7281800D1EA81D75D937FA5A90B92,E3B0C44298FC1C149AFBF4C8996FB92427AE41E4649B934CA495991B7852B855,92CAFD73FF2DDC52F514E0BE1DAB0853FD167B8D462E226E1037B9187B4B59EE,0B0D0D0204C0C0C0,0,0,True,train
T09_diagonal_swnE,4109,10,0.9,"[-29.8, -14.5, 56]",C:\Users\lab\Counterfactual-XAI-Verifier\experiments\yolov8_search_comparison\diverse_training_scenario_split\data\diverse_training_scenario_split_v2\dataset\images\train\T09_diagonal_swnE__frame_0010.png,C:\Users\lab\Counterfactual-XAI-Verifier\experiments\yolov8_search_comparison\diverse_training_scenario_split\data\diverse_training_scenario_split_v2\dataset\labels\train\T09_diagonal_swnE__frame_0010.txt,71FAAE9BDEAC0A012460C362AF3EF78885C9E47FE70F1110F3F12C78209CA6A4,E3B0C44298FC1C149AFBF4C8996FB92427AE41E4649B934CA495991B7852B855,99BFDDC98002E94C59D3D56E5F1F01949D77D626D802277D6B222E8CA3D6182C,061A092915088080,0,0,True,train
T09_diagonal_swnE,4109,20,1.9,"[-27.355555555555554, -12.833333333333334, 56]",C:\Users\lab\Counterfactual-XAI-Verifier\experiments\yolov8_search_comparison\diverse_training_scenario_split\data\diverse_training_scenario_split_v2\dataset\images\train\T09_diagonal_swnE__frame_0020.png,C:\Users\lab\Counterfactual-XAI-Verifier\experiments\yolov8_search_comparison\diverse_training_scenario_split\data\diverse_training_scenario_split_v2\dataset\labels\train\T09_diagonal_swnE__frame_0020.txt,9DC92E56F12961BBA409295855E6D173BF512346D70AE13EF78B884F43C5D8AF,F644E710C6E6B3415A444301B694404666E78F5D5F2D8B1EB5D3441719ADD46D,44C4FE84BA69A83521345B63ADFE1D85E96E7856CE38686106BE42753FAAA77D,0D0C161A1B050800,1,0,False,train
T09_diagonal_swnE,4109,29,2.8,"[-25.155555555555555, -11.333333333333332, 56]",C:\Users\lab\Counterfactual-XAI-Verifier\experiments\yolov8_search_comparison\diverse_training_scenario_split\data\diverse_training_scenario_split_v2\dataset\images\train\T09_diagonal_swnE__frame_0029.png,C:\Users\lab\Counterfactual-XAI-Verifier\experiments\yolov8_search_comparison\diverse_training_scenario_split\data\diverse_training_scenario_split_v2\dataset\labels\train\T09_diagonal_swnE__frame_0029.txt,7D77EC43AAD265725AAB7AEDE28203937076890171DA2F4FA9F21C7404B577EF,7333C9217E97C4AC13999E547018E61AB2678EFD21D6A24421460AD1B5585243,B5EA9FEFCA08812756F11DACE88478A65A25D075094CF72202F4985B3C764B05,19190D3432521305,1,1,False,train
T09_diagonal_swnE,4109,39,3.8,"[-22.71111111111111, -9.666666666666668, 56]",C:\Users\lab\Counterfactual-XAI-Verifier\experiments\yolov8_search_comparison\diverse_training_scenario_split\data\diverse_training_scenario_split_v2\dataset\images\train\T09_diagonal_swnE__frame_0039.png,C:\Users\lab\Counterfactual-XAI-Verifier\experiments\yolov8_search_comparison\diverse_training_scenario_split\data\diverse_training_scenario_split_v2\dataset\labels\train\T09_diagonal_swnE__frame_0039.txt,8F87301FBDD9C9123703C15610FDAC291BC3A7FBE24E757A89745EEA16C89EF2,8E4BD6E53F5374FDF2CA8302EED3D2D28BDE2CA55FCC6EC5A8F2BB283476F157,764589E888ABB7DEFBB736D6347F91049A13A5AEB8430A7E87882B68D2280C80,31131B196D653436,1,0,False,train
T09_diagonal_swnE,4109,48,4.7,"[-20.511111111111113, -8.166666666666666, 56]",C:\Users\lab\Counterfactual-XAI-Verifier\experiments\yolov8_search_comparison\diverse_training_scenario_split\data\diverse_training_scenario_split_v2\dataset\images\train\T09_diagonal_swnE__frame_0048.png,C:\Users\lab\Counterfactual-XAI-Verifier\experiments\yolov8_search_comparison\diverse_training_scenario_split\data\diverse_training_scenario_split_v2\dataset\labels\train\T09_diagonal_swnE__frame_0048.txt,82B2E00CBECE1BF3CA093B5C1BC2B51BB795C8B875AEDC244DD8002B5592B016,99D7E8C83ADF2DA7F79C2C954B0F85CFBFCCF4BF4F53E2AB0E5C2132F64DA128,DBDF4786CB79ECD0914FA36B03F1DE8360F350686FE9FA6426E445EA65F3C9B9,69B5B33353194D6D,1,0,False,train
T09_diagonal_swnE,4109,58,5.7,"[-18.066666666666666, -6.5, 56]",C:\Users\lab\Counterfactual-XAI-Verifier\experiments\yolov8_search_comparison\diverse_training_scenario_split\data\diverse_training_scenario_split_v2\dataset\images\train\T09_diagonal_swnE__frame_0058.png,C:\Users\lab\Counterfactual-XAI-Verifier\experiments\yolov8_search_comparison\diverse_training_scenario_split\data\diverse_training_scenario_split_v2\dataset\labels\train\T09_diagonal_swnE__frame_0058.txt,DC872E11831D0DD47002911C46333B166D8DEB5DF440E9686E3D8ADF0B51C211,3D9BED1E6747C799D57F32E1FCBEFA0B71743DC7EC8B5A2FFB041A307E9F3A1F,0B920ABDC0E3F538DB8C81B3FAE1060441D2D1847E3158A41007980DD757556C,DA4A636767A7B31B,1,1,False,train
T09_diagonal_swnE,4109,67,6.6,"[-15.866666666666667, -5, 56]",C:\Users\lab\Counterfactual-XAI-Verifier\experiments\yolov8_search_comparison\diverse_training_scenario_split\data\diverse_training_scenario_split_v2\dataset\images\train\T09_diagonal_swnE__frame_0067.png,C:\Users\lab\Counterfactual-XAI-Verifier\experiments\yolov8_search_comparison\diverse_training_scenario_split\data\diverse_training_scenario_split_v2\dataset\labels\train\T09_diagonal_swnE__frame_0067.txt,A9CC42CBF3A2A1E66445DA972E58A532328084540B5A7C3A5A68EE3D0A2E1974,81D906D301A338879BB46364E5F4F7C2D42C1C4D281D9836F908DC96BE77B808,3E0898677F703DD8883AF4BFEECC765C3D496FC6BAC0883105750C1B93AE4F61,9692D2C2CEC76E63,0,1,False,train
T09_diagonal_swnE,4109,77,7.6,"[-13.42222222222222, -3.333333333333334, 56]",C:\Users\lab\Counterfactual-XAI-Verifier\experiments\yolov8_search_comparison\diverse_training_scenario_split\data\diverse_training_scenario_split_v2\dataset\images\train\T09_diagonal_swnE__frame_0077.png,C:\Users\lab\Counterfactual-XAI-Verifier\experiments\yolov8_search_comparison\diverse_training_scenario_split\data\diverse_training_scenario_split_v2\dataset\labels\train\T09_diagonal_swnE__frame_0077.txt,E99241E472C04498B35BF8C2685E290FB077C63D3054961E6A14CF618F5CAA69,28332838CE3C9AEEF94C5185EA64EB139A8EBAD7BA3325559560859686636A7F,EFF485D443814F3103061D86126C6C54BE3CCDD83A1D9A90215B35A695F16A03,8434343696CE8E8F,0,1,False,train
T09_diagonal_swnE,4109,86,8.5,"[-11.222222222222221, -1.833333333333334, 56]",C:\Users\lab\Counterfactual-XAI-Verifier\experiments\yolov8_search_comparison\diverse_training_scenario_split\data\diverse_training_scenario_split_v2\dataset\images\train\T09_diagonal_swnE__frame_0086.png,C:\Users\lab\Counterfactual-XAI-Verifier\experiments\yolov8_search_comparison\diverse_training_scenario_split\data\diverse_training_scenario_split_v2\dataset\labels\train\T09_diagonal_swnE__frame_0086.txt,12BDFF2D2A07F67931045CB27E04C38306FFD24428EBE224A86D516AE513A21C,FB45DAC33C4619BC68D8DB95DEDCA9904C38ED872C3533F957838A93CC2EB69A,DB2E18B2BFEC632F3827B6A765475BCD7F9B58B0DF1900DF447A0490120122F2,C91DEC6C6C251D9E,0,1,False,train
T09_diagonal_swnE,4109,96,9.5,"[-8.777777777777779, -0.16666666666666607, 56]",C:\Users\lab\Counterfactual-XAI-Verifier\experiments\yolov8_search_comparison\diverse_training_scenario_split\data\diverse_training_scenario_split_v2\dataset\images\train\T09_diagonal_swnE__frame_0096.png,C:\Users\lab\Counterfactual-XAI-Verifier\experiments\yolov8_search_comparison\diverse_training_scenario_split\data\diverse_training_scenario_split_v2\dataset\labels\train\T09_diagonal_swnE__frame_0096.txt,9B937301DF574CB25259ABE064822B11EDB8E79ADA3C065F61140546B0742D8B,05778466A9E851A4F38265FCFA93EF03B9D5B2DD98A6C62B720ECBF267A10194,4E34071B882D4041B58ECFEA7DFA9ED1A94162E979047A9740B2FC9729B84506,939B2B29C84C6C4D,1,1,False,train
T09_diagonal_swnE,4109,105,10.4,"[-6.577777777777779, 1.3333333333333321, 56]",C:\Users\lab\Counterfactual-XAI-Verifier\experiments\yolov8_search_comparison\diverse_training_scenario_split\data\diverse_training_scenario_split_v2\dataset\images\train\T09_diagonal_swnE__frame_0105.png,C:\Users\lab\Counterfactual-XAI-Verifier\experiments\yolov8_search_comparison\diverse_training_scenario_split\data\diverse_training_scenario_split_v2\dataset\labels\train\T09_diagonal_swnE__frame_0105.txt,86F19C09DAE97444F485C43DA6A5856D46C8053EF03735E09D5768234CBBC62B,E72012A4E389F3DF77C0A40D4DE5C054C34DFA51F6556003C685F45B975F051E,91F5F82A08DFB41490B241800B074D7DD27F4C7B8E46B2D972089DD10B992E2F,66A61B7B1B999898,1,1,False,train
T09_diagonal_swnE,4109,115,11.4,"[-4.133333333333333, 3, 56]",C:\Users\lab\Counterfactual-XAI-Verifier\experiments\yolov8_search_comparison\diverse_training_scenario_split\data\diverse_training_scenario_split_v2\dataset\images\train\T09_diagonal_swnE__frame_0115.png,C:\Users\lab\Counterfactual-XAI-Verifier\experiments\yolov8_search_comparison\diverse_training_scenario_split\data\diverse_training_scenario_split_v2\dataset\labels\train\T09_diagonal_swnE__frame_0115.txt,C91BF99B070C640AFCB4DD989105CDCD203D0012DC48228065D24147AFD331C3,67B2A669E7817383C760D2CF054069B3868EA196EC1F036BEB55DF1FAAD47863,F5E5E2D87F40F37ACC582A12015D852B7DF09D51F9DA4822680D380FE5C93237,D14C443672363331,1,1,False,train
T09_diagonal_swnE,4109,124,12.3,"[-1.9333333333333336, 4.5, 56]",C:\Users\lab\Counterfactual-XAI-Verifier\experiments\yolov8_search_comparison\diverse_training_scenario_split\data\diverse_training_scenario_split_v2\dataset\images\train\T09_diagonal_swnE__frame_0124.png,C:\Users\lab\Counterfactual-XAI-Verifier\experiments\yolov8_search_comparison\diverse_training_scenario_split\data\diverse_training_scenario_split_v2\dataset\labels\train\T09_diagonal_swnE__frame_0124.txt,3BD8F6C2DFCCBCD889338363A26FD429BC8B95E1DA2D0EE9D93802D7E8F62819,AE14F7404B3B3D9D9440717DC2FE95CD11F34E8C98E551D5B946C01883543D40,2D01D207AE97765C0AA937ED6F8E4E8A1E3CB4DBEDB08AE0EFD70635437343C1,B0A2D9CC6C246466,1,1,False,train
T09_diagonal_swnE,4109,134,13.3,"[0.5111111111111128, 6.166666666666668, 56]",C:\Users\lab\Counterfactual-XAI-Verifier\experiments\yolov8_search_comparison\diverse_training_scenario_split\data\diverse_training_scenario_split_v2\dataset\images\train\T09_diagonal_swnE__frame_0134.png,C:\Users\lab\Counterfactual-XAI-Verifier\experiments\yolov8_search_comparison\diverse_training_scenario_split\data\diverse_training_scenario_split_v2\dataset\labels\train\T09_diagonal_swnE__frame_0134.txt,70327A644DF04650ACEE9AF4FCFBD0D2E199A19F4141905F02762F04AF6EBD8A,0FD884AEA20E57EDF2F9BCF071F6A62629576EE89AB278DCC84FB85AD59EE4CC,2347BF9354A7E080ED6A09E78FEBBA6F020318D373F9BB1944C71FC225FAF978,253422929AB9696D,1,1,False,train
T09_diagonal_swnE,4109,143,14.2,"[2.7111111111111086, 7.666666666666664, 56]",C:\Users\lab\Counterfactual-XAI-Verifier\experiments\yolov8_search_comparison\diverse_training_scenario_split\data\diverse_training_scenario_split_v2\dataset\images\train\T09_diagonal_swnE__frame_0143.png,C:\Users\lab\Counterfactual-XAI-Verifier\experiments\yolov8_search_comparison\diverse_training_scenario_split\data\diverse_training_scenario_split_v2\dataset\labels\train\T09_diagonal_swnE__frame_0143.txt,743552E955BCCFC3B2DB93F84C56D66CB8425B193B1833AA00D59A752D77ED34,31CDB008AEB6DAE808B74C33EA645D3284D2E836A367530876A4C70FA6131226,66CC8AA3338E99A3E835C96E678A8E7DD38F4F0736D626F17C821C6A7A7482E0,5A296146243432D2,1,1,False,train
T09_diagonal_swnE,4109,153,15.2,"[5.1555555555555586, 9.333333333333332, 56]",C:\Users\lab\Counterfactual-XAI-Verifier\experiments\yolov8_search_comparison\diverse_training_scenario_split\data\diverse_training_scenario_split_v2\dataset\images\train\T09_diagonal_swnE__frame_0153.png,C:\Users\lab\Counterfactual-XAI-Verifier\experiments\yolov8_search_comparison\diverse_training_scenario_split\data\diverse_training_scenario_split_v2\dataset\labels\train\T09_diagonal_swnE__frame_0153.txt,208DB5DE4D6FF7538E0447BC8222CD03F1E0B584B6F8E90681202D086084E93B,6DF383F09981F3BD90F3551D486F134218C35E8BE69ACEA50E1524A59F0AE273,5F78C84395B945FA91DBE1C40BA485F49DA75440A44B40A0152563D3A99B3933,72524D4A84884868,1,1,False,train
T09_diagonal_swnE,4109,162,16.1,"[7.355555555555554, 10.833333333333336, 56]",C:\Users\lab\Counterfactual-XAI-Verifier\experiments\yolov8_search_comparison\diverse_training_scenario_split\data\diverse_training_scenario_split_v2\dataset\images\train\T09_diagonal_swnE__frame_0162.png,C:\Users\lab\Counterfactual-XAI-Verifier\experiments\yolov8_search_comparison\diverse_training_scenario_split\data\diverse_training_scenario_split_v2\dataset\labels\train\T09_diagonal_swnE__frame_0162.txt,F56E4615EBE983BE8D3B37A88787F2563FC7F64E1C7A7E53530411C5F7D6F12F,CC8F27938E4DBCD38951C065D33DBA2EC4E659DAE9BEF149F6DA7FC5A9BCEC3F,91DE7A337074544CF7A9FDE94569C631CB84A6BD8188671B44CDEBDDD626175C,68E4B4C8D2000890,0,1,False,train
T09_diagonal_swnE,4109,172,17.1,"[9.799999999999997, 12.5, 56]",C:\Users\lab\Counterfactual-XAI-Verifier\experiments\yolov8_search_comparison\diverse_training_scenario_split\data\diverse_training_scenario_split_v2\dataset\images\train\T09_diagonal_swnE__frame_0172.png,C:\Users\lab\Counterfactual-XAI-Verifier\experiments\yolov8_search_comparison\diverse_training_scenario_split\data\diverse_training_scenario_split_v2\dataset\labels\train\T09_diagonal_swnE__frame_0172.txt,C4B25D84658EDEF4E0DE826B9B59ECD53ABF28AF7A4069D08A778500BC181718,3C90B79DC3CA21B555BD4DF66D38476C12977F40149061DCCB96D514604DBCBA,4CD69936D570327B0772586E1A5CC1175345C8FA449EB02EA5E2CBEC9A4F7BD4,48C8C864A89AA498,0,1,False,train
T09_diagonal_swnE,4109,181,18.0,"[12, 14, 56]",C:\Users\lab\Counterfactual-XAI-Verifier\experiments\yolov8_search_comparison\diverse_training_scenario_split\data\diverse_training_scenario_split_v2\dataset\images\train\T09_diagonal_swnE__frame_0181.png,C:\Users\lab\Counterfactual-XAI-Verifier\experiments\yolov8_search_comparison\diverse_training_scenario_split\data\diverse_training_scenario_split_v2\dataset\labels\train\T09_diagonal_swnE__frame_0181.txt,57F6DAD9CABB6A515F516A47A25E854E67AB1BA8C7DD8C58C54633A729139A68,E3B0C44298FC1C149AFBF4C8996FB92427AE41E4649B934CA495991B7852B855,8756AEBE9DE3D290FF167BA0039B67F86D80845C5AB52109BA0C25FBE4FF2413,819190C8C8483424,0,0,True,train
T10_diagonal_nwse,4110,1,0.0,"[-30, 16, 51]",C:\Users\lab\Counterfactual-XAI-Verifier\experiments\yolov8_search_comparison\diverse_training_scenario_split\data\diverse_training_scenario_split_v2\dataset\images\train\T10_diagonal_nwse__frame_0001.png,C:\Users\lab\Counterfactual-XAI-Verifier\experiments\yolov8_search_comparison\diverse_training_scenario_split\data\diverse_training_scenario_split_v2\dataset\labels\train\T10_diagonal_nwse__frame_0001.txt,09675BCC21F3580A139CF4C67FC0ECAF4CDC8242E980F54FE744B6E8660D9DB9,E3B0C44298FC1C149AFBF4C8996FB92427AE41E4649B934CA495991B7852B855,61F581B2B2FA8C3A8AC54F945F1312516D46C5201659AA0665E70BC4FE086F0E,0101010101010101,0,0,True,train
T10_diagonal_nwse,4110,10,0.9,"[-27.8, 14.5, 51.5]",C:\Users\lab\Counterfactual-XAI-Verifier\experiments\yolov8_search_comparison\diverse_training_scenario_split\data\diverse_training_scenario_split_v2\dataset\images\train\T10_diagonal_nwse__frame_0010.png,C:\Users\lab\Counterfactual-XAI-Verifier\experiments\yolov8_search_comparison\diverse_training_scenario_split\data\diverse_training_scenario_split_v2\dataset\labels\train\T10_diagonal_nwse__frame_0010.txt,63249C59928527149479207358C2D8D07478E1B88D7686D8D2B58FC2CB4B24FF,E3B0C44298FC1C149AFBF4C8996FB92427AE41E4649B934CA495991B7852B855,8FD37336CB7E1B30A6BA2F3F3D6430EE581E08CF297EE106A6B6D6FF7FA1BC27,070C000000000000,0,0,True,train
T10_diagonal_nwse,4110,20,1.9,"[-25.355555555555554, 12.833333333333334, 52.05555555555556]",C:\Users\lab\Counterfactual-XAI-Verifier\experiments\yolov8_search_comparison\diverse_training_scenario_split\data\diverse_training_scenario_split_v2\dataset\images\train\T10_diagonal_nwse__frame_0020.png,C:\Users\lab\Counterfactual-XAI-Verifier\experiments\yolov8_search_comparison\diverse_training_scenario_split\data\diverse_training_scenario_split_v2\dataset\labels\train\T10_diagonal_nwse__frame_0020.txt,86E57BC1C3F81CCEF53CFFB2CDB855C7436AD099FB87F9EA64370FB95FA96481,E3B0C44298FC1C149AFBF4C8996FB92427AE41E4649B934CA495991B7852B855,34F755016110AC3164B43AFB37CE339D936E4A7F8705008083B19CFA4256980E,2505830420000000,0,0,True,train
T10_diagonal_nwse,4110,29,2.8,"[-23.155555555555555, 11.333333333333332, 52.55555555555556]",C:\Users\lab\Counterfactual-XAI-Verifier\experiments\yolov8_search_comparison\diverse_training_scenario_split\data\diverse_training_scenario_split_v2\dataset\images\train\T10_diagonal_nwse__frame_0029.png,C:\Users\lab\Counterfactual-XAI-Verifier\experiments\yolov8_search_comparison\diverse_training_scenario_split\data\diverse_training_scenario_split_v2\dataset\labels\train\T10_diagonal_nwse__frame_0029.txt,43D68D237F3FCACCBACC1E498EF001ABA3D0AC158DDE22CDDF29CE98B757F98C,E3B0C44298FC1C149AFBF4C8996FB92427AE41E4649B934CA495991B7852B855,34E8374B4F039EEA133BB7D3A2F228B282B1AF15BFA5F606338EA98CBCA60854,F2B2128D83808080,0,0,True,train
T10_diagonal_nwse,4110,39,3.8,"[-20.71111111111111, 9.666666666666668, 53.111111111111114]",C:\Users\lab\Counterfactual-XAI-Verifier\experiments\yolov8_search_comparison\diverse_training_scenario_split\data\diverse_training_scenario_split_v2\dataset\images\train\T10_diagonal_nwse__frame_0039.png,C:\Users\lab\Counterfactual-XAI-Verifier\experiments\yolov8_search_comparison\diverse_training_scenario_split\data\diverse_training_scenario_split_v2\dataset\labels\train\T10_diagonal_nwse__frame_0039.txt,02AA2E1B11E9FADD7B533CE9E244A0A6F56EC95317C4DCC484DA8ED9D43FDDC2,04F729A1C140BF5DE127FF8C7B8495FA3657B10C109F1875E22DE832384AF421,111B91DB7411F0944EECB8AE74BB299FC83B5DE73DC1039738EA94FA6AAC5548,B492F999898681C0,1,1,False,train
T10_diagonal_nwse,4110,48,4.7,"[-18.511111111111113, 8.166666666666666, 53.611111111111114]",C:\Users\lab\Counterfactual-XAI-Verifier\experiments\yolov8_search_comparison\diverse_training_scenario_split\data\diverse_training_scenario_split_v2\dataset\images\train\T10_diagonal_nwse__frame_0048.png,C:\Users\lab\Counterfactual-XAI-Verifier\experiments\yolov8_search_comparison\diverse_training_scenario_split\data\diverse_training_scenario_split_v2\dataset\labels\train\T10_diagonal_nwse__frame_0048.txt,A0701A61AAE0562F33E43A8F4A91C09FC3C20197B3E31A32859786B5BFD3D731,0A233CF7DD447A7DC3D1775EE8F11D7210052A6E3F96F3BBCD8F0B95D9DA264F,4862DF776F3F8A7B7CA31352F380CD54DFE5FA85DE666BBA4A623D3DF80FFF4E,7550DAD9FCCCC4C3,1,1,False,train
T10_diagonal_nwse,4110,58,5.7,"[-16.066666666666666, 6.5, 54.166666666666664]",C:\Users\lab\Counterfactual-XAI-Verifier\experiments\yolov8_search_comparison\diverse_training_scenario_split\data\diverse_training_scenario_split_v2\dataset\images\train\T10_diagonal_nwse__frame_0058.png,C:\Users\lab\Counterfactual-XAI-Verifier\experiments\yolov8_search_comparison\diverse_training_scenario_split\data\diverse_training_scenario_split_v2\dataset\labels\train\T10_diagonal_nwse__frame_0058.txt,06A28F9E893B6ABBC807995389343EC8F689D562697116A708B82C70E2DD7C78,645956DB3E0701E255C5C121C30ED13398C56ACDE04B07A5DCCBF0728385DE9B,2BE783287FBF134D04EB73A20695EE039419096AB98C2EA0B302E91874DB6F45,6374746969ECEE46,1,1,False,train
T10_diagonal_nwse,4110,67,6.6,"[-13.866666666666667, 5, 54.666666666666664]",C:\Users\lab\Counterfactual-XAI-Verifier\experiments\yolov8_search_comparison\diverse_training_scenario_split\data\diverse_training_scenario_split_v2\dataset\images\train\T10_diagonal_nwse__frame_0067.png,C:\Users\lab\Counterfactual-XAI-Verifier\experiments\yolov8_search_comparison\diverse_training_scenario_split\data\diverse_training_scenario_split_v2\dataset\labels\train\T10_diagonal_nwse__frame_0067.txt,D0A8D94E254E37D7D72FF4AAF2D8B052B01B6156A873A5F9E35A1B9B5EE6D0E3,56984F13D5147C4CA2E23B7604417C310A70CA2249B63299CDF62570E5EA5650,434F340EFE05FDACD47C28AD1774C383B6460254B654F6D767D532DF56120E58,662432AA6C656676,1,1,False,train
T10_diagonal_nwse,4110,77,7.6,"[-11.42222222222222, 3.333333333333334, 55.22222222222222]",C:\Users\lab\Counterfactual-XAI-Verifier\experiments\yolov8_search_comparison\diverse_training_scenario_split\data\diverse_training_scenario_split_v2\dataset\images\train\T10_diagonal_nwse__frame_0077.png,C:\Users\lab\Counterfactual-XAI-Verifier\experiments\yolov8_search_comparison\diverse_training_scenario_split\data\diverse_training_scenario_split_v2\dataset\labels\train\T10_diagonal_nwse__frame_0077.txt,DD7CBEDDDA4786B9ED1A12E00E559B30CB892DC24ECF27B640227F02F28602BA,96900E8B956E7155543AC39616A9341A98CC8A149476064D777AF1CA80560FDF,4CD0CEE96D0BEF966ACC2C5E505C3029A7620D3D97C27CBCF404B5D4B835FBE8,34F6B2B091B53632,1,1,False,train
T10_diagonal_nwse,4110,86,8.5,"[-9.222222222222221, 1.833333333333334, 55.72222222222222]",C:\Users\lab\Counterfactual-XAI-Verifier\experiments\yolov8_search_comparison\diverse_training_scenario_split\data\diverse_training_scenario_split_v2\dataset\images\train\T10_diagonal_nwse__frame_0086.png,C:\Users\lab\Counterfactual-XAI-Verifier\experiments\yolov8_search_comparison\diverse_training_scenario_split\data\diverse_training_scenario_split_v2\dataset\labels\train\T10_diagonal_nwse__frame_0086.txt,66D7B605CD95735D96630E85D2CB3BCE88B2F8D76B83C39EAA74DD9A00DD261A,DC0FBD433AC63FBADBD9DBB041ABD1AD784FC8934CB97EB887BCD35CBC4E3FDC,722FA2672F223F8CC646AA9404A66B106A95829ED0367FC79F67F2E5AACEAB9B,261253939198DA3A,0,1,False,train
T10_diagonal_nwse,4110,96,9.5,"[-6.777777777777779, 0.16666666666666607, 56.27777777777778]",C:\Users\lab\Counterfactual-XAI-Verifier\experiments\yolov8_search_comparison\diverse_training_scenario_split\data\diverse_training_scenario_split_v2\dataset\images\train\T10_diagonal_nwse__frame_0096.png,C:\Users\lab\Counterfactual-XAI-Verifier\experiments\yolov8_search_comparison\diverse_training_scenario_split\data\diverse_training_scenario_split_v2\dataset\labels\train\T10_diagonal_nwse__frame_0096.txt,EB12FACFA07FB2F36C9CD6E6C61532473536E691B32FF8110F3B0CBEE4A83452,CF93166C88D784B96BEDF3A880F3CF4258FA6DC4AEA1A3688B26006274DDCD23,AF8F842AE20E27481F762C88AF7697C06D370EFAD6B8C58C81D6D597DBCAA5C3,A6A39B7B39C8C8CC,1,0,False,train
T10_diagonal_nwse,4110,105,10.4,"[-4.577777777777779, -1.3333333333333321, 56.77777777777778]",C:\Users\lab\Counterfactual-XAI-Verifier\experiments\yolov8_search_comparison\diverse_training_scenario_split\data\diverse_training_scenario_split_v2\dataset\images\train\T10_diagonal_nwse__frame_0105.png,C:\Users\lab\Counterfactual-XAI-Verifier\experiments\yolov8_search_comparison\diverse_training_scenario_split\data\diverse_training_scenario_split_v2\dataset\labels\train\T10_diagonal_nwse__frame_0105.txt,3E27AEB2A04B59B09F7B2D45E5938D9861E1B541711E70A8597FC02A732DEE2C,C07707C22D7E14BEE051C7FB0C6BFEF63EB86EFF69394D5E680B0AE629B1615C,37C4BAAFD2918086FDFD7B1277EBA5BB79F878FEE95B9615D730780A686FAC55,A4B3938DAC4D2C6C,1,1,False,train
T10_diagonal_nwse,4110,115,11.4,"[-2.133333333333333, -3, 57.333333333333336]",C:\Users\lab\Counterfactual-XAI-Verifier\experiments\yolov8_search_comparison\diverse_training_scenario_split\data\diverse_training_scenario_split_v2\dataset\images\train\T10_diagonal_nwse__frame_0115.png,C:\Users\lab\Counterfactual-XAI-Verifier\experiments\yolov8_search_comparison\diverse_training_scenario_split\data\diverse_training_scenario_split_v2\dataset\labels\train\T10_diagonal_nwse__frame_0115.txt,E355098EB68B3B777E07D8989ECF0D23B5BD5EC9FC056A68A44C0FC20A0681C5,86D885EFB6C3F5302CDE79FBAFCA109AF1E97431C5A887B051BFDEA72146958A,8973B756379FA8D68DAA95CA85A2FE00033787734FEBAB51786C39DDF11061BA,ACB497D1CDCC3C8E,1,1,False,train
T10_diagonal_nwse,4110,124,12.3,"[0.06666666666666643, -4.5, 57.833333333333336]",C:\Users\lab\Counterfactual-XAI-Verifier\experiments\yolov8_search_comparison\diverse_training_scenario_split\data\diverse_training_scenario_split_v2\dataset\images\train\T10_diagonal_nwse__frame_0124.png,C:\Users\lab\Counterfactual-XAI-Verifier\experiments\yolov8_search_comparison\diverse_training_scenario_split\data\diverse_training_scenario_split_v2\dataset\labels\train\T10_diagonal_nwse__frame_0124.txt,D8F5154A1F08A57A8DFABC62F4D9C18C7F2F2B72E1629B01787B0686E7752CDF,6632A4918C6A474D98CE6CEE1E64F4F38EF83A4E10A95418FF51D4696BABE65B,9838243151AEAA8FAA52F9C722151E2D420043A3C51C2392638D370E10A308AC,6634D4D2494AC6DE,1,1,False,train
T10_diagonal_nwse,4110,134,13.3,"[2.511111111111113, -6.166666666666668, 58.388888888888886]",C:\Users\lab\Counterfactual-XAI-Verifier\experiments\yolov8_search_comparison\diverse_training_scenario_split\data\diverse_training_scenario_split_v2\dataset\images\train\T10_diagonal_nwse__frame_0134.png,C:\Users\lab\Counterfactual-XAI-Verifier\experiments\yolov8_search_comparison\diverse_training_scenario_split\data\diverse_training_scenario_split_v2\dataset\labels\train\T10_diagonal_nwse__frame_0134.txt,32663283FFAD39D9A751872B224E741EF2393A465DC6A9F5AF25BFD61B9E7885,86CF909EF67114599402DBD926BE5CC6188F3A9347358EE8C6263F97E40948C2,5EB9BCF759FBE0A42D5C5A87504E857F90A77661CB0F51FC8A068C5065322150,B7B2365A4B6C6D62,1,1,False,train
T10_diagonal_nwse,4110,143,14.2,"[4.711111111111109, -7.666666666666664, 58.888888888888886]",C:\Users\lab\Counterfactual-XAI-Verifier\experiments\yolov8_search_comparison\diverse_training_scenario_split\data\diverse_training_scenario_split_v2\dataset\images\train\T10_diagonal_nwse__frame_0143.png,C:\Users\lab\Counterfactual-XAI-Verifier\experiments\yolov8_search_comparison\diverse_training_scenario_split\data\diverse_training_scenario_split_v2\dataset\labels\train\T10_diagonal_nwse__frame_0143.txt,1AA77C7EFEEF1035BC49E0A83FEFDD3DD239694802942AB74425DA03544E7EEE,4C3DF9D2CC6156F91012013C6DDD2912F23D461C48D64BAF079B930E093C5490,AF66D17C7F52E55F80913EFE38A001E2D4528570CA7253EF682E877B2B2C37F8,B3B2B3135A6969A4,1,1,False,train
T10_diagonal_nwse,4110,153,15.2,"[7.1555555555555586, -9.333333333333332, 59.44444444444444]",C:\Users\lab\Counterfactual-XAI-Verifier\experiments\yolov8_search_comparison\diverse_training_scenario_split\data\diverse_training_scenario_split_v2\dataset\images\train\T10_diagonal_nwse__frame_0153.png,C:\Users\lab\Counterfactual-XAI-Verifier\experiments\yolov8_search_comparison\diverse_training_scenario_split\data\diverse_training_scenario_split_v2\dataset\labels\train\T10_diagonal_nwse__frame_0153.txt,F87BF8BA4C2BA093EF85C0CD085F908E1E16B182054409E953D5D096EE3DE605,2E9B6A64E7CADED50E9D4DD7CB75CBFE9FEAABC5CAD5532E710904F417D25335,00BF34BD260BED8C3331CBB7BC2CE40CA64D28F8D1BA48FD2974583E33E2FD98,A65353591B09A5A4,1,1,False,train
T10_diagonal_nwse,4110,162,16.1,"[9.355555555555554, -10.833333333333336, 59.94444444444444]",C:\Users\lab\Counterfactual-XAI-Verifier\experiments\yolov8_search_comparison\diverse_training_scenario_split\data\diverse_training_scenario_split_v2\dataset\images\train\T10_diagonal_nwse__frame_0162.png,C:\Users\lab\Counterfactual-XAI-Verifier\experiments\yolov8_search_comparison\diverse_training_scenario_split\data\diverse_training_scenario_split_v2\dataset\labels\train\T10_diagonal_nwse__frame_0162.txt,90DA607F5DCE636AB9918459A0F29FC07618656CC109D4609D1F5D75C7C8171A,C863E8C18482DB5C3D23310F78C9D4DC76C6417DFE61ACBB9B8676B6B5D57C3D,25B36B18078CBC26B45E414AACF5A11EB6CF07B9EB53ABBC62B57A75515F392A,B3B55B5959290DB4,1,2,False,train
T10_diagonal_nwse,4110,172,17.1,"[11.799999999999997, -12.5, 60.5]",C:\Users\lab\Counterfactual-XAI-Verifier\experiments\yolov8_search_comparison\diverse_training_scenario_split\data\diverse_training_scenario_split_v2\dataset\images\train\T10_diagonal_nwse__frame_0172.png,C:\Users\lab\Counterfactual-XAI-Verifier\experiments\yolov8_search_comparison\diverse_training_scenario_split\data\diverse_training_scenario_split_v2\dataset\labels\train\T10_diagonal_nwse__frame_0172.txt,1F46B48F478A93238A50BC1DA1C9F9F8F8CAD3F79FFEB32E3DEE349A7DFA362E,29CF9CFBA4307C3D923D300E0F09E3AF88BD7CBC56942CC90F536A10E31F6950,757F2357041F9EA29073E90A6BB4D1655D59284B2FB27C1A5634FE9E6A67B0FE,28515329292C0D05,0,1,False,train
T10_diagonal_nwse,4110,181,18.0,"[14, -14, 61]",C:\Users\lab\Counterfactual-XAI-Verifier\experiments\yolov8_search_comparison\diverse_training_scenario_split\data\diverse_training_scenario_split_v2\dataset\images\train\T10_diagonal_nwse__frame_0181.png,C:\Users\lab\Counterfactual-XAI-Verifier\experiments\yolov8_search_comparison\diverse_training_scenario_split\data\diverse_training_scenario_split_v2\dataset\labels\train\T10_diagonal_nwse__frame_0181.txt,FDC14E20EFA92F0DA5798AA45B35D23098BE90B44E6BEFB46AA13CE6B296D490,8A6A6FE2BD3AF679CA975C772F476D01C220E5F376097A143EFBC4860B7F2777,5320ABF77369C8E7452897345B975BC18769F4E1B172D1537893FB9514D3423B,2E2D595A2D2C2C2C,0,1,False,train
T11_far_to_near,4111,1,0.0,"[-48, -2, 64]",C:\Users\lab\Counterfactual-XAI-Verifier\experiments\yolov8_search_comparison\diverse_training_scenario_split\data\diverse_training_scenario_split_v2\dataset\images\train\T11_far_to_near__frame_0001.png,C:\Users\lab\Counterfactual-XAI-Verifier\experiments\yolov8_search_comparison\diverse_training_scenario_split\data\diverse_training_scenario_split_v2\dataset\labels\train\T11_far_to_near__frame_0001.txt,3BA317AF9A79669B092B8CDD2C69F0763C60A494CAB56E442C67229622DCE28F,E3B0C44298FC1C149AFBF4C8996FB92427AE41E4649B934CA495991B7852B855,0E3F8C80D6AECE3034C1D653341482CB9307A18CE4DDB63EBEE0EAF727655E58,180808080C080808,0,0,True,train
T11_far_to_near,4111,10,0.9,"[-45.6, -2, 63.4]",C:\Users\lab\Counterfactual-XAI-Verifier\experiments\yolov8_search_comparison\diverse_training_scenario_split\data\diverse_training_scenario_split_v2\dataset\images\train\T11_far_to_near__frame_0010.png,C:\Users\lab\Counterfactual-XAI-Verifier\experiments\yolov8_search_comparison\diverse_training_scenario_split\data\diverse_training_scenario_split_v2\dataset\labels\train\T11_far_to_near__frame_0010.txt,12AEE23EB4A2D000CED04815C8F6C8043578BC85D88D6673D6FD54F9CB2F5EEA,336604BA10587DD0E49441162AF6D3932CD32B5B4E0745DB2AA25588533B352E,38C6977DF47641EFF005C4D3914DA5EFED2C172E9F03003D7CE04C756F5DE7A7,74080C080C0C0C0C,1,0,False,train
T11_far_to_near,4111,20,1.9,"[-42.93333333333334, -2, 62.733333333333334]",C:\Users\lab\Counterfactual-XAI-Verifier\experiments\yolov8_search_comparison\diverse_training_scenario_split\data\diverse_training_scenario_split_v2\dataset\images\train\T11_far_to_near__frame_0020.png,C:\Users\lab\Counterfactual-XAI-Verifier\experiments\yolov8_search_comparison\diverse_training_scenario_split\data\diverse_training_scenario_split_v2\dataset\labels\train\T11_far_to_near__frame_0020.txt,91104023F58551423A52E76AD0B2D3D053C933629CFC68345B726609763035AB,8BD0EB643E69E59C505FF84BC1F7A3E5F21174820FA9132D56824E3C8FE867F2,59CF111F4C50B36D83CA271CB4C051B6803D94D2E70DD4FF73263A5262D45439,D4380C0C0C0C0C0C,1,1,False,train
T11_far_to_near,4111,29,2.8,"[-40.53333333333333, -2, 62.13333333333333]",C:\Users\lab\Counterfactual-XAI-Verifier\experiments\yolov8_search_comparison\diverse_training_scenario_split\data\diverse_training_scenario_split_v2\dataset\images\train\T11_far_to_near__frame_0029.png,C:\Users\lab\Counterfactual-XAI-Verifier\experiments\yolov8_search_comparison\diverse_training_scenario_split\data\diverse_training_scenario_split_v2\dataset\labels\train\T11_far_to_near__frame_0029.txt,B3DD26E743D61565524B35BA4726539C27CF75CE5522BA6411A0C91B467151B8,9FF546803AF77F60AA809B3AE451708E46DD9DA39E0DF2399181241A3B030399,A26CFCEB9054D3F615A94010FDF2F07128FD87B4ECD36739E4E6A00A0EB8EE23,D4D4080C0C0C0C0C,1,1,False,train
T11_far_to_near,4111,39,3.8,"[-37.86666666666667, -2, 61.46666666666667]",C:\Users\lab\Counterfactual-XAI-Verifier\experiments\yolov8_search_comparison\diverse_training_scenario_split\data\diverse_training_scenario_split_v2\dataset\images\train\T11_far_to_near__frame_0039.png,C:\Users\lab\Counterfactual-XAI-Verifier\experiments\yolov8_search_comparison\diverse_training_scenario_split\data\diverse_training_scenario_split_v2\dataset\labels\train\T11_far_to_near__frame_0039.txt,56869E62AFCE2DD7EC6A8044F9FAE102B47FF1E934E0DFB9AD20C0034A793519,60326F827F355E6803591CAC8D964AC41FDB851DE5572472D96C01DF22FE8297,20EAB68EE32FDF433220EC1B1C9F61E87E4E774D56CCABA8FFA5891A228AD8E1,ACD4340C0C0C0C0C,1,1,False,train
T11_far_to_near,4111,48,4.7,"[-35.46666666666667, -2, 60.86666666666667]",C:\Users\lab\Counterfactual-XAI-Verifier\experiments\yolov8_search_comparison\diverse_training_scenario_split\data\diverse_training_scenario_split_v2\dataset\images\train\T11_far_to_near__frame_0048.png,C:\Users\lab\Counterfactual-XAI-Verifier\experiments\yolov8_search_comparison\diverse_training_scenario_split\data\diverse_training_scenario_split_v2\dataset\labels\train\T11_far_to_near__frame_0048.txt,3B7D32B48BED7981F12E7E36CB475D192C82445977FFCE492F254B75977B45C4,CE90A4661C352A6427DDD7ABE5DDED3B70B939B6578D8C7E4177E7146D3AD01D,6111B1726A685FEE99BCD042682331B5BE85611C829AC041935CF65F61F3E273,E9B4D4280C0C0C0C,1,1,False,train
T11_far_to_near,4111,58,5.7,"[-32.8, -2, 60.2]",C:\Users\lab\Counterfactual-XAI-Verifier\experiments\yolov8_search_comparison\diverse_training_scenario_split\data\diverse_training_scenario_split_v2\dataset\images\train\T11_far_to_near__frame_0058.png,C:\Users\lab\Counterfactual-XAI-Verifier\experiments\yolov8_search_comparison\diverse_training_scenario_split\data\diverse_training_scenario_split_v2\dataset\labels\train\T11_far_to_near__frame_0058.txt,61E2AA779DB0B0E67071CBF5772220859C8C5BDB7EB2EBF4DDCC5679578871F5,912CABCF8B00C782E8043BD10238B8AF3B98DB39D9145EFC154740F8F39F3029,29D0A2500C3CEA8C0D44DA2F1DF5A8E416071F83F668F41F25A43020F6430412,6DAD94944C0C0C0C,1,1,False,train
T11_far_to_near,4111,67,6.6,"[-30.400000000000002, -2, 59.6]",C:\Users\lab\Counterfactual-XAI-Verifier\experiments\yolov8_search_comparison\diverse_training_scenario_split\data\diverse_training_scenario_split_v2\dataset\images\train\T11_far_to_near__frame_0067.png,C:\Users\lab\Counterfactual-XAI-Verifier\experiments\yolov8_search_comparison\diverse_training_scenario_split\data\diverse_training_scenario_split_v2\dataset\labels\train\T11_far_to_near__frame_0067.txt,98F8354DC6F84101C0012F03F7A19E56F9A0C3399ABF54D7D96D9D7B2F558FC2,99447304127808622D2F231A14A7284C9DF3534AC406AA182003CBA4AB7BDFF3,174A19D6579C7DA696795752C3961C54233249280A0CD8E603E6592800A0A46A,4B6DACB4B64C1C0C,1,1,False,train
T11_far_to_near,4111,77,7.6,"[-27.733333333333334, -2, 58.93333333333334]",C:\Users\lab\Counterfactual-XAI-Verifier\experiments\yolov8_search_comparison\diverse_training_scenario_split\data\diverse_training_scenario_split_v2\dataset\images\train\T11_far_to_near__frame_0077.png,C:\Users\lab\Counterfactual-XAI-Verifier\experiments\yolov8_search_comparison\diverse_training_scenario_split\data\diverse_training_scenario_split_v2\dataset\labels\train\T11_far_to_near__frame_0077.txt,3D9AB893392D67C0370C5BC143CAD2C0A0FE9CD3FEE267DB7F440B72B6E34D71,A3B608E4729FD5D9F3C90B4C84271E5A9CA54E0B2B98DCD1D5839BC89F6CF584,A886C52E4E2FA66C4516E3C7AD8D898BF89D57417C857D7CFA4DC419ADAE24AD,CB4F6DA4B6B64C1C,1,1,False,train
T11_far_to_near,4111,86,8.5,"[-25.333333333333336, -2, 58.333333333333336]",C:\Users\lab\Counterfactual-XAI-Verifier\experiments\yolov8_search_comparison\diverse_training_scenario_split\data\diverse_training_scenario_split_v2\dataset\images\train\T11_far_to_near__frame_0086.png,C:\Users\lab\Counterfactual-XAI-Verifier\experiments\yolov8_search_comparison\diverse_training_scenario_split\data\diverse_training_scenario_split_v2\dataset\labels\train\T11_far_to_near__frame_0086.txt,E6F442F3928E613B3A26A002AE11ADCBE880EF5488E023230AC6592767C0950A,98454D220B5C51672E248F4FA76788750CC05CB5CE94E82043D53581E82595E9,9FBD5B88366BF6E67016A80CDBA20934519BAE2513642B0A9ECA5D22091F9F5F,CACD4F6CA4B6B64C,1,1,False,train
T11_far_to_near,4111,96,9.5,"[-22.666666666666664, -2, 57.666666666666664]",C:\Users\lab\Counterfactual-XAI-Verifier\experiments\yolov8_search_comparison\diverse_training_scenario_split\data\diverse_training_scenario_split_v2\dataset\images\train\T11_far_to_near__frame_0096.png,C:\Users\lab\Counterfactual-XAI-Verifier\experiments\yolov8_search_comparison\diverse_training_scenario_split\data\diverse_training_scenario_split_v2\dataset\labels\train\T11_far_to_near__frame_0096.txt,45DA900C20E2E06DDC5D2540BF6EE870BCB2F00CAD4F97B446FDBB82FFF9A340,5CBC3010FAA62FF165328A8E524EA18248FF5F9796738F3DFA0EC58CF726F190,FF28844B5585B0A337B6AF623E4D1F52A48757D4175F2C4C601D31E0DF36977C,B2DDCDCFEC24A6B6,1,1,False,train
T11_far_to_near,4111,105,10.4,"[-20.26666666666667, -2, 57.06666666666667]",C:\Users\lab\Counterfactual-XAI-Verifier\experiments\yolov8_search_comparison\diverse_training_scenario_split\data\diverse_training_scenario_split_v2\dataset\images\train\T11_far_to_near__frame_0105.png,C:\Users\lab\Counterfactual-XAI-Verifier\experiments\yolov8_search_comparison\diverse_training_scenario_split\data\diverse_training_scenario_split_v2\dataset\labels\train\T11_far_to_near__frame_0105.txt,BBE0E801DCC683B81377282DFAAEDBC1D3F6441F9189EBF1462650E139AC22E4,A0A75AF3861C3D38F91B7BD984FE7990BEB92A61F98F880900D6E3DB40CFA3CC,59B3E01FF983C60DD9AFC1FEE54ABBF15DDEDE0CA08BEA60321C592C10DA50D3,A4979DCDCDCC2426,1,1,False,train
T11_far_to_near,4111,115,11.4,"[-17.6, -2, 56.4]",C:\Users\lab\Counterfactual-XAI-Verifier\experiments\yolov8_search_comparison\diverse_training_scenario_split\data\diverse_training_scenario_split_v2\dataset\images\train\T11_far_to_near__frame_0115.png,C:\Users\lab\Counterfactual-XAI-Verifier\experiments\yolov8_search_comparison\diverse_training_scenario_split\data\diverse_training_scenario_split_v2\dataset\labels\train\T11_far_to_near__frame_0115.txt,02FF92378F45958B3CA58F3D1E2C054267D65B50157510F40F4D59B965BF98F1,D7B89E2A213AD3C88C8395D84BA0E5776E2DC0946CF5BA010EE50992DB733078,74B08B1274685F5D642013CEA03180FCC5F4BE66F2FD49FA2DFEBAF8E34C9186,2C25B59D8CDFCCE4,0,1,False,train
T11_far_to_near,4111,124,12.3,"[-15.200000000000003, -2, 55.8]",C:\Users\lab\Counterfactual-XAI-Verifier\experiments\yolov8_search_comparison\diverse_training_scenario_split\data\diverse_training_scenario_split_v2\dataset\images\train\T11_far_to_near__frame_0124.png,C:\Users\lab\Counterfactual-XAI-Verifier\experiments\yolov8_search_comparison\diverse_training_scenario_split\data\diverse_training_scenario_split_v2\dataset\labels\train\T11_far_to_near__frame_0124.txt,FD1F47B184EEA1B4E64835F2C2FDA7873E7CEA6F11621BB45415E64CC6903E48,E3B0C44298FC1C149AFBF4C8996FB92427AE41E4649B934CA495991B7852B855,0B9A6465F89022994A0366E302ED64C36F785B0B6DA595175287ECB23EDA1BC4,6D2C25A59C8E9E8D,0,0,True,train
T11_far_to_near,4111,134,13.3,"[-12.533333333333331, -2, 55.13333333333333]",C:\Users\lab\Counterfactual-XAI-Verifier\experiments\yolov8_search_comparison\diverse_training_scenario_split\data\diverse_training_scenario_split_v2\dataset\images\train\T11_far_to_near__frame_0134.png,C:\Users\lab\Counterfactual-XAI-Verifier\experiments\yolov8_search_comparison\diverse_training_scenario_split\data\diverse_training_scenario_split_v2\dataset\labels\train\T11_far_to_near__frame_0134.txt,150B299B909F3AFF541EFC36A4F924CBC3628554DED82D088D1215E884050523,E3B0C44298FC1C149AFBF4C8996FB92427AE41E4649B934CA495991B7852B855,468E8EAD8378B9A7F1572898E611DB5EAC4C9C49080C7E9054BF985CC682FF32,1D6C6C6C241C9E0E,0,0,True,train
T11_far_to_near,4111,143,14.2,"[-10.133333333333333, -2, 54.53333333333333]",C:\Users\lab\Counterfactual-XAI-Verifier\experiments\yolov8_search_comparison\diverse_training_scenario_split\data\diverse_training_scenario_split_v2\dataset\images\train\T11_far_to_near__frame_0143.png,C:\Users\lab\Counterfactual-XAI-Verifier\experiments\yolov8_search_comparison\diverse_training_scenario_split\data\diverse_training_scenario_split_v2\dataset\labels\train\T11_far_to_near__frame_0143.txt,997C84532D37098B08FEBE1070287119D0135770060B63B1E3E6B3386FF005A9,9EA27E3A01CCDF706774C14DD0253A95291A35C161A6B536EEA00436DE6DB47F,2850707AA4E26789144EBB5943FD7E2600EB4D02AD610A4C962A8ABBD6F6CE8C,CD3DEC6C6C240E9E,1,0,False,train
T11_far_to_near,4111,153,15.2,"[-7.466666666666669, -2, 53.86666666666667]",C:\Users\lab\Counterfactual-XAI-Verifier\experiments\yolov8_search_comparison\diverse_training_scenario_split\data\diverse_training_scenario_split_v2\dataset\images\train\T11_far_to_near__frame_0153.png,C:\Users\lab\Counterfactual-XAI-Verifier\experiments\yolov8_search_comparison\diverse_training_scenario_split\data\diverse_training_scenario_split_v2\dataset\labels\train\T11_far_to_near__frame_0153.txt,3A239649F4BC1BF806D4CEC827A4EDFD56DE3A97729D4EC322EB445D7B2253E6,E8B262F4350A812BA83DED21D9F99A0DEB6A15FCE255654B6735388B4BA1C1E9,50EEA6AAA64364E7C2BDA8EFFF31390E85AAFD673A409374C284157FE444B929,D2843C94646C2626,1,1,False,train
T11_far_to_near,4111,162,16.1,"[-5.066666666666663, -2, 53.266666666666666]",C:\Users\lab\Counterfactual-XAI-Verifier\experiments\yolov8_search_comparison\diverse_training_scenario_split\data\diverse_training_scenario_split_v2\dataset\images\train\T11_far_to_near__frame_0162.png,C:\Users\lab\Counterfactual-XAI-Verifier\experiments\yolov8_search_comparison\diverse_training_scenario_split\data\diverse_training_scenario_split_v2\dataset\labels\train\T11_far_to_near__frame_0162.txt,EF0C93619FEAF4DA237E53A4882887D32D3C8CCDA090D0E4CBF4578D5B47B3C1,70A07D267594ACA7E879BAEC033379697F928875DD7C53570A352DC4DF4AF2B3,F6BFD24D1E678CE86FE382709DD8388415F6DD7C8D93FB8138448C489BCF0D64,9992866C96666E6C,1,1,False,train
T11_far_to_near,4111,172,17.1,"[-2.4000000000000057, -2, 52.6]",C:\Users\lab\Counterfactual-XAI-Verifier\experiments\yolov8_search_comparison\diverse_training_scenario_split\data\diverse_training_scenario_split_v2\dataset\images\train\T11_far_to_near__frame_0172.png,C:\Users\lab\Counterfactual-XAI-Verifier\experiments\yolov8_search_comparison\diverse_training_scenario_split\data\diverse_training_scenario_split_v2\dataset\labels\train\T11_far_to_near__frame_0172.txt,CD6FAC02653AF76F3D7EF4F2C18889B686DBA534D968F0883C7402AF9118233C,0E5EFA1E8521F1ED7193E8A6BDC8236E3A395A30CD5F95142AECDF3718F5ABE8,9B54D4803E9F0117D4F827F711EBB8A472EA7EDE094ABEF9179FAFD4D557BCB1,25B892962EC40646,1,1,False,train
T11_far_to_near,4111,181,18.0,"[0, -2, 52]",C:\Users\lab\Counterfactual-XAI-Verifier\experiments\yolov8_search_comparison\diverse_training_scenario_split\data\diverse_training_scenario_split_v2\dataset\images\train\T11_far_to_near__frame_0181.png,C:\Users\lab\Counterfactual-XAI-Verifier\experiments\yolov8_search_comparison\diverse_training_scenario_split\data\diverse_training_scenario_split_v2\dataset\labels\train\T11_far_to_near__frame_0181.txt,8427787AB51108D3895FCDF5B21E378C8B9DF5A360811ADF93441B5D3EA01030,751815A2235DDF046728E050832BAD2DD13858BBE1366ECA228AF88C3E9C84BA,89C599855E4ABB9EE4089DD434B15FB6505C2303808FB89B8D649B6F04E43253,262739929616CE06,1,1,False,train
T12_near_to_far,4112,1,0.0,"[0, 3, 50]",C:\Users\lab\Counterfactual-XAI-Verifier\experiments\yolov8_search_comparison\diverse_training_scenario_split\data\diverse_training_scenario_split_v2\dataset\images\train\T12_near_to_far__frame_0001.png,C:\Users\lab\Counterfactual-XAI-Verifier\experiments\yolov8_search_comparison\diverse_training_scenario_split\data\diverse_training_scenario_split_v2\dataset\labels\train\T12_near_to_far__frame_0001.txt,FB6D1D7AD876CB3DDDD4C5C7F7144F9AF14F30953392BF589D38AA669F570B4F,379958667F1E93A738131AD4EEF97C83B925726E808A3E272CD1E5EA39740C01,6DF377CBB73FE41BAE9AA30BBD811E07D1383E4BBFE5A6E0FFD62FFFC18D2015,B6CEDB3373307171,1,1,False,train
T12_near_to_far,4112,10,0.9,"[-0.5, 3, 50.75]",C:\Users\lab\Counterfactual-XAI-Verifier\experiments\yolov8_search_comparison\diverse_training_scenario_split\data\diverse_training_scenario_split_v2\dataset\images\train\T12_near_to_far__frame_0010.png,C:\Users\lab\Counterfactual-XAI-Verifier\experiments\yolov8_search_comparison\diverse_training_scenario_split\data\diverse_training_scenario_split_v2\dataset\labels\train\T12_near_to_far__frame_0010.txt,632DBF6E11B702A01229DBBA50CD0278C29482A2351E23EB6CAF799A442209E3,4D83454E3EB54AC58F50D5078DD6A2A97A7F3511398769C9EBB7281CAC898267,7DA95AE729C2AC4AD8666555ABDA60EB56E48BF552415B5497FE79714AE09000,B4CECB3371313373,1,1,False,train
T12_near_to_far,4112,20,1.9,"[-1.0555555555555556, 3, 51.583333333333336]",C:\Users\lab\Counterfactual-XAI-Verifier\experiments\yolov8_search_comparison\diverse_training_scenario_split\data\diverse_training_scenario_split_v2\dataset\images\train\T12_near_to_far__frame_0020.png,C:\Users\lab\Counterfactual-XAI-Verifier\experiments\yolov8_search_comparison\diverse_training_scenario_split\data\diverse_training_scenario_split_v2\dataset\labels\train\T12_near_to_far__frame_0020.txt,7C9A8DE845CCE30E21FADA952BD999EBC3BA4AD5D7D25C96BA43D334FA9CB001,AC734C7091009B30AAE742B59FD9821D733BB8D8A67650C6F8326A86B197D75F,C77698F183C00D837C7B142D25974AD77EA23F6FFE6CFA3C66BE8AB5776A0BF9,94CE467373313333,1,1,False,train
T12_near_to_far,4112,29,2.8,"[-1.5555555555555556, 3, 52.333333333333336]",C:\Users\lab\Counterfactual-XAI-Verifier\experiments\yolov8_search_comparison\diverse_training_scenario_split\data\diverse_training_scenario_split_v2\dataset\images\train\T12_near_to_far__frame_0029.png,C:\Users\lab\Counterfactual-XAI-Verifier\experiments\yolov8_search_comparison\diverse_training_scenario_split\data\diverse_training_scenario_split_v2\dataset\labels\train\T12_near_to_far__frame_0029.txt,80FAF21E0A78EDD8B2BBBFBD9EA8DCA079B86B116516A122F99D8F75EA08EEA0,805F52FC6E314960594FB2844B8D0D33BD16503722E118DF1161A7E059DB7B13,AE7EF47562C053FFE4AECF29ABF63181524BADE71D818390129AF888AC5EC92E,94CE467333333333,1,1,False,train
T12_near_to_far,4112,39,3.8,"[-2.111111111111111, 3, 53.166666666666664]",C:\Users\lab\Counterfactual-XAI-Verifier\experiments\yolov8_search_comparison\diverse_training_scenario_split\data\diverse_training_scenario_split_v2\dataset\images\train\T12_near_to_far__frame_0039.png,C:\Users\lab\Counterfactual-XAI-Verifier\experiments\yolov8_search_comparison\diverse_training_scenario_split\data\diverse_training_scenario_split_v2\dataset\labels\train\T12_near_to_far__frame_0039.txt,0CDF62C69121FB8A7661D7FA6771DD98321A4D9537021B156F2F6068417F4A3F,4C51A84F792F10F3A35C24F5E3219F32324F6EB5CB0F7CA449E52E983E1FAA75,B22FC8492149722348A55105C0D812563C8458BC5B5A31CEC8A78332ADFA44B8,D4CE4632333333B1,1,1,False,train
T12_near_to_far,4112,48,4.7,"[-2.611111111111111, 3, 53.916666666666664]",C:\Users\lab\Counterfactual-XAI-Verifier\experiments\yolov8_search_comparison\diverse_training_scenario_split\data\diverse_training_scenario_split_v2\dataset\images\train\T12_near_to_far__frame_0048.png,C:\Users\lab\Counterfactual-XAI-Verifier\experiments\yolov8_search_comparison\diverse_training_scenario_split\data\diverse_training_scenario_split_v2\dataset\labels\train\T12_near_to_far__frame_0048.txt,93F815CC9AD93D8E4C0657ED7575D4D9F7D5008CE1C00037F75A9AA6CE9FF653,EFF8664B05542D6F01D82EBF232699BA89B0CFA074DE61BC79A4240951FB558E,DF1A5B47769407FD87215D9F7B2E4CD4998E7ED0D3948A07AC66BD92990C0698,D4CC463633323331,1,1,False,train
T12_near_to_far,4112,58,5.7,"[-3.1666666666666665, 3, 54.75]",C:\Users\lab\Counterfactual-XAI-Verifier\experiments\yolov8_search_comparison\diverse_training_scenario_split\data\diverse_training_scenario_split_v2\dataset\images\train\T12_near_to_far__frame_0058.png,C:\Users\lab\Counterfactual-XAI-Verifier\experiments\yolov8_search_comparison\diverse_training_scenario_split\data\diverse_training_scenario_split_v2\dataset\labels\train\T12_near_to_far__frame_0058.txt,BC458D9BD074273C9FB483718AB5400519AFA10B74AD953AFF88EB4F68D7A5E1,C4BAC3E7CE8CD5C5706276A179800F844712FC1B67775DDF137FBB4760C729FB,74B925A7316B2E456496A08CF6A3D78A18627579300A2B7BFF87CEAFA43C9F66,D5CC46367232B331,1,1,False,train
T12_near_to_far,4112,67,6.6,"[-3.6666666666666665, 3, 55.5]",C:\Users\lab\Counterfactual-XAI-Verifier\experiments\yolov8_search_comparison\diverse_training_scenario_split\data\diverse_training_scenario_split_v2\dataset\images\train\T12_near_to_far__frame_0067.png,C:\Users\lab\Counterfactual-XAI-Verifier\experiments\yolov8_search_comparison\diverse_training_scenario_split\data\diverse_training_scenario_split_v2\dataset\labels\train\T12_near_to_far__frame_0067.txt,0EA520B9781292329014CB31401173DD23E7F14F1E202092B1DEBAE2719414C9,8E375DB5CFF853ABA27749362467ABF9E78C59FEFD5B6F1022AD2F1F6152272C,EED6C611D72CBBA23388CB1FFB3807A976F98BEA1C1F3F650B4C36C98DC80347,D1CC4E3672363331,1,1,False,train
T12_near_to_far,4112,77,7.6,"[-4.222222222222222, 3, 56.333333333333336]",C:\Users\lab\Counterfactual-XAI-Verifier\experiments\yolov8_search_comparison\diverse_training_scenario_split\data\diverse_training_scenario_split_v2\dataset\images\train\T12_near_to_far__frame_0077.png,C:\Users\lab\Counterfactual-XAI-Verifier\experiments\yolov8_search_comparison\diverse_training_scenario_split\data\diverse_training_scenario_split_v2\dataset\labels\train\T12_near_to_far__frame_0077.txt,8B4498A477DBFADE2010B890252BD578564CA456EBAB3F9443F497A26FE3FE74,19D1969B4C16469BE293696B4E8DB9D4DA40978E0E7EEC92F2A95EC64C851084,5D7A6B872F05075799B05ACBE9A628FBAB477ED5B9742DF4B6302F3F76E8FE4F,D14C4C3672B633B1,1,1,False,train
T12_near_to_far,4112,86,8.5,"[-4.722222222222222, 3, 57.083333333333336]",C:\Users\lab\Counterfactual-XAI-Verifier\experiments\yolov8_search_comparison\diverse_training_scenario_split\data\diverse_training_scenario_split_v2\dataset\images\train\T12_near_to_far__frame_0086.png,C:\Users\lab\Counterfactual-XAI-Verifier\experiments\yolov8_search_comparison\diverse_training_scenario_split\data\diverse_training_scenario_split_v2\dataset\labels\train\T12_near_to_far__frame_0086.txt,3A5940E95E3A7A91F5277F5AEAFE397DCD924C100AD5B3295035E977A59DE214,223A09ED8F84DE1015E5D35A6C2F69E98E8F5B0BB87B762C62717D9ACA5A4496,A5CB6595EA57D1FB0D96C20BE2729D5690341D3D53AEF4C07B863794B2EF22F3,514C6C3676B6B3B1,1,1,False,train
T12_near_to_far,4112,96,9.5,"[-5.277777777777778, 3, 57.916666666666664]",C:\Users\lab\Counterfactual-XAI-Verifier\experiments\yolov8_search_comparison\diverse_training_scenario_split\data\diverse_training_scenario_split_v2\dataset\images\train\T12_near_to_far__frame_0096.png,C:\Users\lab\Counterfactual-XAI-Verifier\experiments\yolov8_search_comparison\diverse_training_scenario_split\data\diverse_training_scenario_split_v2\dataset\labels\train\T12_near_to_far__frame_0096.txt,D00453226834C3A2317E571DF34223FBA4349BA130B520E73492D00E120499C1,09B543E8570693A155AE3F4FE03127F6B5DAB2F488C5DD4E75BE6F629451EB8F,5EC9569CFEE42F9926DEBAA304D7873141B6B78724CD807A83FCC349FF4CD6B4,514C6C347676B3B3,1,1,False,train
T12_near_to_far,4112,105,10.4,"[-5.777777777777777, 3, 58.666666666666664]",C:\Users\lab\Counterfactual-XAI-Verifier\experiments\yolov8_search_comparison\diverse_training_scenario_split\data\diverse_training_scenario_split_v2\dataset\images\train\T12_near_to_far__frame_0105.png,C:\Users\lab\Counterfactual-XAI-Verifier\experiments\yolov8_search_comparison\diverse_training_scenario_split\data\diverse_training_scenario_split_v2\dataset\labels\train\T12_near_to_far__frame_0105.txt,517D150FE688FBE9EC74AFB826273F0AF24B3FA7CFC94065F8105E32F3017F0B,8BA3DF608939A79A7C535EAF319D0D1B39EE47524C9EAB034EA6567946F385E1,6863A8A88C29747D726932DF51C44802C8A3E73A357C8B155D3675F581B3C671,514C6C347636B3B2,1,1,False,train
T12_near_to_far,4112,115,11.4,"[-6.333333333333333, 3, 59.5]",C:\Users\lab\Counterfactual-XAI-Verifier\experiments\yolov8_search_comparison\diverse_training_scenario_split\data\diverse_training_scenario_split_v2\dataset\images\train\T12_near_to_far__frame_0115.png,C:\Users\lab\Counterfactual-XAI-Verifier\experiments\yolov8_search_comparison\diverse_training_scenario_split\data\diverse_training_scenario_split_v2\dataset\labels\train\T12_near_to_far__frame_0115.txt,46915A83DA94722471A447DF4C1A17A5C8AD71D140155B959D91AB72396DA5B4,344FB9C10E90077C7BDBBE01D73E74ED929B1CF53A5E51C21570FD28D142A413,D90489BC5AEFC6678C23E415C331AD00C8368EF4EE4AE3C910D3FA3160F5035F,53492C345476B292,1,1,False,train
T12_near_to_far,4112,124,12.3,"[-6.833333333333334, 3, 60.25]",C:\Users\lab\Counterfactual-XAI-Verifier\experiments\yolov8_search_comparison\diverse_training_scenario_split\data\diverse_training_scenario_split_v2\dataset\images\train\T12_near_to_far__frame_0124.png,C:\Users\lab\Counterfactual-XAI-Verifier\experiments\yolov8_search_comparison\diverse_training_scenario_split\data\diverse_training_scenario_split_v2\dataset\labels\train\T12_near_to_far__frame_0124.txt,CDC653CC9F315E2F08DEDE70C87DF3DEAB42BEAD1AFA39CAEEAE8247350B3AE8,1E0412BA03AC24945AD3E77F08F6DD6FCEABA0F5F9451FEB4FEABA1C6630B357,CD1AC4E7D394DCFD4E1555B4CA8208BBB653A24C413D48EC3FDB222BCE8D4026,52492C145476B290,1,1,False,train
T12_near_to_far,4112,134,13.3,"[-7.388888888888889, 3, 61.083333333333336]",C:\Users\lab\Counterfactual-XAI-Verifier\experiments\yolov8_search_comparison\diverse_training_scenario_split\data\diverse_training_scenario_split_v2\dataset\images\train\T12_near_to_far__frame_0134.png,C:\Users\lab\Counterfactual-XAI-Verifier\experiments\yolov8_search_comparison\diverse_training_scenario_split\data\diverse_training_scenario_split_v2\dataset\labels\train\T12_near_to_far__frame_0134.txt,C0EB62F5FE8C69EB968FE9EB62033C6B56DA60047897F580C2CF5264523EB289,1083E77C60D5037A5325944CCBC9FCD44CAF6BC23B7E3D1B148489F664527BE2,9CF5D733E23DCDF0E7D39289333EAEA70C509DD45F65934A3EDCA063EFC9D980,5249AD9454369291,1,1,False,train
T12_near_to_far,4112,143,14.2,"[-7.888888888888888, 3, 61.83333333333333]",C:\Users\lab\Counterfactual-XAI-Verifier\experiments\yolov8_search_comparison\diverse_training_scenario_split\data\diverse_training_scenario_split_v2\dataset\images\train\T12_near_to_far__frame_0143.png,C:\Users\lab\Counterfactual-XAI-Verifier\experiments\yolov8_search_comparison\diverse_training_scenario_split\data\diverse_training_scenario_split_v2\dataset\labels\train\T12_near_to_far__frame_0143.txt,065AF54EAEAE24A7AD257F35E24C0CF6EE1F643C9B42B102BCF595625D48A97D,52DE6092D9AEEA7366C0BFFBA88447D981D33CA42EA1FF4FE799F53140679B2F,57CA887C4F33ADEB14A6DBE83BE6EEE69D15D4A760DA8A959F73CD65231332CF,4049AD9454369291,1,1,False,train
T12_near_to_far,4112,153,15.2,"[-8.444444444444445, 3, 62.666666666666664]",C:\Users\lab\Counterfactual-XAI-Verifier\experiments\yolov8_search_comparison\diverse_training_scenario_split\data\diverse_training_scenario_split_v2\dataset\images\train\T12_near_to_far__frame_0153.png,C:\Users\lab\Counterfactual-XAI-Verifier\experiments\yolov8_search_comparison\diverse_training_scenario_split\data\diverse_training_scenario_split_v2\dataset\labels\train\T12_near_to_far__frame_0153.txt,3999A8BA34E4C1FB56E4F6FD40D400D01C42E77F50B62E11D63F98589CC7FA7D,5D3C1A17C2E236E97D1B034444B31D353C54AFA0CD67B1CF3B99A66A6608C907,EFFA1C20B2CC5B78E2E32FD6FC8413E21280636AA9774E890B14A2CAA1D3390E,4049AD9D743692D1,2,1,False,train
T12_near_to_far,4112,162,16.1,"[-8.944444444444445, 3, 63.41666666666667]",C:\Users\lab\Counterfactual-XAI-Verifier\experiments\yolov8_search_comparison\diverse_training_scenario_split\data\diverse_training_scenario_split_v2\dataset\images\train\T12_near_to_far__frame_0162.png,C:\Users\lab\Counterfactual-XAI-Verifier\experiments\yolov8_search_comparison\diverse_training_scenario_split\data\diverse_training_scenario_split_v2\dataset\labels\train\T12_near_to_far__frame_0162.txt,9EFE5F19056166544A911122D6ADE33C0A34049AD554340690C42EC5BB28AE5A,99F790986042EA43E4F9B711581506DB1C540936EAA383C30A9DD0DE1BCC84FB,49822E2DEC472B0668A02FE5A3A40DADF42295DF2C53EF2C9F425EE35F007F46,4469AD9D34B6D2D1,2,1,False,train
T12_near_to_far,4112,172,17.1,"[-9.5, 3, 64.25]",C:\Users\lab\Counterfactual-XAI-Verifier\experiments\yolov8_search_comparison\diverse_training_scenario_split\data\diverse_training_scenario_split_v2\dataset\images\train\T12_near_to_far__frame_0172.png,C:\Users\lab\Counterfactual-XAI-Verifier\experiments\yolov8_search_comparison\diverse_training_scenario_split\data\diverse_training_scenario_split_v2\dataset\labels\train\T12_near_to_far__frame_0172.txt,6E534C227F53BBE5E5B908DB058F90EF51BCDA57E416DCC1236649FF7E204ACE,C38CA5836333AB56952BF1FC6F10675F0F210E9C74FA548A1B2C1FD254CD21E1,37E3B3AABE775D7B67D9ACEDFE5A16F619EC55429092444013638C88FF27F609,5428A99D34F6D251,2,1,False,train
T12_near_to_far,4112,181,18.0,"[-10, 3, 65]",C:\Users\lab\Counterfactual-XAI-Verifier\experiments\yolov8_search_comparison\diverse_training_scenario_split\data\diverse_training_scenario_split_v2\dataset\images\train\T12_near_to_far__frame_0181.png,C:\Users\lab\Counterfactual-XAI-Verifier\experiments\yolov8_search_comparison\diverse_training_scenario_split\data\diverse_training_scenario_split_v2\dataset\labels\train\T12_near_to_far__frame_0181.txt,2F568634BE935C1347567D460B50C528211FCE00E59C6D7648217BFF402BC5ED,9613BA7FD2DADE2B05A0E1794255F0A64D053620D11830FEE40A311AD9ADF056,053B4C69DB086D31C84325ED1FC0C9A554C451DDE2D64793D5F83C4C0E78D9E4,442AA99D34D4D251,2,1,False,train
T13_high_short,4113,1,0.0,"[-20, -11, 70]",C:\Users\lab\Counterfactual-XAI-Verifier\experiments\yolov8_search_comparison\diverse_training_scenario_split\data\diverse_training_scenario_split_v2\dataset\images\train\T13_high_short__frame_0001.png,C:\Users\lab\Counterfactual-XAI-Verifier\experiments\yolov8_search_comparison\diverse_training_scenario_split\data\diverse_training_scenario_split_v2\dataset\labels\train\T13_high_short__frame_0001.txt,7B12D76AC4979950D9C4A0DA32C061B1C0BB95F9C26F1CCC60E076DC7CEA3087,A2103EC401DC2C75DADDD6207765185210B5F0870DE99ED3D55C6007819631F7,F81465410398F62F43F1FFBA7E890FB182F0DBB449EC3704C58145B70940D18F,F1D91A3235525B1B,1,0,False,train
T13_high_short,4113,10,0.9,"[-18.5, -11, 70]",C:\Users\lab\Counterfactual-XAI-Verifier\experiments\yolov8_search_comparison\diverse_training_scenario_split\data\diverse_training_scenario_split_v2\dataset\images\train\T13_high_short__frame_0010.png,C:\Users\lab\Counterfactual-XAI-Verifier\experiments\yolov8_search_comparison\diverse_training_scenario_split\data\diverse_training_scenario_split_v2\dataset\labels\train\T13_high_short__frame_0010.txt,F4F859B0477355BE6C839D4A338D4908D2D34E4E6DC72F1137B7471C4897C113,0B143B406DEA1D7862EC22FA6D37EA98BB648C3B3947D7D79D20C86D4422D38A,67801F1BD8F9F64948790912585C5827B3042C488E8768D0DED67959AADC38C1,B1D91A2AB4525B1B,1,0,False,train
T13_high_short,4113,20,1.9,"[-16.833333333333332, -11, 70]",C:\Users\lab\Counterfactual-XAI-Verifier\experiments\yolov8_search_comparison\diverse_training_scenario_split\data\diverse_training_scenario_split_v2\dataset\images\train\T13_high_short__frame_0020.png,C:\Users\lab\Counterfactual-XAI-Verifier\experiments\yolov8_search_comparison\diverse_training_scenario_split\data\diverse_training_scenario_split_v2\dataset\labels\train\T13_high_short__frame_0020.txt,5CDCD9AB45F5733A5566BE7579548B752A092E85480D0F35A833196312D6EFEE,A99859E3DB293620DA2EC993E0D704EBB42F693690BC1902691DC7C4203A74E9,2A947168EFC007C97B3D8873BF87FBB5725A8C2E52117B3FE1E9F56907BB966A,B0D1590A3635535B,1,1,False,train
T13_high_short,4113,29,2.8,"[-15.333333333333332, -11, 70]",C:\Users\lab\Counterfactual-XAI-Verifier\experiments\yolov8_search_comparison\diverse_training_scenario_split\data\diverse_training_scenario_split_v2\dataset\images\train\T13_high_short__frame_0029.png,C:\Users\lab\Counterfactual-XAI-Verifier\experiments\yolov8_search_comparison\diverse_training_scenario_split\data\diverse_training_scenario_split_v2\dataset\labels\train\T13_high_short__frame_0029.txt,F71B9D882E7E8925F5F6EFFA4A06FC4B673F7DEAF2657AEE6EFD27A7BF815B80,C53436A0D54B552C6C7981902B34A798F9A98CC1C7A8C93C673DBCE995D6EB3B,34018CC43FA492D1395F881F82151E95109C561284A601332FE159C46C8B7EB1,B0F559122AB5535B,1,1,False,train
T13_high_short,4113,39,3.8,"[-13.666666666666668, -11, 70]",C:\Users\lab\Counterfactual-XAI-Verifier\experiments\yolov8_search_comparison\diverse_training_scenario_split\data\diverse_training_scenario_split_v2\dataset\images\train\T13_high_short__frame_0039.png,C:\Users\lab\Counterfactual-XAI-Verifier\experiments\yolov8_search_comparison\diverse_training_scenario_split\data\diverse_training_scenario_split_v2\dataset\labels\train\T13_high_short__frame_0039.txt,402D57FF0A4C32EDA1F50281A9F493CEE64C5D662AA56CD65AC17653383C9D22,34FCD1D7A9C880ABEE92D55A7AC8381E0B94BC0DAA1DA4A070A5E25F7841A6D7,9A4149B6369797E68D24491E90CB586358C321350E9B9FD5B9FD48563C4E6760,93B1595A0A3E3553,1,1,False,train
T13_high_short,4113,48,4.7,"[-12.166666666666666, -11, 70]",C:\Users\lab\Counterfactual-XAI-Verifier\experiments\yolov8_search_comparison\diverse_training_scenario_split\data\diverse_training_scenario_split_v2\dataset\images\train\T13_high_short__frame_0048.png,C:\Users\lab\Counterfactual-XAI-Verifier\experiments\yolov8_search_comparison\diverse_training_scenario_split\data\diverse_training_scenario_split_v2\dataset\labels\train\T13_high_short__frame_0048.txt,9C14B362FDE1146B1BBDBE711ECD073C468FFEBD60E5B14B3E680F2498EA4C0E,4F7B5D5F2E72559CED667FA62FF52C703A342C76326D862AC46D9588487AAF83,66F9BBC7708F40AB129FA9B84B0BDBAA80368289AF9CDFE6947F7DCBA3C8465D,9BB05559122BB537,1,1,False,train
T13_high_short,4113,58,5.7,"[-10.5, -11, 70]",C:\Users\lab\Counterfactual-XAI-Verifier\experiments\yolov8_search_comparison\diverse_training_scenario_split\data\diverse_training_scenario_split_v2\dataset\images\train\T13_high_short__frame_0058.png,C:\Users\lab\Counterfactual-XAI-Verifier\experiments\yolov8_search_comparison\diverse_training_scenario_split\data\diverse_training_scenario_split_v2\dataset\labels\train\T13_high_short__frame_0058.txt,E0DA5F8D38EBA7FD7FCA8822741D137D66F8A3E2EE439A603698A9550A2AAB8C,04EF9D594103A1B509CFA0E8955446FEA5310BAFED5B4C7786B7364B3D93CFC5,ADA583EFAC22A9E3450D448831D50908D7A086BABF0B78DA2ACB03A0330A4DA5,9BB075595A033FB5,1,1,False,train
T13_high_short,4113,67,6.6,"[-9, -11, 70]",C:\Users\lab\Counterfactual-XAI-Verifier\experiments\yolov8_search_comparison\diverse_training_scenario_split\data\diverse_training_scenario_split_v2\dataset\images\train\T13_high_short__frame_0067.png,C:\Users\lab\Counterfactual-XAI-Verifier\experiments\yolov8_search_comparison\diverse_training_scenario_split\data\diverse_training_scenario_split_v2\dataset\labels\train\T13_high_short__frame_0067.txt,CC009333F14C576DC42FFF3B1A1C9918289F8152E78680DCE5ABEE79E27C21C8,216C18D123AF53283F05F2828308DAFFABD965284EABD64E273D9BFE0E79CCD9,5A147AC3329AEDFA210A10D0CEAEEF8611CBC7CA11C57E7B14074EDBB340BA67,9B9B70555A120B35,1,1,False,train
T13_high_short,4113,77,7.6,"[-7.333333333333334, -11, 70]",C:\Users\lab\Counterfactual-XAI-Verifier\experiments\yolov8_search_comparison\diverse_training_scenario_split\data\diverse_training_scenario_split_v2\dataset\images\train\T13_high_short__frame_0077.png,C:\Users\lab\Counterfactual-XAI-Verifier\experiments\yolov8_search_comparison\diverse_training_scenario_split\data\diverse_training_scenario_split_v2\dataset\labels\train\T13_high_short__frame_0077.txt,312F04C7210B2697D2C4DF18650639CDE3F9674623014EC589083541E61119CA,A75F4AB6818912280D0BCABB76F7BFEC2FD578BAD564218A9E15D26B913646EE,56FEFABCB1958C6276C0B3CFED5D7EA7C770C99DF6AD47F49508E1C0A4A35E58,9B9B3075595A070B,1,2,False,train
T13_high_short,4113,86,8.5,"[-5.833333333333334, -11, 70]",C:\Users\lab\Counterfactual-XAI-Verifier\experiments\yolov8_search_comparison\diverse_training_scenario_split\data\diverse_training_scenario_split_v2\dataset\images\train\T13_high_short__frame_0086.png,C:\Users\lab\Counterfactual-XAI-Verifier\experiments\yolov8_search_comparison\diverse_training_scenario_split\data\diverse_training_scenario_split_v2\dataset\labels\train\T13_high_short__frame_0086.txt,F45D65D331811A8930DB5355D53D0E243BD34B69BE1005C6BC963272B6550A05,50D798989F3EA02ABD00F2B7D1119F0BA3EE10052208DA3BE3474E858A46E1B2,B7D2CBC041A56E6F2CCDB3A26C7B0D7D3894461D6C1BCA48DD8024EC0BD85220,939B1A70555A1A07,2,2,False,train
T13_high_short,4113,96,9.5,"[-4.166666666666666, -11, 70]",C:\Users\lab\Counterfactual-XAI-Verifier\experiments\yolov8_search_comparison\diverse_training_scenario_split\data\diverse_training_scenario_split_v2\dataset\images\train\T13_high_short__frame_0096.png,C:\Users\lab\Counterfactual-XAI-Verifier\experiments\yolov8_search_comparison\diverse_training_scenario_split\data\diverse_training_scenario_split_v2\dataset\labels\train\T13_high_short__frame_0096.txt,170DA0AEC6554715C7C2DAE74D7C48D5E701D9D4706CAF308A485A8DFF1F315B,B5C33FED309A1008A7B305578B5BE03CA0BAB1698AB2FF519ED4BFA309CD272B,6AFAB6378FEC7438323BAE23C9DED411CF643A52753C51FF4EC29AF93E826654,929B1A7075585A07,2,2,False,train
T13_high_short,4113,105,10.4,"[-2.666666666666668, -11, 70]",C:\Users\lab\Counterfactual-XAI-Verifier\experiments\yolov8_search_comparison\diverse_training_scenario_split\data\diverse_training_scenario_split_v2\dataset\images\train\T13_high_short__frame_0105.png,C:\Users\lab\Counterfactual-XAI-Verifier\experiments\yolov8_search_comparison\diverse_training_scenario_split\data\diverse_training_scenario_split_v2\dataset\labels\train\T13_high_short__frame_0105.txt,3A81B7AA39570126DD76C87D1B9848416839DA2857EDD5CAE0C3643E7E406FAA,E6E1B307A155835510BFCE3238299B530991304E41714FD687FED2A0866682D5,A5BE04121B5C9F12634FCEDAD02460A8343B430EB7FECCFE933107EF34FA53E0,B29B5B3A7454585B,2,2,False,train
T13_high_short,4113,115,11.4,"[-1, -11, 70]",C:\Users\lab\Counterfactual-XAI-Verifier\experiments\yolov8_search_comparison\diverse_training_scenario_split\data\diverse_training_scenario_split_v2\dataset\images\train\T13_high_short__frame_0115.png,C:\Users\lab\Counterfactual-XAI-Verifier\experiments\yolov8_search_comparison\diverse_training_scenario_split\data\diverse_training_scenario_split_v2\dataset\labels\train\T13_high_short__frame_0115.txt,F2805590700960079DE158C9F8C58C21BF0F460617CFB13B1A4B515842C3626C,76F5D4FB42C85EF4005217B72FF744CFC7E7F5C73352688D319930C0615AB0E7,B9386E491BE116B06B859C40BC598BE49F4ADB98DDD8F2D7169FF0635C3D8DCD,B2935B1A7074545B,1,2,False,train
T13_high_short,4113,124,12.3,"[0.5, -11, 70]",C:\Users\lab\Counterfactual-XAI-Verifier\experiments\yolov8_search_comparison\diverse_training_scenario_split\data\diverse_training_scenario_split_v2\dataset\images\train\T13_high_short__frame_0124.png,C:\Users\lab\Counterfactual-XAI-Verifier\experiments\yolov8_search_comparison\diverse_training_scenario_split\data\diverse_training_scenario_split_v2\dataset\labels\train\T13_high_short__frame_0124.txt,B1616937EA378C044A2EFF7D70B0249597DA3BEDD1310FF821278297F253A12B,26AB9BFBD161370B3CDB4652EF92197ECEBD23EE8C39FA191264D51E70FEBAA0,3533CEFD79430E9FD02E908925929CA4520FB1A1EB96B9164FF56EC39A0E1759,BAB25B5A32755458,1,2,False,train
T13_high_short,4113,134,13.3,"[2.166666666666668, -11, 70]",C:\Users\lab\Counterfactual-XAI-Verifier\experiments\yolov8_search_comparison\diverse_training_scenario_split\data\diverse_training_scenario_split_v2\dataset\images\train\T13_high_short__frame_0134.png,C:\Users\lab\Counterfactual-XAI-Verifier\experiments\yolov8_search_comparison\diverse_training_scenario_split\data\diverse_training_scenario_split_v2\dataset\labels\train\T13_high_short__frame_0134.txt,FF1E3A0AD434900527DF17D0FB83F0B1B41CE684571824E0A5299218C51030CB,EF86F908DC51708F52D611417F69BE39CE970B11BAA017FDD587D7D87CBBFFC6,0220FC1D8E53F89C8E85CC58F46BCF34D9E25C19817971F3739E771870E2AA05,99B25B5B1A307554,1,2,False,train
T13_high_short,4113,143,14.2,"[3.6666666666666643, -11, 70]",C:\Users\lab\Counterfactual-XAI-Verifier\experiments\yolov8_search_comparison\diverse_training_scenario_split\data\diverse_training_scenario_split_v2\dataset\images\train\T13_high_short__frame_0143.png,C:\Users\lab\Counterfactual-XAI-Verifier\experiments\yolov8_search_comparison\diverse_training_scenario_split\data\diverse_training_scenario_split_v2\dataset\labels\train\T13_high_short__frame_0143.txt,44DFA6C0636F22D4E1DA78AE4E2B520EC85A31DD760651540AA9FB60237C3C37,160C70C306A2154DFF702D371FBF7DA9BDE5A5C84229ED7E8437F342DEE06757,F88BB3B137E794420B3CE12152573C12D0C7CA915B7AAF9E922A985EE3D7148E,D9B2335B5A127555,3,2,False,train
T13_high_short,4113,153,15.2,"[5.333333333333332, -11, 70]",C:\Users\lab\Counterfactual-XAI-Verifier\experiments\yolov8_search_comparison\diverse_training_scenario_split\data\diverse_training_scenario_split_v2\dataset\images\train\T13_high_short__frame_0153.png,C:\Users\lab\Counterfactual-XAI-Verifier\experiments\yolov8_search_comparison\diverse_training_scenario_split\data\diverse_training_scenario_split_v2\dataset\labels\train\T13_high_short__frame_0153.txt,DB62A6E77EB571A2D85B08C8DC3781E66FD4038CD2470626F8C41FB80D0AAF78,21DDEC0A5DA4C9DC449B58B2E5D8311EB849D11AF7E538C8775C62C620E52267,E3CABF4C507356DCB5DBAC58DD8CCE1C38DAA58BC28E5BDE8596795F3FD23FB8,5D39325B5B1A3175,3,3,False,train
T13_high_short,4113,162,16.1,"[6.833333333333336, -11, 70]",C:\Users\lab\Counterfactual-XAI-Verifier\experiments\yolov8_search_comparison\diverse_training_scenario_split\data\diverse_training_scenario_split_v2\dataset\images\train\T13_high_short__frame_0162.png,C:\Users\lab\Counterfactual-XAI-Verifier\experiments\yolov8_search_comparison\diverse_training_scenario_split\data\diverse_training_scenario_split_v2\dataset\labels\train\T13_high_short__frame_0162.txt,C952F25352598A44F59BF0D4C7D87018BCFBE740596DDA7D18BAF6451CDEF912,AFCB028E7AFCCF245DA3576348A4606EAA14631488DB55B75E1C93C03DCA6ECB,0334C6AD30283B8F497FC27860F5F80C48F77EE39FC76814362ECCAF8636105D,561932135B5A3275,3,3,False,train
T13_high_short,4113,172,17.1,"[8.5, -11, 70]",C:\Users\lab\Counterfactual-XAI-Verifier\experiments\yolov8_search_comparison\diverse_training_scenario_split\data\diverse_training_scenario_split_v2\dataset\images\train\T13_high_short__frame_0172.png,C:\Users\lab\Counterfactual-XAI-Verifier\experiments\yolov8_search_comparison\diverse_training_scenario_split\data\diverse_training_scenario_split_v2\dataset\labels\train\T13_high_short__frame_0172.txt,C994F69FCB0618B71CA356C949098B536AF14A9F2A9D304905BC59EA4E485695,2F2D97F21064095026C8E955C84B9B36253D2D4AC5FB3C4C6147DEF95321ED87,0285E4A6C74F385BDBDB6DCBAC164D2B10A9F6161B2DDE2F926A1DEEF26DBF91,D6193A365B5B1A31,2,3,False,train
T13_high_short,4113,181,18.0,"[10, -11, 70]",C:\Users\lab\Counterfactual-XAI-Verifier\experiments\yolov8_search_comparison\diverse_training_scenario_split\data\diverse_training_scenario_split_v2\dataset\images\train\T13_high_short__frame_0181.png,C:\Users\lab\Counterfactual-XAI-Verifier\experiments\yolov8_search_comparison\diverse_training_scenario_split\data\diverse_training_scenario_split_v2\dataset\labels\train\T13_high_short__frame_0181.txt,C23B22C1EB4CCEEC57E87BF61F0E40179D0502BB2A7E25CA59A9DC53630A3D9D,31FD7F76D49043D2F07FAB4A6FCB7771C9D00C1F2CBE1012C2336CAA2E0322E7,1177E573BCCB3C147ACC917C100571399520B3EB017643771C9ED54677774E7A,D65D3B32175B593B,2,3,False,train
T14_low_close,4114,1,0.0,"[-25, 12, 44]",C:\Users\lab\Counterfactual-XAI-Verifier\experiments\yolov8_search_comparison\diverse_training_scenario_split\data\diverse_training_scenario_split_v2\dataset\images\train\T14_low_close__frame_0001.png,C:\Users\lab\Counterfactual-XAI-Verifier\experiments\yolov8_search_comparison\diverse_training_scenario_split\data\diverse_training_scenario_split_v2\dataset\labels\train\T14_low_close__frame_0001.txt,8590FF552B2CD34F9278D31B4239F810292C5461A30113892B005C5E3222B636,E3B0C44298FC1C149AFBF4C8996FB92427AE41E4649B934CA495991B7852B855,8D0E5116887AC61F6E9790C0F0FD5E28B714BE15D9FBB8821131F12D6AE56C09,0404040404040404,0,0,True,train
T14_low_close,4114,10,0.9,"[-23, 12, 44.15]",C:\Users\lab\Counterfactual-XAI-Verifier\experiments\yolov8_search_comparison\diverse_training_scenario_split\data\diverse_training_scenario_split_v2\dataset\images\train\T14_low_close__frame_0010.png,C:\Users\lab\Counterfactual-XAI-Verifier\experiments\yolov8_search_comparison\diverse_training_scenario_split\data\diverse_training_scenario_split_v2\dataset\labels\train\T14_low_close__frame_0010.txt,79286B4AFDD57CE6FCAB9E51D7E2E0872DB628FBF678A2D72FF75CBB9D70EEFD,E3B0C44298FC1C149AFBF4C8996FB92427AE41E4649B934CA495991B7852B855,0A88CE3506F07C454CAB4CE855681FC280EEBEFFF1454B14113D9F5C279B4DA4,0404040404040404,0,0,True,train
T14_low_close,4114,20,1.9,"[-20.77777777777778, 12, 44.31666666666667]",C:\Users\lab\Counterfactual-XAI-Verifier\experiments\yolov8_search_comparison\diverse_training_scenario_split\data\diverse_training_scenario_split_v2\dataset\images\train\T14_low_close__frame_0020.png,C:\Users\lab\Counterfactual-XAI-Verifier\experiments\yolov8_search_comparison\diverse_training_scenario_split\data\diverse_training_scenario_split_v2\dataset\labels\train\T14_low_close__frame_0020.txt,1DE05374ACA86AA3CB5C5EBA5CA36FC2135A0C1DF8BABFC32F529EB456601C1B,E3B0C44298FC1C149AFBF4C8996FB92427AE41E4649B934CA495991B7852B855,92C8C43E5DFED83C89D035114AE609BCDF1BA75992B4E239D6B2DDB248547AD2,4800010004040404,0,0,True,train
T14_low_close,4114,29,2.8,"[-18.77777777777778, 12, 44.46666666666667]",C:\Users\lab\Counterfactual-XAI-Verifier\experiments\yolov8_search_comparison\diverse_training_scenario_split\data\diverse_training_scenario_split_v2\dataset\images\train\T14_low_close__frame_0029.png,C:\Users\lab\Counterfactual-XAI-Verifier\experiments\yolov8_search_comparison\diverse_training_scenario_split\data\diverse_training_scenario_split_v2\dataset\labels\train\T14_low_close__frame_0029.txt,448BB1773161321DD226C50F519AB51F18C78BA8BE12F1723477ACFAEF307D80,E3B0C44298FC1C149AFBF4C8996FB92427AE41E4649B934CA495991B7852B855,AA0F3F492C62C51804B5E717D47EA708C8BC6D8E0945E83AA05A3B05025E1BFB,3404080000000004,0,0,True,train
T14_low_close,4114,39,3.8,"[-16.555555555555557, 12, 44.63333333333333]",C:\Users\lab\Counterfactual-XAI-Verifier\experiments\yolov8_search_comparison\diverse_training_scenario_split\data\diverse_training_scenario_split_v2\dataset\images\train\T14_low_close__frame_0039.png,C:\Users\lab\Counterfactual-XAI-Verifier\experiments\yolov8_search_comparison\diverse_training_scenario_split\data\diverse_training_scenario_split_v2\dataset\labels\train\T14_low_close__frame_0039.txt,5D0B919334A7651CE579E8879092D25DCA59C4D5C9463D8F6EC3B54D666278BE,E3B0C44298FC1C149AFBF4C8996FB92427AE41E4649B934CA495991B7852B855,50911F9CA69160B3C6A0CCF6C31B45E9C534C8FB2805C46F37E52614E407EFC1,61C2622424000000,0,0,True,train
T14_low_close,4114,48,4.7,"[-14.555555555555555, 12, 44.78333333333333]",C:\Users\lab\Counterfactual-XAI-Verifier\experiments\yolov8_search_comparison\diverse_training_scenario_split\data\diverse_training_scenario_split_v2\dataset\images\train\T14_low_close__frame_0048.png,C:\Users\lab\Counterfactual-XAI-Verifier\experiments\yolov8_search_comparison\diverse_training_scenario_split\data\diverse_training_scenario_split_v2\dataset\labels\train\T14_low_close__frame_0048.txt,A356BAD0618F99FF865CA9EE29941CB3D31EF174435E589C7BFB5CB81D03BEA4,E3B0C44298FC1C149AFBF4C8996FB92427AE41E4649B934CA495991B7852B855,3CEB1B764A749BFBA4B6407E19035AB9FBB877188870790A7B5BADF1BADCF57A,9292C0499991C1D2,0,0,True,train
T14_low_close,4114,58,5.7,"[-12.333333333333334, 12, 44.95]",C:\Users\lab\Counterfactual-XAI-Verifier\experiments\yolov8_search_comparison\diverse_training_scenario_split\data\diverse_training_scenario_split_v2\dataset\images\train\T14_low_close__frame_0058.png,C:\Users\lab\Counterfactual-XAI-Verifier\experiments\yolov8_search_comparison\diverse_training_scenario_split\data\diverse_training_scenario_split_v2\dataset\labels\train\T14_low_close__frame_0058.txt,69298CAD8B7CB33EECF74B417E0CDF63CCE81DAE99FE355364A9B4C7AF8BCC72,E3B0C44298FC1C149AFBF4C8996FB92427AE41E4649B934CA495991B7852B855,55A946046A2D67F3E4D0E1A4A691AB73643544818A7812C74995E0C992753606,909090C848840432,0,0,True,train
T14_low_close,4114,67,6.6,"[-10.333333333333334, 12, 45.1]",C:\Users\lab\Counterfactual-XAI-Verifier\experiments\yolov8_search_comparison\diverse_training_scenario_split\data\diverse_training_scenario_split_v2\dataset\images\train\T14_low_close__frame_0067.png,C:\Users\lab\Counterfactual-XAI-Verifier\experiments\yolov8_search_comparison\diverse_training_scenario_split\data\diverse_training_scenario_split_v2\dataset\labels\train\T14_low_close__frame_0067.txt,8BA0337BFBEC8FE5FCABAB90A16BD1B3956EDA283939B58E5262217946FCBED8,A686E5B1C23317862DDE41D47EC320AD4CED952977F97A81538CD34FA93D07BB,D1353914521AD73257A6CADC9546C0C0E164C00A899671807CE582C4B14033BA,644404981020C0C0,1,1,False,train
T14_low_close,4114,77,7.6,"[-8.11111111111111, 12, 45.266666666666666]",C:\Users\lab\Counterfactual-XAI-Verifier\experiments\yolov8_search_comparison\diverse_training_scenario_split\data\diverse_training_scenario_split_v2\dataset\images\train\T14_low_close__frame_0077.png,C:\Users\lab\Counterfactual-XAI-Verifier\experiments\yolov8_search_comparison\diverse_training_scenario_split\data\diverse_training_scenario_split_v2\dataset\labels\train\T14_low_close__frame_0077.txt,5ACE38CC44A039CA5DDBE5EE359A1B1AB7380ABD1D131730E52DE2C41924C84C,7152CA01B4EC4CBE19562E94CC737A709D82F45134BD813C4078DD1AAE9E58EA,BC385230886830D6F381579227A967569BC8B4A7515A11779E3B19F51AC37F3E,3844444444D42030,0,1,False,train
T14_low_close,4114,86,8.5,"[-6.111111111111111, 12, 45.416666666666664]",C:\Users\lab\Counterfactual-XAI-Verifier\experiments\yolov8_search_comparison\diverse_training_scenario_split\data\diverse_training_scenario_split_v2\dataset\images\train\T14_low_close__frame_0086.png,C:\Users\lab\Counterfactual-XAI-Verifier\experiments\yolov8_search_comparison\diverse_training_scenario_split\data\diverse_training_scenario_split_v2\dataset\labels\train\T14_low_close__frame_0086.txt,140B2D9E12C29CB8C60F18F6FBD0DF100C7FF6195AA66DF692266F81F3727EC7,6703E37480B9A036416BC459E772529E371005BE67273AB344E306F26DCF11D4,7DB15652106260DC455F9EBA9D27874EE5A0F079A58861D176E9D8A384609335,2418200050C4C4C4,0,1,False,train
T14_low_close,4114,96,9.5,"[-3.8888888888888893, 12, 45.583333333333336]",C:\Users\lab\Counterfactual-XAI-Verifier\experiments\yolov8_search_comparison\diverse_training_scenario_split\data\diverse_training_scenario_split_v2\dataset\images\train\T14_low_close__frame_0096.png,C:\Users\lab\Counterfactual-XAI-Verifier\experiments\yolov8_search_comparison\diverse_training_scenario_split\data\diverse_training_scenario_split_v2\dataset\labels\train\T14_low_close__frame_0096.txt,687470ABE4D9E35441930E485D09068EDA5F0EF66F8F90136350380B51C8C448,E3B0C44298FC1C149AFBF4C8996FB92427AE41E4649B934CA495991B7852B855,C19AAA6A8306E17B45B06AB73D6270BBEEAB510318416EF432F03E3482F9A995,F272646408080000,0,0,True,train
T14_low_close,4114,105,10.4,"[-1.8888888888888928, 12, 45.733333333333334]",C:\Users\lab\Counterfactual-XAI-Verifier\experiments\yolov8_search_comparison\diverse_training_scenario_split\data\diverse_training_scenario_split_v2\dataset\images\train\T14_low_close__frame_0105.png,C:\Users\lab\Counterfactual-XAI-Verifier\experiments\yolov8_search_comparison\diverse_training_scenario_split\data\diverse_training_scenario_split_v2\dataset\labels\train\T14_low_close__frame_0105.txt,B877FAC1EA046282620E1CC8D1DD57C1AB8DF1740DF6B23D56E9D7403BE3638F,E3B0C44298FC1C149AFBF4C8996FB92427AE41E4649B934CA495991B7852B855,9C548CDE61349865FB03FAB3C2DA5D7089EB47B9CE3A8AE994F1BA8E668F730A,900402E272646464,0,0,True,train
T14_low_close,4114,115,11.4,"[0.33333333333333215, 12, 45.9]",C:\Users\lab\Counterfactual-XAI-Verifier\experiments\yolov8_search_comparison\diverse_training_scenario_split\data\diverse_training_scenario_split_v2\dataset\images\train\T14_low_close__frame_0115.png,C:\Users\lab\Counterfactual-XAI-Verifier\experiments\yolov8_search_comparison\diverse_training_scenario_split\data\diverse_training_scenario_split_v2\dataset\labels\train\T14_low_close__frame_0115.txt,DCFB7CFDB15C902CCED71C4D00A1F74832BDE01277D769DF2D1A25F1B7B926F9,E3B0C44298FC1C149AFBF4C8996FB92427AE41E4649B934CA495991B7852B855,2918E3C164D9FDC72C18297518893F40BE9EE1552C91B1928ED9B94836C5592A,20101090180402C2,0,0,True,train
T14_low_close,4114,124,12.3,"[2.3333333333333357, 12, 46.05]",C:\Users\lab\Counterfactual-XAI-Verifier\experiments\yolov8_search_comparison\diverse_training_scenario_split\data\diverse_training_scenario_split_v2\dataset\images\train\T14_low_close__frame_0124.png,C:\Users\lab\Counterfactual-XAI-Verifier\experiments\yolov8_search_comparison\diverse_training_scenario_split\data\diverse_training_scenario_split_v2\dataset\labels\train\T14_low_close__frame_0124.txt,CB826175EE3AFF1BD662187B770AA4F9D7DC2E5C12D005598DB050206EC80D0E,E3B0C44298FC1C149AFBF4C8996FB92427AE41E4649B934CA495991B7852B855,986C58ED819CBEB5351BADE50D9F4C37A63F68CD38EB1E7E7C48DECE84048D9D,2020202020901020,0,0,True,train
T14_low_close,4114,134,13.3,"[4.555555555555557, 12, 46.21666666666667]",C:\Users\lab\Counterfactual-XAI-Verifier\experiments\yolov8_search_comparison\diverse_training_scenario_split\data\diverse_training_scenario_split_v2\dataset\images\train\T14_low_close__frame_0134.png,C:\Users\lab\Counterfactual-XAI-Verifier\experiments\yolov8_search_comparison\diverse_training_scenario_split\data\diverse_training_scenario_split_v2\dataset\labels\train\T14_low_close__frame_0134.txt,9A33505C58E500C9956FEF4FAC227A4EAC1FDA1C66189A6CE642F104B61FB3B0,828AEE19FF7807F79A222F124EA67F2CC0C92D201B7A5CE26FFD11ED19027300,8071CB0B3EFF752916788A42E6E2EDC22FF2419D2EBA9AF20DA6F0C5AD3151E4,1A1B444020202020,1,1,False,train
T14_low_close,4114,143,14.2,"[6.555555555555554, 12, 46.36666666666667]",C:\Users\lab\Counterfactual-XAI-Verifier\experiments\yolov8_search_comparison\diverse_training_scenario_split\data\diverse_training_scenario_split_v2\dataset\images\train\T14_low_close__frame_0143.png,C:\Users\lab\Counterfactual-XAI-Verifier\experiments\yolov8_search_comparison\diverse_training_scenario_split\data\diverse_training_scenario_split_v2\dataset\labels\train\T14_low_close__frame_0143.txt,8CF92E3C9F7F1274F5AD6341C53AA525CF1B3BCCB96A0A9100C5854D5DB735D7,B1D13E9C3DB00569DED5D7C01F7F3455F42DB1A2F24D1209861DE6D3FDC13EC8,669E67ADB6A91B934B5C503B392F5244D9E0FAD7F83C44076FD558943FE7D0C4,1606525210000000,1,1,False,train
T14_low_close,4114,153,15.2,"[8.777777777777779, 12, 46.53333333333333]",C:\Users\lab\Counterfactual-XAI-Verifier\experiments\yolov8_search_comparison\diverse_training_scenario_split\data\diverse_training_scenario_split_v2\dataset\images\train\T14_low_close__frame_0153.png,C:\Users\lab\Counterfactual-XAI-Verifier\experiments\yolov8_search_comparison\diverse_training_scenario_split\data\diverse_training_scenario_split_v2\dataset\labels\train\T14_low_close__frame_0153.txt,8EBFF6A0BB5B8A4F24F7F3E0697D064B1D9D8A89F112258DBB91D887DA791CEB,FF48F5C9989E5A0C5761934223C423B2EB4125140C9EA7635A64BC9030DD9069,9457451227C384A5CF900DFA32812F43CE9FF629E12B63F62BEBF1DECEF9CAE3,6023161606060613,1,1,False,train
T14_low_close,4114,162,16.1,"[10.777777777777779, 12, 46.68333333333334]",C:\Users\lab\Counterfactual-XAI-Verifier\experiments\yolov8_search_comparison\diverse_training_scenario_split\data\diverse_training_scenario_split_v2\dataset\images\train\T14_low_close__frame_0162.png,C:\Users\lab\Counterfactual-XAI-Verifier\experiments\yolov8_search_comparison\diverse_training_scenario_split\data\diverse_training_scenario_split_v2\dataset\labels\train\T14_low_close__frame_0162.txt,48878DA89B17236BC799529EB9F0339C0BAB03CFBB23E405CD4E8955D3E7A7AA,06D8E8ACDE863C4F5696D3B012912EC27C0A8637AB9B10E21D656E0DF3028D7A,132D121E9FE8DFA1A8B030149FCF9A4FB1D612D3DF3B779760C74F672F277406,1A5A622459270603,0,1,False,train
T14_low_close,4114,172,17.1,"[13, 12, 46.85]",C:\Users\lab\Counterfactual-XAI-Verifier\experiments\yolov8_search_comparison\diverse_training_scenario_split\data\diverse_training_scenario_split_v2\dataset\images\train\T14_low_close__frame_0172.png,C:\Users\lab\Counterfactual-XAI-Verifier\experiments\yolov8_search_comparison\diverse_training_scenario_split\data\diverse_training_scenario_split_v2\dataset\labels\train\T14_low_close__frame_0172.txt,A2EDA4C7633789302157C619F6E269104E0C6C644D83530E302DD2FCE3CA1E72,E3B0C44298FC1C149AFBF4C8996FB92427AE41E4649B934CA495991B7852B855,8D426137E3785D23665CA133F26770D4B886BD7EE524B903A71716974D8C2F46,C8C81A1ADA526418,0,0,True,train
T14_low_close,4114,181,18.0,"[15, 12, 47]",C:\Users\lab\Counterfactual-XAI-Verifier\experiments\yolov8_search_comparison\diverse_training_scenario_split\data\diverse_training_scenario_split_v2\dataset\images\train\T14_low_close__frame_0181.png,C:\Users\lab\Counterfactual-XAI-Verifier\experiments\yolov8_search_comparison\diverse_training_scenario_split\data\diverse_training_scenario_split_v2\dataset\labels\train\T14_low_close__frame_0181.txt,54C5A9B32FAC439C91D403B9389CA500798EADF7B5B4C1EF02FE2B93BD84B20D,E3B0C44298FC1C149AFBF4C8996FB92427AE41E4649B934CA495991B7852B855,EC48525AD204C3F0A415B83FAFB364B7DB9E68865FD6166CDF0E843DA3F3D0AE,8888C8C8C8181A18,0,0,True,train
T15_lateral_ascending,4115,1,0.0,"[-22, -16, 48]",C:\Users\lab\Counterfactual-XAI-Verifier\experiments\yolov8_search_comparison\diverse_training_scenario_split\data\diverse_training_scenario_split_v2\dataset\images\train\T15_lateral_ascending__frame_0001.png,C:\Users\lab\Counterfactual-XAI-Verifier\experiments\yolov8_search_comparison\diverse_training_scenario_split\data\diverse_training_scenario_split_v2\dataset\labels\train\T15_lateral_ascending__frame_0001.txt,73349B02857BB26AEBE0705A578C541360AB943CCA9AC50AD02D40554A0A7747,1828E066F973BDBC1DC0F263C15A0C39A7A2FC090FBFC785D026363001971187,D83F5F49EEF3C563ABE6CDF8434745633276B6327D759B727DA7816B90E91EF9,03020606030B0100,1,1,False,train
T15_lateral_ascending,4115,10,0.9,"[-22, -14.4, 48.75]",C:\Users\lab\Counterfactual-XAI-Verifier\experiments\yolov8_search_comparison\diverse_training_scenario_split\data\diverse_training_scenario_split_v2\dataset\images\train\T15_lateral_ascending__frame_0010.png,C:\Users\lab\Counterfactual-XAI-Verifier\experiments\yolov8_search_comparison\diverse_training_scenario_split\data\diverse_training_scenario_split_v2\dataset\labels\train\T15_lateral_ascending__frame_0010.txt,3340026BDB0568901560072F7E34601E9A3D901C432D6431A6596C61F7A70929,34268EB8F9D167EA0B348DFBF44E48B00E47BB8AD8749FF121FE33CAD4AA46E8,957D59EF0BFC9F4C11F22679DD93035FC785BA30E6B92082D80886B140EA851F,03050D0C04040401,1,1,False,train
T15_lateral_ascending,4115,20,1.9,"[-22, -12.622222222222222, 49.583333333333336]",C:\Users\lab\Counterfactual-XAI-Verifier\experiments\yolov8_search_comparison\diverse_training_scenario_split\data\diverse_training_scenario_split_v2\dataset\images\train\T15_lateral_ascending__frame_0020.png,C:\Users\lab\Counterfactual-XAI-Verifier\experiments\yolov8_search_comparison\diverse_training_scenario_split\data\diverse_training_scenario_split_v2\dataset\labels\train\T15_lateral_ascending__frame_0020.txt,9C2E39AA74990279E7ABF7BBA25DB69F1E9F8BE3EAC7A82B8623E0C7AC29286D,ABA2F3796E5833D8A726E451F4484AD1D9A9EE2C55DE96FC80FA5FED16A389A7,1508E0ACCA79E4BC9F88C9C60ED9CF83DC54D44B3064768823DF3B768D64F393,060E0B1119190906,1,1,False,train
T15_lateral_ascending,4115,29,2.8,"[-22, -11.022222222222222, 50.333333333333336]",C:\Users\lab\Counterfactual-XAI-Verifier\experiments\yolov8_search_comparison\diverse_training_scenario_split\data\diverse_training_scenario_split_v2\dataset\images\train\T15_lateral_ascending__frame_0029.png,C:\Users\lab\Counterfactual-XAI-Verifier\experiments\yolov8_search_comparison\diverse_training_scenario_split\data\diverse_training_scenario_split_v2\dataset\labels\train\T15_lateral_ascending__frame_0029.txt,4F89BD1DF43F1C52B2EBE306A319D7D9A8C6C45A9D7D03E5E8C6DD488772C9BA,CA932A2D9AA532852F877B0A08A86C21CC2C80F147D3540DFBED7026079F183B,380C46CA30DE6A8746E8EB03AEF4AD9953FC8C8E0675F3D0A8259FDE1B42A0AA,2C1C16223333330D,1,1,False,train
T15_lateral_ascending,4115,39,3.8,"[-22, -9.244444444444444, 51.166666666666664]",C:\Users\lab\Counterfactual-XAI-Verifier\experiments\yolov8_search_comparison\diverse_training_scenario_split\data\diverse_training_scenario_split_v2\dataset\images\train\T15_lateral_ascending__frame_0039.png,C:\Users\lab\Counterfactual-XAI-Verifier\experiments\yolov8_search_comparison\diverse_training_scenario_split\data\diverse_training_scenario_split_v2\dataset\labels\train\T15_lateral_ascending__frame_0039.txt,4E7CDBDDBEED13A29BF75D64B7B27194877E75EAEFA8D2E03996B672386964FA,56D56E8F36EBD1871DD396C4A18BD96F15E3A815429A4A4D5FF6E2F9BC590627,F6B38608226381AFDE8244A294E6FA0C5FF505ADDEC86D3A2B36E2C2B43CBD5C,5A59284C6626662B,2,1,False,train
T15_lateral_ascending,4115,48,4.7,"[-22, -7.644444444444444, 51.916666666666664]",C:\Users\lab\Counterfactual-XAI-Verifier\experiments\yolov8_search_comparison\diverse_training_scenario_split\data\diverse_training_scenario_split_v2\dataset\images\train\T15_lateral_ascending__frame_0048.png,C:\Users\lab\Counterfactual-XAI-Verifier\experiments\yolov8_search_comparison\diverse_training_scenario_split\data\diverse_training_scenario_split_v2\dataset\labels\train\T15_lateral_ascending__frame_0048.txt,7438FFAED3C798428347BCCE0730453993B1B211823CE355062A96E9602F26E0,1C59D35750AA43B1C9C06EC8D50A1CDD7ADDE0B419976D5F3B1CBEB8A4361FA6,BF8241BF2EDD6643A28E705A7A2625E0EF0AD954531E5624999EB84029E85BA7,B4337399CD4D4C46,2,1,False,train
T15_lateral_ascending,4115,58,5.7,"[-22, -5.866666666666667, 52.75]",C:\Users\lab\Counterfactual-XAI-Verifier\experiments\yolov8_search_comparison\diverse_training_scenario_split\data\diverse_training_scenario_split_v2\dataset\images\train\T15_lateral_ascending__frame_0058.png,C:\Users\lab\Counterfactual-XAI-Verifier\experiments\yolov8_search_comparison\diverse_training_scenario_split\data\diverse_training_scenario_split_v2\dataset\labels\train\T15_lateral_ascending__frame_0058.txt,8249CB714CEA15139E2EF286A96E665BA757BDDC0999DC41826037C98EE12AB7,ED4D24FA39F347587AEA091A1469890188630C4A393FEDBF13FD360A4A71B9B0,42E20AE8173D122FA82AB576C7AEACF6DC4BECF1B2AD9F528A4BB689BD88F991,6567A7739BDBD9CD,2,1,False,train
T15_lateral_ascending,4115,67,6.6,"[-22, -4.2666666666666675, 53.5]",C:\Users\lab\Counterfactual-XAI-Verifier\experiments\yolov8_search_comparison\diverse_training_scenario_split\data\diverse_training_scenario_split_v2\dataset\images\train\T15_lateral_ascending__frame_0067.png,C:\Users\lab\Counterfactual-XAI-Verifier\experiments\yolov8_search_comparison\diverse_training_scenario_split\data\diverse_training_scenario_split_v2\dataset\labels\train\T15_lateral_ascending__frame_0067.txt,04F5B74A7C78453271527E4A8749243AF8CEA89C168858C309AA4505E07EA060,423EE40531203A65D32BFC7A5A5130EEE819D76F3F01D18F3E65A6258CFE0922,A15C26C40FBBC45BB7BEB7CC9D287FA685DD5DB294022CF390563545BA42A0A5,CB4B6E663693939A,2,1,False,train
T15_lateral_ascending,4115,77,7.6,"[-22, -2.488888888888889, 54.333333333333336]",C:\Users\lab\Counterfactual-XAI-Verifier\experiments\yolov8_search_comparison\diverse_training_scenario_split\data\diverse_training_scenario_split_v2\dataset\images\train\T15_lateral_ascending__frame_0077.png,C:\Users\lab\Counterfactual-XAI-Verifier\experiments\yolov8_search_comparison\diverse_training_scenario_split\data\diverse_training_scenario_split_v2\dataset\labels\train\T15_lateral_ascending__frame_0077.txt,E55581C2D1D202CD4961C3B862EE304EA925160D39903204363417D7E0F907AB,F93C426EA7E5FF1AB730B2EDDE3442A0EB25269E95DE1D6ADD0858E5650774C4,ACD80041AF5599B112CFA407BF7D6CDBBDFFAE103B3073FE0779371CABE294DC,9BDADFC464263737,2,2,False,train
T15_lateral_ascending,4115,86,8.5,"[-22, -0.8888888888888893, 55.083333333333336]",C:\Users\lab\Counterfactual-XAI-Verifier\experiments\yolov8_search_comparison\diverse_training_scenario_split\data\diverse_training_scenario_split_v2\dataset\images\train\T15_lateral_ascending__frame_0086.png,C:\Users\lab\Counterfactual-XAI-Verifier\experiments\yolov8_search_comparison\diverse_training_scenario_split\data\diverse_training_scenario_split_v2\dataset\labels\train\T15_lateral_ascending__frame_0086.txt,1A8D7299BD5B06D282A317BECAF9D10C9FE8EDE9B511F53CA0FCB6FC14DC88D2,E0D0D377632EC19BD21F392362EF613840C7D42A25F6287C83D8324C6272F48D,FD31D045F303606982009B3F7712EBB978CAD995A2AAE494A273432DDEC02C3F,93959F8DCC6C6666,1,2,False,train
T15_lateral_ascending,4115,96,9.5,"[-22, 0.8888888888888893, 55.916666666666664]",C:\Users\lab\Counterfactual-XAI-Verifier\experiments\yolov8_search_comparison\diverse_training_scenario_split\data\diverse_training_scenario_split_v2\dataset\images\train\T15_lateral_ascending__frame_0096.png,C:\Users\lab\Counterfactual-XAI-Verifier\experiments\yolov8_search_comparison\diverse_training_scenario_split\data\diverse_training_scenario_split_v2\dataset\labels\train\T15_lateral_ascending__frame_0096.txt,8CF92D121EA1565D348177BBE3A4055083A7715D0D4227688604F10AE4EFBAF3,D53D53D4FB862F4332CA4068E3182594337E6BA8F8D8F43A4C2EBDAE914BEB07,3CB5331878C2B8A131CC41CED343FDB003B182707114C5D6F7B7E7C12B109EE0,342ABB9BD9D84C4C,1,2,False,train
T15_lateral_ascending,4115,105,10.4,"[-22, 2.488888888888887, 56.666666666666664]",C:\Users\lab\Counterfactual-XAI-Verifier\experiments\yolov8_search_comparison\diverse_training_scenario_split\data\diverse_training_scenario_split_v2\dataset\images\train\T15_lateral_ascending__frame_0105.png,C:\Users\lab\Counterfactual-XAI-Verifier\experiments\yolov8_search_comparison\diverse_training_scenario_split\data\diverse_training_scenario_split_v2\dataset\labels\train\T15_lateral_ascending__frame_0105.txt,0D19CDC134C060D2BE9DC277ADCE02CB11ACC01CF9B040EEFD5B839FFB5886C2,56112933C277B8D5BE470342377530654F51B7B244222BEEB1AB53276B231147,6DA8B8970035CF2C8B84CA304FE163E8AA8BFE870009C2461A2B3707B3946407,752432379398D8C9,1,2,False,train
T15_lateral_ascending,4115,115,11.4,"[-22, 4.266666666666666, 57.5]",C:\Users\lab\Counterfactual-XAI-Verifier\experiments\yolov8_search_comparison\diverse_training_scenario_split\data\diverse_training_scenario_split_v2\dataset\images\train\T15_lateral_ascending__frame_0115.png,C:\Users\lab\Counterfactual-XAI-Verifier\experiments\yolov8_search_comparison\diverse_training_scenario_split\data\diverse_training_scenario_split_v2\dataset\labels\train\T15_lateral_ascending__frame_0115.txt,69093FE493FA4F16A1E361570777D8A60C089201EA03ACEDC2D3F7E9CECA027A,B79AAD58386CEA48FAB0C1A89020E03B0F582408C01BF5CD453D5D1E2D2646FA,3A3A17449B102E2E68660BDB24C4461585F4A5736F2F3A539305F3A07D7AA8C4,F949347E36B2B092,1,2,False,train
T15_lateral_ascending,4115,124,12.3,"[-22, 5.866666666666667, 58.25]",C:\Users\lab\Counterfactual-XAI-Verifier\experiments\yolov8_search_comparison\diverse_training_scenario_split\data\diverse_training_scenario_split_v2\dataset\images\train\T15_lateral_ascending__frame_0124.png,C:\Users\lab\Counterfactual-XAI-Verifier\experiments\yolov8_search_comparison\diverse_training_scenario_split\data\diverse_training_scenario_split_v2\dataset\labels\train\T15_lateral_ascending__frame_0124.txt,A203CE3780F8A231AF2287B046475B314CD114BCD8663BB94FB94766D9CDA689,D06B4B11ED623833460EA8BF770B43F584D3565B044D13F31E2AD59D7E8DA364,828FD517DF6E69494672A2A45E885D501B5397EF4579C22856860979F21B2020,B25A496C2424A1B0,1,2,False,train
T15_lateral_ascending,4115,134,13.3,"[-22, 7.644444444444446, 59.083333333333336]",C:\Users\lab\Counterfactual-XAI-Verifier\experiments\yolov8_search_comparison\diverse_training_scenario_split\data\diverse_training_scenario_split_v2\dataset\images\train\T15_lateral_ascending__frame_0134.png,C:\Users\lab\Counterfactual-XAI-Verifier\experiments\yolov8_search_comparison\diverse_training_scenario_split\data\diverse_training_scenario_split_v2\dataset\labels\train\T15_lateral_ascending__frame_0134.txt,3E8E3AAF51FC9024E7A7F2789ADD385CFD4781CB9ADDDD01FAA8BFC4BEA82AD1,68356F48C7673BC6D6D44060CC569A6962A902E790A0576099D1A18C3D66D9EF,B19109A3ABDCD81778596462FA3289BFF828CD4F9D1D5968A2832B9AD35746C9,24D29259696D6221,1,1,False,train
T15_lateral_ascending,4115,143,14.2,"[-22, 9.244444444444444, 59.83333333333333]",C:\Users\lab\Counterfactual-XAI-Verifier\experiments\yolov8_search_comparison\diverse_training_scenario_split\data\diverse_training_scenario_split_v2\dataset\images\train\T15_lateral_ascending__frame_0143.png,C:\Users\lab\Counterfactual-XAI-Verifier\experiments\yolov8_search_comparison\diverse_training_scenario_split\data\diverse_training_scenario_split_v2\dataset\labels\train\T15_lateral_ascending__frame_0143.txt,50A5434DDF4C87FC4FE7D74521B7D9222118DB4AB33FCA5DCD813884827F1897,4AC45D4B72FEF58A40109ED96B7A0336816C912DDB19C537BFF8ACC339E77ADC,85F6BEE2E5114C04EE9CF48EACBE33014284803B0DB40916E34E263077FF0C82,68E4B4D259494543,1,1,False,train
T15_lateral_ascending,4115,153,15.2,"[-22, 11.022222222222222, 60.666666666666664]",C:\Users\lab\Counterfactual-XAI-Verifier\experiments\yolov8_search_comparison\diverse_training_scenario_split\data\diverse_training_scenario_split_v2\dataset\images\train\T15_lateral_ascending__frame_0153.png,C:\Users\lab\Counterfactual-XAI-Verifier\experiments\yolov8_search_comparison\diverse_training_scenario_split\data\diverse_training_scenario_split_v2\dataset\labels\train\T15_lateral_ascending__frame_0153.txt,6DE05CD71F25ED85E2D854329A43DE1229793A4A5AE552B89F4D9FE931DAC2CD,0BF24A091A63ADFA47FE4B509AE0D985C8E4B9DB24C20C464BA3683046B8D908,EFD2264225BE09771183CA12A507052251D9AFFCFCD60FF8AB759FC267768BAF,4149A5B4F393C7C2,1,1,False,train
T15_lateral_ascending,4115,162,16.1,"[-22, 12.622222222222224, 61.41666666666667]",C:\Users\lab\Counterfactual-XAI-Verifier\experiments\yolov8_search_comparison\diverse_training_scenario_split\data\diverse_training_scenario_split_v2\dataset\images\train\T15_lateral_ascending__frame_0162.png,C:\Users\lab\Counterfactual-XAI-Verifier\experiments\yolov8_search_comparison\diverse_training_scenario_split\data\diverse_training_scenario_split_v2\dataset\labels\train\T15_lateral_ascending__frame_0162.txt,DBF6616176865460AB340137FA8D2805A5258742812B8360F6166BEEF4847405,AAA1ED0983A4D2221E36F0925BDD06412B3798709E1089317C50DB5682E02187,7DCFEDABA488B3F6F61B10A60FFE57620921B14E33932C1248EBE59A2D765756,D5C94925E5A78786,1,1,False,train
T15_lateral_ascending,4115,172,17.1,"[-22, 14.399999999999999, 62.25]",C:\Users\lab\Counterfactual-XAI-Verifier\experiments\yolov8_search_comparison\diverse_training_scenario_split\data\diverse_training_scenario_split_v2\dataset\images\train\T15_lateral_ascending__frame_0172.png,C:\Users\lab\Counterfactual-XAI-Verifier\experiments\yolov8_search_comparison\diverse_training_scenario_split\data\diverse_training_scenario_split_v2\dataset\labels\train\T15_lateral_ascending__frame_0172.txt,AA7C034EC8D5E98DD922DB2A779B4C3ABCCAD759F4C0CC016186171DEC8F0F64,8AFC2203BDE00A954B221310A1A0158F9B39FE869EB425E924DE04731F00A195,E4B4F6F7EF79BC98B0935F49EF09FE59F8981876DDF9ED6755A7B8C5717055EC,A393CB4BCBE7A78D,1,1,False,train
T15_lateral_ascending,4115,181,18.0,"[-22, 16, 63]",C:\Users\lab\Counterfactual-XAI-Verifier\experiments\yolov8_search_comparison\diverse_training_scenario_split\data\diverse_training_scenario_split_v2\dataset\images\train\T15_lateral_ascending__frame_0181.png,C:\Users\lab\Counterfactual-XAI-Verifier\experiments\yolov8_search_comparison\diverse_training_scenario_split\data\diverse_training_scenario_split_v2\dataset\labels\train\T15_lateral_ascending__frame_0181.txt,FC756C9AFB44BAF063D68B9566B57B9A76A19DE6E609A38C3F438320B04BC6B4,C4A4B45A89EFC0B37AF5C080A6D67A6151C6129BF3BDD1317904BAD3330BBD3E,C664B6DC56EDF557CEB17E4E7C6EF0DAAB149A417D653B4B425F574BDABF1F05,AB939353CB4F0F1F,0,1,False,train
T16_lateral_descending,4116,1,0.0,"[-14, 18, 65]",C:\Users\lab\Counterfactual-XAI-Verifier\experiments\yolov8_search_comparison\diverse_training_scenario_split\data\diverse_training_scenario_split_v2\dataset\images\train\T16_lateral_descending__frame_0001.png,C:\Users\lab\Counterfactual-XAI-Verifier\experiments\yolov8_search_comparison\diverse_training_scenario_split\data\diverse_training_scenario_split_v2\dataset\labels\train\T16_lateral_descending__frame_0001.txt,CEB549F7823DBEF19920D26AC0FF8E5A114FF631B84B22D0CB0E7AF1EDA47369,3F9ED39AB3CAE942F55898A9868D6C998C74F8610BA1F304A0F1ACD008B27AF6,51E83CACAB25E43F3356FD5C862C3DC12D0EDD741F241C8B81CEA45B6A9BAC33,9797974F4747A793,1,2,False,train
T16_lateral_descending,4116,10,0.9,"[-14, 16.2, 64.15]",C:\Users\lab\Counterfactual-XAI-Verifier\experiments\yolov8_search_comparison\diverse_training_scenario_split\data\diverse_training_scenario_split_v2\dataset\images\train\T16_lateral_descending__frame_0010.png,C:\Users\lab\Counterfactual-XAI-Verifier\experiments\yolov8_search_comparison\diverse_training_scenario_split\data\diverse_training_scenario_split_v2\dataset\labels\train\T16_lateral_descending__frame_0010.txt,019007EF0D9E40160F72988263C914742A60FB831BE5B0EB4FF917A6ADE00B43,D63D7A45317DFD62DFE0F367C8ED2DF73B0A855A46460FB7E3F79416CAD66D39,E90F5AB0D9AF41498AA1729EB4022E3AEDAA9BD366E92D44AA0402830693E212,57D34B4B6B8B93D3,1,2,False,train
T16_lateral_descending,4116,20,1.9,"[-14, 14.2, 63.205555555555556]",C:\Users\lab\Counterfactual-XAI-Verifier\experiments\yolov8_search_comparison\diverse_training_scenario_split\data\diverse_training_scenario_split_v2\dataset\images\train\T16_lateral_descending__frame_0020.png,C:\Users\lab\Counterfactual-XAI-Verifier\experiments\yolov8_search_comparison\diverse_training_scenario_split\data\diverse_training_scenario_split_v2\dataset\labels\train\T16_lateral_descending__frame_0020.txt,7BD5206CE84302937915F70A2289E8424982005520C3ECE7FCAF624A38F19044,D409B860943BE4D053E0B5692C18912DEFD1F0D8C3E1A7D120133F138764D06F,6D68107C9D009C544D9CFBB466586BD26F7052E9AC89CB05F60E9E82F6A83BFB,4B4BE3A7A181C149,2,2,False,train
T16_lateral_descending,4116,29,2.8,"[-14, 12.4, 62.355555555555554]",C:\Users\lab\Counterfactual-XAI-Verifier\experiments\yolov8_search_comparison\diverse_training_scenario_split\data\diverse_training_scenario_split_v2\dataset\images\train\T16_lateral_descending__frame_0029.png,C:\Users\lab\Counterfactual-XAI-Verifier\experiments\yolov8_search_comparison\diverse_training_scenario_split\data\diverse_training_scenario_split_v2\dataset\labels\train\T16_lateral_descending__frame_0029.txt,7481FB41AEA371EF731B5969D86494478CE3D11578EF90F8758D96087AE794EC,616648E81404207A36DF5EF4F1B50EEF452F765567893F5EA4871F724E549F7D,E6DD6912BA431CBE7DE3EDBE1965D76B8E2A62DC66561931FC556C1F44F559E2,6BE9A595B5C1C8A8,2,2,False,train
T16_lateral_descending,4116,39,3.8,"[-14, 10.4, 61.41111111111111]",C:\Users\lab\Counterfactual-XAI-Verifier\experiments\yolov8_search_comparison\diverse_training_scenario_split\data\diverse_training_scenario_split_v2\dataset\images\train\T16_lateral_descending__frame_0039.png,C:\Users\lab\Counterfactual-XAI-Verifier\experiments\yolov8_search_comparison\diverse_training_scenario_split\data\diverse_training_scenario_split_v2\dataset\labels\train\T16_lateral_descending__frame_0039.txt,69600745B11561DA717712C96B442E165614EE0BF6090B1CC78A6A29AEA3DE20,4765CA708EA4AD5C3C2841BDD710B22087E70760035E3990252C1B4EA4F02A4D,EA0F3636D2DEFA4B063A0062D49410162FD69CCA00E170F568ACD9A163DE0F3B,A5F5D2D25264E494,2,3,False,train
T16_lateral_descending,4116,48,4.7,"[-14, 8.6, 60.56111111111111]",C:\Users\lab\Counterfactual-XAI-Verifier\experiments\yolov8_search_comparison\diverse_training_scenario_split\data\diverse_training_scenario_split_v2\dataset\images\train\T16_lateral_descending__frame_0048.png,C:\Users\lab\Counterfactual-XAI-Verifier\experiments\yolov8_search_comparison\diverse_training_scenario_split\data\diverse_training_scenario_split_v2\dataset\labels\train\T16_lateral_descending__frame_0048.txt,361D64BC83A0CB07A4F7F0C2CAAA62C9DD16E0452CFB0CE106FC7D1CE4494152,CF27ACA0EA393E91D13EC8A33FFB332B9162FFF0D3F6ADFDF8573025FF71B439,2B3D74B80B7DE0F4FC5EE80B68493E7C334E1A3B26335230E5A691EB1390C286,7252DA4A7A64D2D0,2,2,False,train
T16_lateral_descending,4116,58,5.7,"[-14, 6.600000000000001, 59.61666666666667]",C:\Users\lab\Counterfactual-XAI-Verifier\experiments\yolov8_search_comparison\diverse_training_scenario_split\data\diverse_training_scenario_split_v2\dataset\images\train\T16_lateral_descending__frame_0058.png,C:\Users\lab\Counterfactual-XAI-Verifier\experiments\yolov8_search_comparison\diverse_training_scenario_split\data\diverse_training_scenario_split_v2\dataset\labels\train\T16_lateral_descending__frame_0058.txt,51321CED4275712579AED5195E146D8BF7DAA0152D8511A0D54359CC18B3202A,860D5FF7F8E260FB6C0FAC1AB2D200EC1745F26404C20007BCAE8EFB49CEFF38,7DC6C8CD3F2A0F545393D58B313E03ECEC239CACE1837DCD78244B3B0A4BD49B,3A696D2DA0B2686C,2,2,False,train
T16_lateral_descending,4116,67,6.6,"[-14, 4.800000000000001, 58.766666666666666]",C:\Users\lab\Counterfactual-XAI-Verifier\experiments\yolov8_search_comparison\diverse_training_scenario_split\data\diverse_training_scenario_split_v2\dataset\images\train\T16_lateral_descending__frame_0067.png,C:\Users\lab\Counterfactual-XAI-Verifier\experiments\yolov8_search_comparison\diverse_training_scenario_split\data\diverse_training_scenario_split_v2\dataset\labels\train\T16_lateral_descending__frame_0067.txt,7397F1EED17F022DEDEC98E19294044FDDA2E8173527B01AB2DE3D5C667FDAF0,A191EDB6EB562B5A9E95230132FCB5B7790753B4E16BE5E525D5B1A84BC40E23,03B40A01C3622C2558E88D48C1B61A32A0EA5885F932BA17A6EA8F86DD4118AC,2964A4B4B9797566,2,2,False,train
T16_lateral_descending,4116,77,7.6,"[-14, 2.8000000000000007, 57.82222222222222]",C:\Users\lab\Counterfactual-XAI-Verifier\experiments\yolov8_search_comparison\diverse_training_scenario_split\data\diverse_training_scenario_split_v2\dataset\images\train\T16_lateral_descending__frame_0077.png,C:\Users\lab\Counterfactual-XAI-Verifier\experiments\yolov8_search_comparison\diverse_training_scenario_split\data\diverse_training_scenario_split_v2\dataset\labels\train\T16_lateral_descending__frame_0077.txt,028C80BE6B0FD7D55A1C13914619191B16033B8B84FA22EDBAF74EA9BDEDBB5E,058EAA48D47FDA47E14762FFD055ED4B05C8EE2D14C264ACC5FC9B01EB9D559D,E7C34D3F76B6AAFF4E261A7097F872DE38209F1DCFE03C34F146FAC662F02671,34769292D4343233,2,2,False,train
T16_lateral_descending,4116,86,8.5,"[-14, 1, 56.97222222222222]",C:\Users\lab\Counterfactual-XAI-Verifier\experiments\yolov8_search_comparison\diverse_training_scenario_split\data\diverse_training_scenario_split_v2\dataset\images\train\T16_lateral_descending__frame_0086.png,C:\Users\lab\Counterfactual-XAI-Verifier\experiments\yolov8_search_comparison\diverse_training_scenario_split\data\diverse_training_scenario_split_v2\dataset\labels\train\T16_lateral_descending__frame_0086.txt,9D7016D815DAEF7D3F4CE87C37A0BFE08FE543DDD716D4BD2777A28CA4907637,6F21D8D95C9326051589F4CD557D1A8E47DF8E4B40A9C57BE2DA8824F9C33CBF,29240EDEA634CDCD83B92F744F251E895C49BB48FBB4BB2BD2D462B41CBE1367,B2DBD9494A3A3919,2,2,False,train
T16_lateral_descending,4116,96,9.5,"[-14, -1, 56.02777777777778]",C:\Users\lab\Counterfactual-XAI-Verifier\experiments\yolov8_search_comparison\diverse_training_scenario_split\data\diverse_training_scenario_split_v2\dataset\images\train\T16_lateral_descending__frame_0096.png,C:\Users\lab\Counterfactual-XAI-Verifier\experiments\yolov8_search_comparison\diverse_training_scenario_split\data\diverse_training_scenario_split_v2\dataset\labels\train\T16_lateral_descending__frame_0096.txt,ECABCA10F7F9E192FCA2C2DE8DBA025151F128D23657C83F6184B9E7BFFBC775,775A16C17A8E6C650E4DDE9097868D5DEF86C90FAC0E2070D5ADA9338B7A5C59,009546128EC96B256F181828AA3BEF8B2976CA3A0CA83C629E8322444E648556,99696C6D2D9D1CAC,1,2,False,train
T16_lateral_descending,4116,105,10.4,"[-14, -2.799999999999997, 55.17777777777778]",C:\Users\lab\Counterfactual-XAI-Verifier\experiments\yolov8_search_comparison\diverse_training_scenario_split\data\diverse_training_scenario_split_v2\dataset\images\train\T16_lateral_descending__frame_0105.png,C:\Users\lab\Counterfactual-XAI-Verifier\experiments\yolov8_search_comparison\diverse_training_scenario_split\data\diverse_training_scenario_split_v2\dataset\labels\train\T16_lateral_descending__frame_0105.txt,5E848F1C3AA7BF11AFED9DD7C09FEED7CFC55E5B264824B58D8B369E6C5E8605,98E44C6D6112034A8EA15523A15D0E9BDDD43B3EA9759550CDFB04B08E18073F,F06EC6C4148309D740711771E3E4E308F156A742D7E1AC597EA598F195FD36C7,EC2426B6869E8ED7,1,1,False,train
T16_lateral_descending,4116,115,11.4,"[-14, -4.799999999999997, 54.233333333333334]",C:\Users\lab\Counterfactual-XAI-Verifier\experiments\yolov8_search_comparison\diverse_training_scenario_split\data\diverse_training_scenario_split_v2\dataset\images\train\T16_lateral_descending__frame_0115.png,C:\Users\lab\Counterfactual-XAI-Verifier\experiments\yolov8_search_comparison\diverse_training_scenario_split\data\diverse_training_scenario_split_v2\dataset\labels\train\T16_lateral_descending__frame_0115.txt,7975CA695839ECDA397C85A3AB1255C1620A442524BD4A479A03FD962855A246,081AA90C12C722CB297F22FEE7E030FD5850B5444938E8DBF450BB264655C108,E8184393DAAB635438E54489B7A43180EA8BAB75F9D4F9A703C015113685CB06,B2929393CFCFC74F,1,1,False,train
T16_lateral_descending,4116,124,12.3,"[-14, -6.600000000000001, 53.38333333333333]",C:\Users\lab\Counterfactual-XAI-Verifier\experiments\yolov8_search_comparison\diverse_training_scenario_split\data\diverse_training_scenario_split_v2\dataset\images\train\T16_lateral_descending__frame_0124.png,C:\Users\lab\Counterfactual-XAI-Verifier\experiments\yolov8_search_comparison\diverse_training_scenario_split\data\diverse_training_scenario_split_v2\dataset\labels\train\T16_lateral_descending__frame_0124.txt,E4B2595DD404B0A9D76601AA0B5FE158E216CFF51BD43CB8F6BE140428917F1C,EDCAD79B0B90DC150A46BAF9C9DF2EFE4B0095F80C53EC2881EE5387C414A550,2D43237FF23636237C4FF50FD1321C5670F813E5DF1DD6A2602E27859A44A5A7,9BDBCB4B67676727,1,0,False,train
T16_lateral_descending,4116,134,13.3,"[-14, -8.600000000000001, 52.43888888888889]",C:\Users\lab\Counterfactual-XAI-Verifier\experiments\yolov8_search_comparison\diverse_training_scenario_split\data\diverse_training_scenario_split_v2\dataset\images\train\T16_lateral_descending__frame_0134.png,C:\Users\lab\Counterfactual-XAI-Verifier\experiments\yolov8_search_comparison\diverse_training_scenario_split\data\diverse_training_scenario_split_v2\dataset\labels\train\T16_lateral_descending__frame_0134.txt,6EB295E9A71EAC0627A09145232CC5607FA8EC38869DCA2BFB4C2EFB5B777DE3,E3B0C44298FC1C149AFBF4C8996FB92427AE41E4649B934CA495991B7852B855,2EE42E99E28044C0435609935ACE85C1AB868194AFB45A26E981935056EA2A30,4D4D2521B3B31311,0,0,True,train
T16_lateral_descending,4116,143,14.2,"[-14, -10.399999999999999, 51.58888888888889]",C:\Users\lab\Counterfactual-XAI-Verifier\experiments\yolov8_search_comparison\diverse_training_scenario_split\data\diverse_training_scenario_split_v2\dataset\images\train\T16_lateral_descending__frame_0143.png,C:\Users\lab\Counterfactual-XAI-Verifier\experiments\yolov8_search_comparison\diverse_training_scenario_split\data\diverse_training_scenario_split_v2\dataset\labels\train\T16_lateral_descending__frame_0143.txt,3C57E2598A343FDDF5D97414AE9BF583674F1CE06CB5FE44512FCBB93B814A50,E3B0C44298FC1C149AFBF4C8996FB92427AE41E4649B934CA495991B7852B855,D9A89B3A74F4AB18C1D54128CEF14FB011E64757838B9E75A106C58CECB2876B,26A612115919092C,0,0,True,train
T16_lateral_descending,4116,153,15.2,"[-14, -12.399999999999999, 50.644444444444446]",C:\Users\lab\Counterfactual-XAI-Verifier\experiments\yolov8_search_comparison\diverse_training_scenario_split\data\diverse_training_scenario_split_v2\dataset\images\train\T16_lateral_descending__frame_0153.png,C:\Users\lab\Counterfactual-XAI-Verifier\experiments\yolov8_search_comparison\diverse_training_scenario_split\data\diverse_training_scenario_split_v2\dataset\labels\train\T16_lateral_descending__frame_0153.txt,2715439C3A2DCBA504A62CDDD6135D329E3C17AB69D92DE09ECF12D712B45433,E3B0C44298FC1C149AFBF4C8996FB92427AE41E4649B934CA495991B7852B855,42BB5C88379544846A7F1D08B30F6F16B32FD5BB7D40CF0E1104D85E4910ED2D,5309082C2C041606,0,0,True,train
T16_lateral_descending,4116,162,16.1,"[-14, -14.200000000000003, 49.794444444444444]",C:\Users\lab\Counterfactual-XAI-Verifier\experiments\yolov8_search_comparison\diverse_training_scenario_split\data\diverse_training_scenario_split_v2\dataset\images\train\T16_lateral_descending__frame_0162.png,C:\Users\lab\Counterfactual-XAI-Verifier\experiments\yolov8_search_comparison\diverse_training_scenario_split\data\diverse_training_scenario_split_v2\dataset\labels\train\T16_lateral_descending__frame_0162.txt,A6BE8784CCAD2CC988D007DF8DF06C93C0B019691EF5E681C0A895EB57A8CC24,E3B0C44298FC1C149AFBF4C8996FB92427AE41E4649B934CA495991B7852B855,08FFFE148DFA9060F268C8304597B895C0193C2A2D1CA391D62F807FE28A7DE4,0806161603030B01,0,0,True,train
T16_lateral_descending,4116,172,17.1,"[-14, -16.199999999999996, 48.85]",C:\Users\lab\Counterfactual-XAI-Verifier\experiments\yolov8_search_comparison\diverse_training_scenario_split\data\diverse_training_scenario_split_v2\dataset\images\train\T16_lateral_descending__frame_0172.png,C:\Users\lab\Counterfactual-XAI-Verifier\experiments\yolov8_search_comparison\diverse_training_scenario_split\data\diverse_training_scenario_split_v2\dataset\labels\train\T16_lateral_descending__frame_0172.txt,9981751070B3C0978D73D966F35E5427CF0469A9F2EFA4BDAADCB01837C8F372,E3B0C44298FC1C149AFBF4C8996FB92427AE41E4649B934CA495991B7852B855,C5BA1717EF3471414C45FE211EA154CC04B79C7E38E43CEB3D3F0BB2145A262B,07030B0501000100,0,0,True,train
T16_lateral_descending,4116,181,18.0,"[-14, -18, 48]",C:\Users\lab\Counterfactual-XAI-Verifier\experiments\yolov8_search_comparison\diverse_training_scenario_split\data\diverse_training_scenario_split_v2\dataset\images\train\T16_lateral_descending__frame_0181.png,C:\Users\lab\Counterfactual-XAI-Verifier\experiments\yolov8_search_comparison\diverse_training_scenario_split\data\diverse_training_scenario_split_v2\dataset\labels\train\T16_lateral_descending__frame_0181.txt,49E57E0FEE8EA4303E3FB2288C6B0FC98BC9455C3EE859A4DC4820F7E430D27A,E3B0C44298FC1C149AFBF4C8996FB92427AE41E4649B934CA495991B7852B855,3C4243FA00A84E26BB6EF2925C5A0F3216C8F15501D0A649383BDB32D33EF20D,0301000000000000,0,0,True,train
T17_partial_occlusion,4117,1,0.0,"[-36, 0, 57]",C:\Users\lab\Counterfactual-XAI-Verifier\experiments\yolov8_search_comparison\diverse_training_scenario_split\data\diverse_training_scenario_split_v2\dataset\images\train\T17_partial_occlusion__frame_0001.png,C:\Users\lab\Counterfactual-XAI-Verifier\experiments\yolov8_search_comparison\diverse_training_scenario_split\data\diverse_training_scenario_split_v2\dataset\labels\train\T17_partial_occlusion__frame_0001.txt,0541E0D6531D00BC6387FF017634E28B6595B0DB995BBAC582BB313A6E4754C3,E3B0C44298FC1C149AFBF4C8996FB92427AE41E4649B934CA495991B7852B855,5C271FA8E3EFFAE0C0A4CC630477448633E9BD8B64EDBCAA64706A7BA0DC2489,ACA4581818181818,0,0,True,train
T17_partial_occlusion,4117,10,0.9,"[-33.8, 0, 57]",C:\Users\lab\Counterfactual-XAI-Verifier\experiments\yolov8_search_comparison\diverse_training_scenario_split\data\diverse_training_scenario_split_v2\dataset\images\train\T17_partial_occlusion__frame_0010.png,C:\Users\lab\Counterfactual-XAI-Verifier\experiments\yolov8_search_comparison\diverse_training_scenario_split\data\diverse_training_scenario_split_v2\dataset\labels\train\T17_partial_occlusion__frame_0010.txt,6D57A5CF5303C1B5C8007BB7C98C8D7944AAF10BE3F821224E8D4BA042E23AC3,71E9668CD76E9B37C769CACBA98736A41CDCE5B0159413579441EC452922F25D,14B713FCDAA58473B287E61FE716851E33DECF934552121866A52B4D44DC1E33,28ACA45818181818,0,1,False,train
T17_partial_occlusion,4117,20,1.9,"[-31.355555555555554, 0, 57]",C:\Users\lab\Counterfactual-XAI-Verifier\experiments\yolov8_search_comparison\diverse_training_scenario_split\data\diverse_training_scenario_split_v2\dataset\images\train\T17_partial_occlusion__frame_0020.png,C:\Users\lab\Counterfactual-XAI-Verifier\experiments\yolov8_search_comparison\diverse_training_scenario_split\data\diverse_training_scenario_split_v2\dataset\labels\train\T17_partial_occlusion__frame_0020.txt,97B113EBD629EBC81AA1F0B5DE1762FA525CF69F24D5A286A502E065314DE0E0,92D13AAB33CD3425CA1EC9DB38CD23AEFB09444EAD043C054CA01F825AB1E8A7,EECEE5A1AA4E2CC6DBBCA4FCF78CBF252625AF726FFB92A3B113C0B4CEFFAD34,D9682C2C581C1818,1,1,False,train
T17_partial_occlusion,4117,29,2.8,"[-29.155555555555555, 0, 57]",C:\Users\lab\Counterfactual-XAI-Verifier\experiments\yolov8_search_comparison\diverse_training_scenario_split\data\diverse_training_scenario_split_v2\dataset\images\train\T17_partial_occlusion__frame_0029.png,C:\Users\lab\Counterfactual-XAI-Verifier\experiments\yolov8_search_comparison\diverse_training_scenario_split\data\diverse_training_scenario_split_v2\dataset\labels\train\T17_partial_occlusion__frame_0029.txt,DB484DB96F93A39F9CBCD6D57842D1DA2065BCB473B3BBD3FC7AB00D9ECA423E,1F1C5B0F548E8E5D2DFB0825B4D1D69923648B0D2FD552D0B3C07AB8DC9377B6,F308E72881ECB08745579A6B2BF9009CD3ABFF5325954503C96CE18634A32934,D9C9682C2C981C1C,1,1,False,train
T17_partial_occlusion,4117,39,3.8,"[-26.71111111111111, 0, 57]",C:\Users\lab\Counterfactual-XAI-Verifier\experiments\yolov8_search_comparison\diverse_training_scenario_split\data\diverse_training_scenario_split_v2\dataset\images\train\T17_partial_occlusion__frame_0039.png,C:\Users\lab\Counterfactual-XAI-Verifier\experiments\yolov8_search_comparison\diverse_training_scenario_split\data\diverse_training_scenario_split_v2\dataset\labels\train\T17_partial_occlusion__frame_0039.txt,886EBF1957570271354ABF27F00885018A6129CD1C9963748E6574A8411D9CE3,7F885E7BC3BD29B318F4CB456F15663D147E357EF530F429FC2D96BF46364DB9,0B31145F860994C4A8041F90FF8D87A0861C78526E80A57FCD8F507CFA231791,9B9BC9682C24981C,1,1,False,train
T17_partial_occlusion,4117,48,4.7,"[-24.511111111111113, 0, 57]",C:\Users\lab\Counterfactual-XAI-Verifier\experiments\yolov8_search_comparison\diverse_training_scenario_split\data\diverse_training_scenario_split_v2\dataset\images\train\T17_partial_occlusion__frame_0048.png,C:\Users\lab\Counterfactual-XAI-Verifier\experiments\yolov8_search_comparison\diverse_training_scenario_split\data\diverse_training_scenario_split_v2\dataset\labels\train\T17_partial_occlusion__frame_0048.txt,7F22D437731BB825CB1EBEBA526E77DD3BC96CEF095236BD1A1FDE8AF55F30EC,478F63242BC2671F3B473F784BACD678E325143DDAA0EAFD61869934CB2AA16A,3582943096AAE8FEF915BA4F9E2AE6DF93C9379178E237CD80E833BF41DAA06C,9A9B9BC9486C64BC,1,1,False,train
T17_partial_occlusion,4117,58,5.7,"[-22.066666666666666, 0, 57]",C:\Users\lab\Counterfactual-XAI-Verifier\experiments\yolov8_search_comparison\diverse_training_scenario_split\data\diverse_training_scenario_split_v2\dataset\images\train\T17_partial_occlusion__frame_0058.png,C:\Users\lab\Counterfactual-XAI-Verifier\experiments\yolov8_search_comparison\diverse_training_scenario_split\data\diverse_training_scenario_split_v2\dataset\labels\train\T17_partial_occlusion__frame_0058.txt,C2267D1340F96C6D054B9ABC42E64179CD499194117CD484F8B1CA2F9F667ED7,CA66ACADB2565ADB6D518BF14155BD077414BD1DE5DDE40AABA5125A33C8DDB1,DCBFA34077917A4BCD3DD3B6D579B4DE1090170928E4C277C76E2B52F3B6311E,2E9A999FC8486C6C,1,1,False,train
T17_partial_occlusion,4117,67,6.6,"[-19.866666666666667, 0, 57]",C:\Users\lab\Counterfactual-XAI-Verifier\experiments\yolov8_search_comparison\diverse_training_scenario_split\data\diverse_training_scenario_split_v2\dataset\images\train\T17_partial_occlusion__frame_0067.png,C:\Users\lab\Counterfactual-XAI-Verifier\experiments\yolov8_search_comparison\diverse_training_scenario_split\data\diverse_training_scenario_split_v2\dataset\labels\train\T17_partial_occlusion__frame_0067.txt,31C341C4E09FFB27A535069E07CEA4754D63A50A028F9B78320851BFA3246145,A66F59DFDDA9C9B0355703179E3EE5F2F954EB2974FB5B3F541DD2BE28344649,753A27E48153DABDDA3AC5790191FA6F28476153B87435DDFA38B53E491B9CB3,682E9A999798C86C,1,1,False,train
T17_partial_occlusion,4117,77,7.6,"[-17.42222222222222, 0, 57]",C:\Users\lab\Counterfactual-XAI-Verifier\experiments\yolov8_search_comparison\diverse_training_scenario_split\data\diverse_training_scenario_split_v2\dataset\images\train\T17_partial_occlusion__frame_0077.png,C:\Users\lab\Counterfactual-XAI-Verifier\experiments\yolov8_search_comparison\diverse_training_scenario_split\data\diverse_training_scenario_split_v2\dataset\labels\train\T17_partial_occlusion__frame_0077.txt,0C1FABB574A0C72023B0B4F852F8B4CAE67E6A3B11890C385DC5E4A8D40FD8EF,41DB0C9869284F2D633493FCD7647776125A93FE9627FF6F3A5789739A79C0A6,103E804B61DEA3F96D60F1023973BE27C99CF0112AE2E4F0149ED9225DB0C82D,49482A1A19BD95C8,1,1,False,train
T17_partial_occlusion,4117,86,8.5,"[-15.222222222222221, 0, 57]",C:\Users\lab\Counterfactual-XAI-Verifier\experiments\yolov8_search_comparison\diverse_training_scenario_split\data\diverse_training_scenario_split_v2\dataset\images\train\T17_partial_occlusion__frame_0086.png,C:\Users\lab\Counterfactual-XAI-Verifier\experiments\yolov8_search_comparison\diverse_training_scenario_split\data\diverse_training_scenario_split_v2\dataset\labels\train\T17_partial_occlusion__frame_0086.txt,59321EF7180A17E0C96FD0BEC613C0250E8E90409F155DD77549C9A38628E76E,103E6E98D1DD3A2C19F7E0D914AD4029904D679A37CAF1937C97779307FE5BA1,1A31010FF035C225F7FB1B7BED2C0B861B69826CE36525E1EFD303F36738D43D,9B49486A1A191DB5,0,1,False,train
T17_partial_occlusion,4117,96,9.5,"[-12.777777777777779, 0, 57]",C:\Users\lab\Counterfactual-XAI-Verifier\experiments\yolov8_search_comparison\diverse_training_scenario_split\data\diverse_training_scenario_split_v2\dataset\images\train\T17_partial_occlusion__frame_0096.png,C:\Users\lab\Counterfactual-XAI-Verifier\experiments\yolov8_search_comparison\diverse_training_scenario_split\data\diverse_training_scenario_split_v2\dataset\labels\train\T17_partial_occlusion__frame_0096.txt,3DB448055AD85BDACA200A1B66BA3170BABF8710FDC8A3F9670239084AA157B5,E3B0C44298FC1C149AFBF4C8996FB92427AE41E4649B934CA495991B7852B855,FD2D74D4C88F54023E9161EDC2BF458616861C098B26B3565A303062D62BA8F6,8A3B49486A1A391D,0,0,True,train
T17_partial_occlusion,4117,105,10.4,"[-10.57777777777778, 0, 57]",C:\Users\lab\Counterfactual-XAI-Verifier\experiments\yolov8_search_comparison\diverse_training_scenario_split\data\diverse_training_scenario_split_v2\dataset\images\train\T17_partial_occlusion__frame_0105.png,C:\Users\lab\Counterfactual-XAI-Verifier\experiments\yolov8_search_comparison\diverse_training_scenario_split\data\diverse_training_scenario_split_v2\dataset\labels\train\T17_partial_occlusion__frame_0105.txt,2F18DB8A902D9D19E87297F1829361F9318EA9D29F984C445070FDDA22F0C00B,4B586DCD90C8303956FBFB273B7F41038E19B08D4660950BEF233B13E02D4345,9CB09B60E91D63F4259C6E90F4569AE226B56B626A12B588031094A652FBEE59,928B3B4948686B39,1,1,False,train
T17_partial_occlusion,4117,115,11.4,"[-8.133333333333333, 0, 57]",C:\Users\lab\Counterfactual-XAI-Verifier\experiments\yolov8_search_comparison\diverse_training_scenario_split\data\diverse_training_scenario_split_v2\dataset\images\train\T17_partial_occlusion__frame_0115.png,C:\Users\lab\Counterfactual-XAI-Verifier\experiments\yolov8_search_comparison\diverse_training_scenario_split\data\diverse_training_scenario_split_v2\dataset\labels\train\T17_partial_occlusion__frame_0115.txt,49DFEE7AC2B5C9A45B3B69DB7AC78F6149E67EF4D916FF3308441FDDE36F5394,E8003CC7D2883B8EC7D1DD069CC99281AC6D69C04F138CFFB1D44E9ABCBB16AF,62E87B77794D5E40818FA2D65B22FCA0872D0CA58611F637188A467BB7E886E1,B6938B7BC9C84C68,1,1,False,train
T17_partial_occlusion,4117,124,12.3,"[-5.933333333333334, 0, 57]",C:\Users\lab\Counterfactual-XAI-Verifier\experiments\yolov8_search_comparison\diverse_training_scenario_split\data\diverse_training_scenario_split_v2\dataset\images\train\T17_partial_occlusion__frame_0124.png,C:\Users\lab\Counterfactual-XAI-Verifier\experiments\yolov8_search_comparison\diverse_training_scenario_split\data\diverse_training_scenario_split_v2\dataset\labels\train\T17_partial_occlusion__frame_0124.txt,F9AA916F4C71251E8D7D977623BEBF3B94BE181BD553B48C2F3E20CD154647F1,89E1C24A1A19911513AA52855CA2A03A5E449839211A675882A14AC4B47EBAC9,AEA588C3E0BE48625DDACA456FA59F3BD08777A2DF8BC1274BFDACCCC9673E17,2EB693897B39C8CC,1,1,False,train
T17_partial_occlusion,4117,134,13.3,"[-3.488888888888887, 0, 57]",C:\Users\lab\Counterfactual-XAI-Verifier\experiments\yolov8_search_comparison\diverse_training_scenario_split\data\diverse_training_scenario_split_v2\dataset\images\train\T17_partial_occlusion__frame_0134.png,C:\Users\lab\Counterfactual-XAI-Verifier\experiments\yolov8_search_comparison\diverse_training_scenario_split\data\diverse_training_scenario_split_v2\dataset\labels\train\T17_partial_occlusion__frame_0134.txt,7195013B1E742040CA493402A379A2C0840969057615DE04D14899E1B799D882,5C3DAB1D1AD1BE5556A2A2C5E589D81EF4DF76CA2A5437AA7889323B9FB66A48,ADDEDA11C2C929A8C3D1344BEAFB7A7C3974EB4268451AF852B8BC9B804B9820,692CB69389699948,1,1,False,train
T17_partial_occlusion,4117,143,14.2,"[-1.2888888888888914, 0, 57]",C:\Users\lab\Counterfactual-XAI-Verifier\experiments\yolov8_search_comparison\diverse_training_scenario_split\data\diverse_training_scenario_split_v2\dataset\images\train\T17_partial_occlusion__frame_0143.png,C:\Users\lab\Counterfactual-XAI-Verifier\experiments\yolov8_search_comparison\diverse_training_scenario_split\data\diverse_training_scenario_split_v2\dataset\labels\train\T17_partial_occlusion__frame_0143.txt,5F2E56F01DA5D5B1A6CC219A9A3079F7849A79831F80970AC39D81812E4A9D6C,69D0B4231401C7B74BB885B3353F8AF0E0EA41B712EBD9F6399C5320DE9D62E2,FDA4BAC8C29C5DF1D3725910946E2D23CB3AD570EA68B8329F811BBCD4882DD5,CB696CB6B39D6999,1,1,False,train
T17_partial_occlusion,4117,153,15.2,"[1.1555555555555586, 0, 57]",C:\Users\lab\Counterfactual-XAI-Verifier\experiments\yolov8_search_comparison\diverse_training_scenario_split\data\diverse_training_scenario_split_v2\dataset\images\train\T17_partial_occlusion__frame_0153.png,C:\Users\lab\Counterfactual-XAI-Verifier\experiments\yolov8_search_comparison\diverse_training_scenario_split\data\diverse_training_scenario_split_v2\dataset\labels\train\T17_partial_occlusion__frame_0153.txt,8B13A6B97B4C9CF448A0E72E9688647042A60CC1DAEFDE96E2A9D81818767702,CFF3FB90DC69DE27F6592FF2F936AC1CC6E32B2CF3F0ED2DB7E33624B854E8DE,89341E4210B4D2D03EB89357DD117660D9844D96E3BF1B9FE3EDEC4C1B89FC1E,CAC9696C36379D0D,1,1,False,train
T17_partial_occlusion,4117,162,16.1,"[3.3555555555555543, 0, 57]",C:\Users\lab\Counterfactual-XAI-Verifier\experiments\yolov8_search_comparison\diverse_training_scenario_split\data\diverse_training_scenario_split_v2\dataset\images\train\T17_partial_occlusion__frame_0162.png,C:\Users\lab\Counterfactual-XAI-Verifier\experiments\yolov8_search_comparison\diverse_training_scenario_split\data\diverse_training_scenario_split_v2\dataset\labels\train\T17_partial_occlusion__frame_0162.txt,DE2DF10E4AB21DC36A297D238D846DF34E85C93E4448C13B4C8F8D7E1E42C486,C5781F01CB91E523A14C1166BE235289723C53D03221A54F5CD5B41F8B286438,441A8DF5C302CAF2D5BBE6071B159A8BEB7D8535A62A8250C30C425EBB8BA751,CBCBC9496D343617,1,1,False,train
T17_partial_occlusion,4117,172,17.1,"[5.799999999999997, 0, 57]",C:\Users\lab\Counterfactual-XAI-Verifier\experiments\yolov8_search_comparison\diverse_training_scenario_split\data\diverse_training_scenario_split_v2\dataset\images\train\T17_partial_occlusion__frame_0172.png,C:\Users\lab\Counterfactual-XAI-Verifier\experiments\yolov8_search_comparison\diverse_training_scenario_split\data\diverse_training_scenario_split_v2\dataset\labels\train\T17_partial_occlusion__frame_0172.txt,7CFA6E7C72CAADCFFC833A5F86CF936787FC44140EACAAEBB5E4306D0140BBAA,A89BBBB9865AED9C51E2637F2659B4C2EF5727C980F716C0114C5A31AEAD7304,706C3BB98573C0E5CCABCA42C7AA21094288EB467E75FA372E15C035950952E5,94CBCB5949686C36,2,2,False,train
T17_partial_occlusion,4117,181,18.0,"[8, 0, 57]",C:\Users\lab\Counterfactual-XAI-Verifier\experiments\yolov8_search_comparison\diverse_training_scenario_split\data\diverse_training_scenario_split_v2\dataset\images\train\T17_partial_occlusion__frame_0181.png,C:\Users\lab\Counterfactual-XAI-Verifier\experiments\yolov8_search_comparison\diverse_training_scenario_split\data\diverse_training_scenario_split_v2\dataset\labels\train\T17_partial_occlusion__frame_0181.txt,19A5BD77465D9C886A009AE0C3EDD18C843EFF1C4137D98ED4B5B7CF6A06DD28,04A4C7564EEC23F532ECA17FC809EF20230ECD039DB823D60B558A1566C014C0,C47151D40627BF9F23C95FCBAA6AA8756F03C91EA9BD082E7B68EAF5F6A2A81D,B49ECBD92949686C,1,1,False,train
T18_wide_diagonal,4118,1,0.0,"[-28, -12, 59]",C:\Users\lab\Counterfactual-XAI-Verifier\experiments\yolov8_search_comparison\diverse_training_scenario_split\data\diverse_training_scenario_split_v2\dataset\images\train\T18_wide_diagonal__frame_0001.png,C:\Users\lab\Counterfactual-XAI-Verifier\experiments\yolov8_search_comparison\diverse_training_scenario_split\data\diverse_training_scenario_split_v2\dataset\labels\train\T18_wide_diagonal__frame_0001.txt,59EAE7149859851F83C7FC07EEF427FFE0B620AF3BE24E5761101368D05AD284,E3B0C44298FC1C149AFBF4C8996FB92427AE41E4649B934CA495991B7852B855,FFC77417FA51105978699AB8A2F6D057C8FC0B13D41AAA6135ECF1512C3AA830,19292D3552120503,0,0,True,train
T18_wide_diagonal,4118,10,0.9,"[-25.8, -10.8, 58.55]",C:\Users\lab\Counterfactual-XAI-Verifier\experiments\yolov8_search_comparison\diverse_training_scenario_split\data\diverse_training_scenario_split_v2\dataset\images\train\T18_wide_diagonal__frame_0010.png,C:\Users\lab\Counterfactual-XAI-Verifier\experiments\yolov8_search_comparison\diverse_training_scenario_split\data\diverse_training_scenario_split_v2\dataset\labels\train\T18_wide_diagonal__frame_0010.txt,ED7BFF4F54DEED9FB547B49485064B76548BB51B3585904CB8AE65DADB5FE177,9E4AE668095388114FB99626C024E58E822572C7DEAE60BB413593EF6A24E270,E858974FE29DBF7BAA297E28C63ED31D62863C252BFADDCF26964900E50FA804,535B092D35361609,1,1,False,train
T18_wide_diagonal,4118,20,1.9,"[-23.355555555555554, -9.466666666666667, 58.05]",C:\Users\lab\Counterfactual-XAI-Verifier\experiments\yolov8_search_comparison\diverse_training_scenario_split\data\diverse_training_scenario_split_v2\dataset\images\train\T18_wide_diagonal__frame_0020.png,C:\Users\lab\Counterfactual-XAI-Verifier\experiments\yolov8_search_comparison\diverse_training_scenario_split\data\diverse_training_scenario_split_v2\dataset\labels\train\T18_wide_diagonal__frame_0020.txt,4C040157420BCE20EA92C6ED94247DEA8FB5BFCE7C33061A9F2A6298A18B316F,A757DD7198A4362D14DA1E99E523E48DA2035CFA70F307B707D16835960FF1FC,F477E97F4C836A7351A18E116D16E5DB38C979E04750E468E170A644B37C16D6,B133535B0925B436,1,1,False,train
T18_wide_diagonal,4118,29,2.8,"[-21.155555555555555, -8.266666666666666, 57.6]",C:\Users\lab\Counterfactual-XAI-Verifier\experiments\yolov8_search_comparison\diverse_training_scenario_split\data\diverse_training_scenario_split_v2\dataset\images\train\T18_wide_diagonal__frame_0029.png,C:\Users\lab\Counterfactual-XAI-Verifier\experiments\yolov8_search_comparison\diverse_training_scenario_split\data\diverse_training_scenario_split_v2\dataset\labels\train\T18_wide_diagonal__frame_0029.txt,ACF01EF4920B2CD3EEB7C6DA923D03277E5B7B04C1A422129F8895D84FC4C619,5A36C40BE3FF33F5285ADFA9D0BC7121A6040C3C9611348439D977E986D05F83,96573A025C1D1CC4944402FCEF7F4A5FECD795BCE22D0B7ACA838CC2B7661DB8,6923B33353196D6D,1,1,False,train
T18_wide_diagonal,4118,39,3.8,"[-18.71111111111111, -6.933333333333334, 57.1]",C:\Users\lab\Counterfactual-XAI-Verifier\experiments\yolov8_search_comparison\diverse_training_scenario_split\data\diverse_training_scenario_split_v2\dataset\images\train\T18_wide_diagonal__frame_0039.png,C:\Users\lab\Counterfactual-XAI-Verifier\experiments\yolov8_search_comparison\diverse_training_scenario_split\data\diverse_training_scenario_split_v2\dataset\labels\train\T18_wide_diagonal__frame_0039.txt,17864B9E2C8572C6BFCFF2DEBFB4453A90B2423CCEB42287308941C10950CBD2,9AB34E6BCF3F5929CF8D92CDF0731E2998FEB872580F9E4ED97867374F267716,5211DEC75E3AC091BC276E12D96B2045CFF6B46F67B83048E04D73E3D386A747,4A4A636727B333DB,1,1,False,train
T18_wide_diagonal,4118,48,4.7,"[-16.511111111111113, -5.7333333333333325, 56.65]",C:\Users\lab\Counterfactual-XAI-Verifier\experiments\yolov8_search_comparison\diverse_training_scenario_split\data\diverse_training_scenario_split_v2\dataset\images\train\T18_wide_diagonal__frame_0048.png,C:\Users\lab\Counterfactual-XAI-Verifier\experiments\yolov8_search_comparison\diverse_training_scenario_split\data\diverse_training_scenario_split_v2\dataset\labels\train\T18_wide_diagonal__frame_0048.txt,162A1BF873C9CD71053BE3F431B18DDFA23FB28CC558243686B5809A17AA3F58,23B749522B48C396AFAE479A3BD2B31B0E6459FD263EC360AA2061512D4EFA97,887B5F3BE4EF93B31F639541D6CD9C46EDE9AAC0F6A98088D6E9513CAE7E80AF,D2D2D2C267672733,1,1,False,train
T18_wide_diagonal,4118,58,5.7,"[-14.066666666666666, -4.4, 56.15]",C:\Users\lab\Counterfactual-XAI-Verifier\experiments\yolov8_search_comparison\diverse_training_scenario_split\data\diverse_training_scenario_split_v2\dataset\images\train\T18_wide_diagonal__frame_0058.png,C:\Users\lab\Counterfactual-XAI-Verifier\experiments\yolov8_search_comparison\diverse_training_scenario_split\data\diverse_training_scenario_split_v2\dataset\labels\train\T18_wide_diagonal__frame_0058.txt,5233CF5C9AE6FC716053271B67605B6421F97868B5B296D049F626F10F671B7B,8F558F3243E153607726B750661AA2D6EB81E592949A6436C782D870BEC6FF83,772464C6AE572410810FC8E1CFCB639F7A0A87E13C350CA8A8CDD9E49A39BCB2,4EB6B69686CEC64E,1,1,False,train
T18_wide_diagonal,4118,67,6.6,"[-11.866666666666667, -3.200000000000001, 55.7]",C:\Users\lab\Counterfactual-XAI-Verifier\experiments\yolov8_search_comparison\diverse_training_scenario_split\data\diverse_training_scenario_split_v2\dataset\images\train\T18_wide_diagonal__frame_0067.png,C:\Users\lab\Counterfactual-XAI-Verifier\experiments\yolov8_search_comparison\diverse_training_scenario_split\data\diverse_training_scenario_split_v2\dataset\labels\train\T18_wide_diagonal__frame_0067.txt,A6B6FC9A376676C05B90720A3FAAD4FA546CD35DC637CA499D8C9E305C50BCFC,B0FF827DF2FEA46E29680870ACE3147B5319880F65CAF517D491C1F332EB5B08,120DA728575720B76BFDB703A71AF1947F2A9216F28BD907AF7778FF5EC0AE15,CD94242436B6CE8E,1,1,False,train
T18_wide_diagonal,4118,77,7.6,"[-9.42222222222222, -1.8666666666666671, 55.2]",C:\Users\lab\Counterfactual-XAI-Verifier\experiments\yolov8_search_comparison\diverse_training_scenario_split\data\diverse_training_scenario_split_v2\dataset\images\train\T18_wide_diagonal__frame_0077.png,C:\Users\lab\Counterfactual-XAI-Verifier\experiments\yolov8_search_comparison\diverse_training_scenario_split\data\diverse_training_scenario_split_v2\dataset\labels\train\T18_wide_diagonal__frame_0077.txt,B53850CD5EBB60857EBD290E2B0116748D082F4E0940E3844D1085358BC2D5B2,131CE9F1B1E11F56B1C5B86FEDB6F244E9B09E432694F2E3F3B109315AFD0F86,E377E90C59FEBCD4F63BE4D3835609F81A4218F0E2CEB928CE90F342B1E7B987,C18D3D6C6C6C641E,0,1,False,train
T18_wide_diagonal,4118,86,8.5,"[-7.222222222222221, -0.6666666666666679, 54.75]",C:\Users\lab\Counterfactual-XAI-Verifier\experiments\yolov8_search_comparison\diverse_training_scenario_split\data\diverse_training_scenario_split_v2\dataset\images\train\T18_wide_diagonal__frame_0086.png,C:\Users\lab\Counterfactual-XAI-Verifier\experiments\yolov8_search_comparison\diverse_training_scenario_split\data\diverse_training_scenario_split_v2\dataset\labels\train\T18_wide_diagonal__frame_0086.txt,34D488E856DF846E150856CA9C7B3FD5B1D533D45D47EFC5E1E9D06C15531987,9F617620433ACC0B347D5ED26F1E45EED93DE10EA11E3A1DED1D607F1DCB082D,3AAE65A5F2E483D3DC3CCB6932F2A42305B0DE9AB5DD5FCBCBA0622A8CEB26F8,B399296D4CCC4C4C,0,1,False,train
T18_wide_diagonal,4118,96,9.5,"[-4.777777777777779, 0.6666666666666679, 54.25]",C:\Users\lab\Counterfactual-XAI-Verifier\experiments\yolov8_search_comparison\diverse_training_scenario_split\data\diverse_training_scenario_split_v2\dataset\images\train\T18_wide_diagonal__frame_0096.png,C:\Users\lab\Counterfactual-XAI-Verifier\experiments\yolov8_search_comparison\diverse_training_scenario_split\data\diverse_training_scenario_split_v2\dataset\labels\train\T18_wide_diagonal__frame_0096.txt,1F715BC247B822D0019EB1958FEB515E80D1644C3FC6C6B400D4E12E34374780,0B8E0E7482748A80324242D0838DF1312E06ED3A3DCCF973EC27CFEDDF5EAD0C,B3D6915E4A1E0B9D24FB4D16845881A698F10A0066DF35467D005AE7BE346CD2,66231B3999599898,0,1,False,train
T18_wide_diagonal,4118,105,10.4,"[-2.5777777777777793, 1.8666666666666654, 53.8]",C:\Users\lab\Counterfactual-XAI-Verifier\experiments\yolov8_search_comparison\diverse_training_scenario_split\data\diverse_training_scenario_split_v2\dataset\images\train\T18_wide_diagonal__frame_0105.png,C:\Users\lab\Counterfactual-XAI-Verifier\experiments\yolov8_search_comparison\diverse_training_scenario_split\data\diverse_training_scenario_split_v2\dataset\labels\train\T18_wide_diagonal__frame_0105.txt,172C1494CFCC31946C4C60460C26B433F9A89C50A1A8DEB22C287469E6817BAD,E3B0C44298FC1C149AFBF4C8996FB92427AE41E4649B934CA495991B7852B855,891D454469D1F91BABBD4958C2030102366E7D8C83E28B730118D6C7E0654A96,D4466B3B71BB1310,0,0,True,train
T18_wide_diagonal,4118,115,11.4,"[-0.13333333333333286, 3.1999999999999993, 53.3]",C:\Users\lab\Counterfactual-XAI-Verifier\experiments\yolov8_search_comparison\diverse_training_scenario_split\data\diverse_training_scenario_split_v2\dataset\images\train\T18_wide_diagonal__frame_0115.png,C:\Users\lab\Counterfactual-XAI-Verifier\experiments\yolov8_search_comparison\diverse_training_scenario_split\data\diverse_training_scenario_split_v2\dataset\labels\train\T18_wide_diagonal__frame_0115.txt,01F9A282963355523D29E119F4E14CC443399E601A58E14C0CB5B1026999372B,5B5610EB0B2FA0FF47021905D1ECB77B129A8F53FAFB99A4DA304DB48B719CA6,E0AE1CE2B2D15C0F32FD7D3DD846D951D4C40BF564EB1850BB59217B4B32B4C7,8291DCD67673B333,1,0,False,train
T18_wide_diagonal,4118,124,12.3,"[2.0666666666666664, 4.399999999999999, 52.85]",C:\Users\lab\Counterfactual-XAI-Verifier\experiments\yolov8_search_comparison\diverse_training_scenario_split\data\diverse_training_scenario_split_v2\dataset\images\train\T18_wide_diagonal__frame_0124.png,C:\Users\lab\Counterfactual-XAI-Verifier\experiments\yolov8_search_comparison\diverse_training_scenario_split\data\diverse_training_scenario_split_v2\dataset\labels\train\T18_wide_diagonal__frame_0124.txt,2EFC9B018FE7FA14C2F3EF122CE6883E67417DD06F877975D30F3B62889FD362,1C10C1572A7C6E7079B768945A4FA35A468EF47DA703319177E3E5FBAA5477D8,33ADB8F0B47C32644D97A6D0795A267AA5374B327B2A9934E035D38580AEC3D6,2AA1A2A98CA66666,1,1,False,train
T18_wide_diagonal,4118,134,13.3,"[4.511111111111113, 5.733333333333334, 52.35]",C:\Users\lab\Counterfactual-XAI-Verifier\experiments\yolov8_search_comparison\diverse_training_scenario_split\data\diverse_training_scenario_split_v2\dataset\images\train\T18_wide_diagonal__frame_0134.png,C:\Users\lab\Counterfactual-XAI-Verifier\experiments\yolov8_search_comparison\diverse_training_scenario_split\data\diverse_training_scenario_split_v2\dataset\labels\train\T18_wide_diagonal__frame_0134.txt,00792EE33A99A9687161369958F2B191D7C42CB94F359673AA6B51F1CE4D7DAF,C403CFDB52B7BA10B5C0DD202602AFE3ACD7A116348CFF633F62D563DBDA9BF5,9DEC234B279BC997A34BFCCAFD0ABCFDE2D512BDAC08C070DBE9CC880F2F9705,64464344421A29C8,1,1,False,train
T18_wide_diagonal,4118,143,14.2,"[6.711111111111109, 6.933333333333334, 51.9]",C:\Users\lab\Counterfactual-XAI-Verifier\experiments\yolov8_search_comparison\diverse_training_scenario_split\data\diverse_training_scenario_split_v2\dataset\images\train\T18_wide_diagonal__frame_0143.png,C:\Users\lab\Counterfactual-XAI-Verifier\experiments\yolov8_search_comparison\diverse_training_scenario_split\data\diverse_training_scenario_split_v2\dataset\labels\train\T18_wide_diagonal__frame_0143.txt,C06EDA80F701E585C32784A888143A77E6FAD859C595FA13DA13653F39830E1F,D3F6013060094E3219CA525773717F99C17A0F23C15A4A6655C604628CB9B655,F885FCAD6F1722527E3E213DA4C643D9DA1783A020D12D24B149566C97C9A1C0,69E9945245C44474,1,1,False,train
T18_wide_diagonal,4118,153,15.2,"[9.155555555555559, 8.266666666666666, 51.4]",C:\Users\lab\Counterfactual-XAI-Verifier\experiments\yolov8_search_comparison\diverse_training_scenario_split\data\diverse_training_scenario_split_v2\dataset\images\train\T18_wide_diagonal__frame_0153.png,C:\Users\lab\Counterfactual-XAI-Verifier\experiments\yolov8_search_comparison\diverse_training_scenario_split\data\diverse_training_scenario_split_v2\dataset\labels\train\T18_wide_diagonal__frame_0153.txt,DA7C48331A26EA0719FC88B8404618A9B11E763F1BCA3FB18013B33299DEFAE0,7349116326D4910F947BCB9371A59BD6450A97C3ABAA271FFC2FEF7225E301B1,27615A648B06460D9069B3B219E0B445CFB242F731D096B5427B050D180EA71D,B9D9C2A82D838889,0,1,False,train
T18_wide_diagonal,4118,162,16.1,"[11.355555555555554, 9.466666666666669, 50.95]",C:\Users\lab\Counterfactual-XAI-Verifier\experiments\yolov8_search_comparison\diverse_training_scenario_split\data\diverse_training_scenario_split_v2\dataset\images\train\T18_wide_diagonal__frame_0162.png,C:\Users\lab\Counterfactual-XAI-Verifier\experiments\yolov8_search_comparison\diverse_training_scenario_split\data\diverse_training_scenario_split_v2\dataset\labels\train\T18_wide_diagonal__frame_0162.txt,81218011D62BC38114FE293311D1B1751A916133C0C6EEB490902DFC8E1111B5,39B463A1D94E3C041E4A8594FEDD32D0DE3F86999EB48914415C7AA6957025B0,97360149A2F82DB0DE508B67CB6D14813D20D2CD7C55D77F230E2A0254B3B969,E2B2B29286584906,0,1,False,train
T18_wide_diagonal,4118,172,17.1,"[13.799999999999997, 10.799999999999997, 50.45]",C:\Users\lab\Counterfactual-XAI-Verifier\experiments\yolov8_search_comparison\diverse_training_scenario_split\data\diverse_training_scenario_split_v2\dataset\images\train\T18_wide_diagonal__frame_0172.png,C:\Users\lab\Counterfactual-XAI-Verifier\experiments\yolov8_search_comparison\diverse_training_scenario_split\data\diverse_training_scenario_split_v2\dataset\labels\train\T18_wide_diagonal__frame_0172.txt,BBB5AC5DB2D330155EC30C381ED158A9B0943FFFE096225507F386BCAB8A120E,D85C7322A232163B544018E11291C2B22AC13E11664CD21A01455EC09F66A222,B487C5363697F0C2BD8CDDBBE9D5BA1622DA6F2BD85DA4624A52E1040A760743,C8C4656424250DC5,0,1,False,train
T18_wide_diagonal,4118,181,18.0,"[16, 12, 50]",C:\Users\lab\Counterfactual-XAI-Verifier\experiments\yolov8_search_comparison\diverse_training_scenario_split\data\diverse_training_scenario_split_v2\dataset\images\train\T18_wide_diagonal__frame_0181.png,C:\Users\lab\Counterfactual-XAI-Verifier\experiments\yolov8_search_comparison\diverse_training_scenario_split\data\diverse_training_scenario_split_v2\dataset\labels\train\T18_wide_diagonal__frame_0181.txt,BF3178869DF819FC9F046725F0A660454A86ACFFDA025A03D78B2AB91D1CF6FF,2E069176D431529B6B1F003E9B2C3DE5A0C714B9D3FB94DBE3B380402D271B99,0FD9EDD9A0FC55A891D83D429E611A8222F0230400C7F82A4B763246C12A2EAE,889091C8C8C9456D,0,1,False,train
V01_east_ascending,5101,1,0.0,"[-34, 3, 49]",C:\Users\lab\Counterfactual-XAI-Verifier\experiments\yolov8_search_comparison\diverse_training_scenario_split\data\diverse_training_scenario_split_v2\dataset\images\val\V01_east_ascending__frame_0001.png,C:\Users\lab\Counterfactual-XAI-Verifier\experiments\yolov8_search_comparison\diverse_training_scenario_split\data\diverse_training_scenario_split_v2\dataset\labels\val\V01_east_ascending__frame_0001.txt,6B2BB476463FE215B1A6522CFFC629EED6527D9E8DB6D57B0E42546A22D74BF8,E3B0C44298FC1C149AFBF4C8996FB92427AE41E4649B934CA495991B7852B855,3FA2EB3AEDF95ABD2DEC5ED2F315A7B1299254B1DFFAD1DD4A95C6557AF6E242,3830303030303038,0,0,True,val
V01_east_ascending,5101,10,0.9,"[-31.65, 3, 49.85]",C:\Users\lab\Counterfactual-XAI-Verifier\experiments\yolov8_search_comparison\diverse_training_scenario_split\data\diverse_training_scenario_split_v2\dataset\images\val\V01_east_ascending__frame_0010.png,C:\Users\lab\Counterfactual-XAI-Verifier\experiments\yolov8_search_comparison\diverse_training_scenario_split\data\diverse_training_scenario_split_v2\dataset\labels\val\V01_east_ascending__frame_0010.txt,D43A8C5D8EBC9A394E7BEB79161DFC20F7F97FCE8E1FD1C0AC67884A5FB1761F,E3B0C44298FC1C149AFBF4C8996FB92427AE41E4649B934CA495991B7852B855,89C2423757590452B5E85786545D427211342D39EC588F4F469486FA6F719475,D870383030303030,0,0,True,val
V01_east_ascending,5101,20,1.9,"[-29.038888888888888, 3, 50.794444444444444]",C:\Users\lab\Counterfactual-XAI-Verifier\experiments\yolov8_search_comparison\diverse_training_scenario_split\data\diverse_training_scenario_split_v2\dataset\images\val\V01_east_ascending__frame_0020.png,C:\Users\lab\Counterfactual-XAI-Verifier\experiments\yolov8_search_comparison\diverse_training_scenario_split\data\diverse_training_scenario_split_v2\dataset\labels\val\V01_east_ascending__frame_0020.txt,3DB076D03594D8FB6D2C55DA594C1487B33D264C36FC9D7567ED358EBC8764B5,E3B0C44298FC1C149AFBF4C8996FB92427AE41E4649B934CA495991B7852B855,F15D13D8A306310797E870DD1C755B33F44AF3EC72E7772098D5F30907E00477,9999D83038383030,0,0,True,val
V01_east_ascending,5101,29,2.8,"[-26.68888888888889, 3, 51.644444444444446]",C:\Users\lab\Counterfactual-XAI-Verifier\experiments\yolov8_search_comparison\diverse_training_scenario_split\data\diverse_training_scenario_split_v2\dataset\images\val\V01_east_ascending__frame_0029.png,C:\Users\lab\Counterfactual-XAI-Verifier\experiments\yolov8_search_comparison\diverse_training_scenario_split\data\diverse_training_scenario_split_v2\dataset\labels\val\V01_east_ascending__frame_0029.txt,002BBE4643565D4BA889D41F57F4B14F0705E363EA59A67A6B6937DA63C476F2,DC745D4C9AEB327BA6BF18E5C59EF2BE01228D7DFA0D5F51D637B6681ECA2DA4,32B8B391E2EB46E516FBBB31054365CCCFA571332C6FFBCB98CD1C7B65810D00,B1B09999D8303838,1,0,False,val
V01_east_ascending,5101,39,3.8,"[-24.077777777777776, 3, 52.58888888888889]",C:\Users\lab\Counterfactual-XAI-Verifier\experiments\yolov8_search_comparison\diverse_training_scenario_split\data\diverse_training_scenario_split_v2\dataset\images\val\V01_east_ascending__frame_0039.png,C:\Users\lab\Counterfactual-XAI-Verifier\experiments\yolov8_search_comparison\diverse_training_scenario_split\data\diverse_training_scenario_split_v2\dataset\labels\val\V01_east_ascending__frame_0039.txt,8E216E0ECF8CC1F5BF122D3AC61C80595ECC4042AB9DA7CCDDA296FD36D42823,28543E3C50818507E3F661CF2C522D1B7B2CA57EDDF4167D12F854EE98DDCDA2,8CCCCEF798BE2CD15757C1AD6248A6E03F60D8DA49BA78222F670A5115BCB5EE,3731B1B0999DD830,1,1,False,val
V01_east_ascending,5101,48,4.7,"[-21.727777777777778, 3, 53.43888888888889]",C:\Users\lab\Counterfactual-XAI-Verifier\experiments\yolov8_search_comparison\diverse_training_scenario_split\data\diverse_training_scenario_split_v2\dataset\images\val\V01_east_ascending__frame_0048.png,C:\Users\lab\Counterfactual-XAI-Verifier\experiments\yolov8_search_comparison\diverse_training_scenario_split\data\diverse_training_scenario_split_v2\dataset\labels\val\V01_east_ascending__frame_0048.txt,994F42A6FE67A626FA94DFCA6C037FFD537D5E19B3051056B18F79C990EECD08,E90D6B5D13603105D59393AA7F5081C29BC4CB6F45E2A7036AF18E6EB62C09D6,6ED44900BEAC71B757D292E2025224ACFF993F06E6174AFDD2018FF97CCBC4E7,12376731B0B8989C,1,1,False,val
V01_east_ascending,5101,58,5.7,"[-19.116666666666667, 3, 54.38333333333333]",C:\Users\lab\Counterfactual-XAI-Verifier\experiments\yolov8_search_comparison\diverse_training_scenario_split\data\diverse_training_scenario_split_v2\dataset\images\val\V01_east_ascending__frame_0058.png,C:\Users\lab\Counterfactual-XAI-Verifier\experiments\yolov8_search_comparison\diverse_training_scenario_split\data\diverse_training_scenario_split_v2\dataset\labels\val\V01_east_ascending__frame_0058.txt,3466445DCC2C8CE35B2241D6A1D5B6B8C58BE1EC9C270BAF12004544E62E3466,B2332D6BA012E9B693C1810F1A0D21623C367203DA86432F77D70E4270DE3924,38AE077BE1ED9384D7E41EE65BB167CFBD3FBDF50572F0C42FFCC5B405562DB8,D45C32376F31B0B8,1,1,False,val
V01_east_ascending,5101,67,6.6,"[-16.76666666666667, 3, 55.233333333333334]",C:\Users\lab\Counterfactual-XAI-Verifier\experiments\yolov8_search_comparison\diverse_training_scenario_split\data\diverse_training_scenario_split_v2\dataset\images\val\V01_east_ascending__frame_0067.png,C:\Users\lab\Counterfactual-XAI-Verifier\experiments\yolov8_search_comparison\diverse_training_scenario_split\data\diverse_training_scenario_split_v2\dataset\labels\val\V01_east_ascending__frame_0067.txt,FF378DDDCA902CA862B30620375AB8B47E3B6468C412F16A70FFE0932C133A7E,98F9E52237393A8F9375ADDEB7859F0C2830AED64634ED32D62F916C097FCE91,4183E80D1338FC8DED755C64FDA1EF00579E1BC2F4757CA4FAA3747C3FF1CFC1,92945C5C32772F31,1,1,False,val
V01_east_ascending,5101,77,7.6,"[-14.155555555555555, 3, 56.17777777777778]",C:\Users\lab\Counterfactual-XAI-Verifier\experiments\yolov8_search_comparison\diverse_training_scenario_split\data\diverse_training_scenario_split_v2\dataset\images\val\V01_east_ascending__frame_0077.png,C:\Users\lab\Counterfactual-XAI-Verifier\experiments\yolov8_search_comparison\diverse_training_scenario_split\data\diverse_training_scenario_split_v2\dataset\labels\val\V01_east_ascending__frame_0077.txt,5AAD55DDD3745785AAF19CBF13EEB98013CE7247AEF718066978AD928955F262,F07B8C2F525982D857AC09F98AF4FB00DB512D47CAB8D66E2191E4F3003651F9,DC5A85BA4C619A2E1156726854FDC107A3CC4DBBF0BB19808998F84A399D4F4B,36B291D45C5E32E3,1,1,False,val
V01_east_ascending,5101,86,8.5,"[-11.805555555555557, 3, 57.02777777777778]",C:\Users\lab\Counterfactual-XAI-Verifier\experiments\yolov8_search_comparison\diverse_training_scenario_split\data\diverse_training_scenario_split_v2\dataset\images\val\V01_east_ascending__frame_0086.png,C:\Users\lab\Counterfactual-XAI-Verifier\experiments\yolov8_search_comparison\diverse_training_scenario_split\data\diverse_training_scenario_split_v2\dataset\labels\val\V01_east_ascending__frame_0086.txt,ED8E93D161BE21BB1B95D63A2CE98B7B723128924CB9BF6038E1D155B74ADF1B,367BF4896C8791763EC8F941CFE58A35C5300CF9FBEB51AEBA8E755F40440074,5300BBBCF69765D55006F23392A608096BA5551F85B1E33D8E0150E10CD6D946,2436B29291D45C7E,0,1,False,val
V01_east_ascending,5101,96,9.5,"[-9.194444444444443, 3, 57.97222222222222]",C:\Users\lab\Counterfactual-XAI-Verifier\experiments\yolov8_search_comparison\diverse_training_scenario_split\data\diverse_training_scenario_split_v2\dataset\images\val\V01_east_ascending__frame_0096.png,C:\Users\lab\Counterfactual-XAI-Verifier\experiments\yolov8_search_comparison\diverse_training_scenario_split\data\diverse_training_scenario_split_v2\dataset\labels\val\V01_east_ascending__frame_0096.txt,903C0B773E35AB08780E405852A3A96E394EF42367682AD78FDFDA2C03D40ECA,2C3ECC889DC64DF81B49F67CFB855999A060DF99C9C8B9D0217FDA690D062233,30ADC3896AC8D458B7F7B9801F0666C55C97CA141E6C4B23941CCA3A1FC600E5,6C243476B29091DC,1,0,False,val
V01_east_ascending,5101,105,10.4,"[-6.8444444444444485, 3, 58.82222222222222]",C:\Users\lab\Counterfactual-XAI-Verifier\experiments\yolov8_search_comparison\diverse_training_scenario_split\data\diverse_training_scenario_split_v2\dataset\images\val\V01_east_ascending__frame_0105.png,C:\Users\lab\Counterfactual-XAI-Verifier\experiments\yolov8_search_comparison\diverse_training_scenario_split\data\diverse_training_scenario_split_v2\dataset\labels\val\V01_east_ascending__frame_0105.txt,5A84A83C747F8AF456595014B9A1B4E7FBFCA3D0A6D3660A832F4E1C9A3957E8,107F3FA426C3931D90CD32DE41C2E47A59EB8938144197C8C09BE052D71964CD,852C99A106BFCEA088C8986F0EB433D6D5C9A8D8F3811022C35C8B9F9F77E46B,496C2C34F632B290,1,1,False,val
V01_east_ascending,5101,115,11.4,"[-4.233333333333334, 3, 59.766666666666666]",C:\Users\lab\Counterfactual-XAI-Verifier\experiments\yolov8_search_comparison\diverse_training_scenario_split\data\diverse_training_scenario_split_v2\dataset\images\val\V01_east_ascending__frame_0115.png,C:\Users\lab\Counterfactual-XAI-Verifier\experiments\yolov8_search_comparison\diverse_training_scenario_split\data\diverse_training_scenario_split_v2\dataset\labels\val\V01_east_ascending__frame_0115.txt,2574E79A44B50309162F62BBBCDAFE30F65C50BAC8B1143659D39276229BC880,6D365684612CAB87934D7CF1373C4B1282EAA24FEF79A337465D533AFC773B02,28CA8311FB3C910800366755E1CCEB27A7766A5AF3C31FAB61AB02A1F18A7368,D45A492C2476B6B2,1,1,False,val
V01_east_ascending,5101,124,12.3,"[-1.8833333333333329, 3, 60.61666666666667]",C:\Users\lab\Counterfactual-XAI-Verifier\experiments\yolov8_search_comparison\diverse_training_scenario_split\data\diverse_training_scenario_split_v2\dataset\images\val\V01_east_ascending__frame_0124.png,C:\Users\lab\Counterfactual-XAI-Verifier\experiments\yolov8_search_comparison\diverse_training_scenario_split\data\diverse_training_scenario_split_v2\dataset\labels\val\V01_east_ascending__frame_0124.txt,C3081692939287F2AA766002170337FCB7ED8042CFAC4168A658FA2D55A5CAF4,0FCE8EC5DE2B1CFD416BA1CC4B5EAE387335F6BE7D641555397B2168E03C608A,DBA103BEDBF0A1442E34F4551B25F04F7AAA3A33B4B957E237C47F5DEC77ED4A,949458496D2434F6,1,1,False,val
V01_east_ascending,5101,134,13.3,"[0.7277777777777814, 3, 61.56111111111111]",C:\Users\lab\Counterfactual-XAI-Verifier\experiments\yolov8_search_comparison\diverse_training_scenario_split\data\diverse_training_scenario_split_v2\dataset\images\val\V01_east_ascending__frame_0134.png,C:\Users\lab\Counterfactual-XAI-Verifier\experiments\yolov8_search_comparison\diverse_training_scenario_split\data\diverse_training_scenario_split_v2\dataset\labels\val\V01_east_ascending__frame_0134.txt,070687DFDC6F29AAB0B35AA9796B5A84E451DDAFC6597BB7BE2290397D0E8F31,DE5ADE4C953C2A22D99E7473DCCA383049BD01E420E5F8E8A8D22D8E89E14B92,9EEFE978A1B68FA8B96FDABBBC0448C2F1E4AEDE53EE203B2A0D8161BF5F16CB,989C945849692C24,1,1,False,val
V01_east_ascending,5101,143,14.2,"[3.0777777777777757, 3, 62.41111111111111]",C:\Users\lab\Counterfactual-XAI-Verifier\experiments\yolov8_search_comparison\diverse_training_scenario_split\data\diverse_training_scenario_split_v2\dataset\images\val\V01_east_ascending__frame_0143.png,C:\Users\lab\Counterfactual-XAI-Verifier\experiments\yolov8_search_comparison\diverse_training_scenario_split\data\diverse_training_scenario_split_v2\dataset\labels\val\V01_east_ascending__frame_0143.txt,F07E19A8A8E0B8C3B710C4D51A92BF611D2E1F68D34E6F7EB83D309EA5BF4817,37987C708D229A3636CFD5581E4361C9BF1A3CF853238A4C096F423D9760F2DC,F010D510356B9BC056119FEBCA55610FFB558F1F02E9F43FB41D0A6D8590620B,BA9994945449616D,2,1,False,val
V01_east_ascending,5101,153,15.2,"[5.68888888888889, 3, 63.355555555555554]",C:\Users\lab\Counterfactual-XAI-Verifier\experiments\yolov8_search_comparison\diverse_training_scenario_split\data\diverse_training_scenario_split_v2\dataset\images\val\V01_east_ascending__frame_0153.png,C:\Users\lab\Counterfactual-XAI-Verifier\experiments\yolov8_search_comparison\diverse_training_scenario_split\data\diverse_training_scenario_split_v2\dataset\labels\val\V01_east_ascending__frame_0153.txt,E6CC4A0CE6573F3C2A9D7DEF28E9CE035FE4E2742CF5CFEC3D0961582C000AF4,3EA728CF09EE2B420B653A01C57970FF96E8C6B27846896BCE2D4A21EF5B37FA,A249B0E85A39710237342FC9B8A8339FE4746A976BF47E321D9A5C46F181548E,90BA999C94D44849,2,2,False,val
V01_east_ascending,5101,162,16.1,"[8.038888888888891, 3, 64.20555555555555]",C:\Users\lab\Counterfactual-XAI-Verifier\experiments\yolov8_search_comparison\diverse_training_scenario_split\data\diverse_training_scenario_split_v2\dataset\images\val\V01_east_ascending__frame_0162.png,C:\Users\lab\Counterfactual-XAI-Verifier\experiments\yolov8_search_comparison\diverse_training_scenario_split\data\diverse_training_scenario_split_v2\dataset\labels\val\V01_east_ascending__frame_0162.txt,104B8B006B3CFEA8E0C8ED1D62848F6402971BD047DAA6ADEFD8EC240F646009,34099F7E4B9F6771C77E4A8414AD063EFD58290C95A0834490A40552298DC941,84DC110251FC29C21D3398D836C754A6B9CD6A57E791B28E528186C703B7235A,599038999C94D450,1,2,False,val
V01_east_ascending,5101,172,17.1,"[10.649999999999999, 3, 65.15]",C:\Users\lab\Counterfactual-XAI-Verifier\experiments\yolov8_search_comparison\diverse_training_scenario_split\data\diverse_training_scenario_split_v2\dataset\images\val\V01_east_ascending__frame_0172.png,C:\Users\lab\Counterfactual-XAI-Verifier\experiments\yolov8_search_comparison\diverse_training_scenario_split\data\diverse_training_scenario_split_v2\dataset\labels\val\V01_east_ascending__frame_0172.txt,F9D96A42311555CEFFCAED3B4B14A1FF3FB7934AD9D1A5376AF110C42B7F5B1F,3EAF165575D904FC7220716FE3B8A6A5E65A78CED4D75C5DBD4F1CAC773B26D0,7FDA157FB9D7C8404E8B9694DD69E74853C74E66252DB7AD639C867934EE349C,E9599038B99D9474,1,1,False,val
V01_east_ascending,5101,181,18.0,"[13, 3, 66]",C:\Users\lab\Counterfactual-XAI-Verifier\experiments\yolov8_search_comparison\diverse_training_scenario_split\data\diverse_training_scenario_split_v2\dataset\images\val\V01_east_ascending__frame_0181.png,C:\Users\lab\Counterfactual-XAI-Verifier\experiments\yolov8_search_comparison\diverse_training_scenario_split\data\diverse_training_scenario_split_v2\dataset\labels\val\V01_east_ascending__frame_0181.txt,2312452623A5F5A462F47453AD5544109088AE362E1F43224DBFE2B114F62E84,29EC42783BBC9CC7250796649EDA198E24BBC0BBABCD9F91CE3675E4C717A86C,795B3FA904FC9E2853AA4BFD92115B93533CEDDAB5A497692CBDDB1ABF9E4863,18E9593078B99D94,1,1,False,val
V02_west_retreat,5102,1,0.0,"[3, -10, 56]",C:\Users\lab\Counterfactual-XAI-Verifier\experiments\yolov8_search_comparison\diverse_training_scenario_split\data\diverse_training_scenario_split_v2\dataset\images\val\V02_west_retreat__frame_0001.png,C:\Users\lab\Counterfactual-XAI-Verifier\experiments\yolov8_search_comparison\diverse_training_scenario_split\data\diverse_training_scenario_split_v2\dataset\labels\val\V02_west_retreat__frame_0001.txt,2D2A6632E3E4DC00D8D53D0300770699FC88F1FD1F6149EAD68ACBB78C777B27,4ECF34A4240B8881C66C441041A0DFB4E8C293321FD5A62D2213049D61BECE49,253D206F784A825C7CFAE07DFA150E43928EDCD10D01023294F70B7C0D54EFED,191B2DB4B4D29219,3,2,False,val
V02_west_retreat,5102,10,0.9,"[2.35, -10, 56.3]",C:\Users\lab\Counterfactual-XAI-Verifier\experiments\yolov8_search_comparison\diverse_training_scenario_split\data\diverse_training_scenario_split_v2\dataset\images\val\V02_west_retreat__frame_0010.png,C:\Users\lab\Counterfactual-XAI-Verifier\experiments\yolov8_search_comparison\diverse_training_scenario_split\data\diverse_training_scenario_split_v2\dataset\labels\val\V02_west_retreat__frame_0010.txt,7FB22FE06E489F08C483586B6C58EEE355040169CA188AD0764489B7D38242AA,CE9C90D89C4021B86530567404CD2101CCE2419C0C05242859E4B3EBC30CC1DF,41185C659DC8F2409351A327F41E51319191C0EB694BD7F8D298DC04A354333B,191B3DB4B4921A19,3,2,False,val
V02_west_retreat,5102,20,1.9,"[1.6277777777777778, -10, 56.63333333333333]",C:\Users\lab\Counterfactual-XAI-Verifier\experiments\yolov8_search_comparison\diverse_training_scenario_split\data\diverse_training_scenario_split_v2\dataset\images\val\V02_west_retreat__frame_0020.png,C:\Users\lab\Counterfactual-XAI-Verifier\experiments\yolov8_search_comparison\diverse_training_scenario_split\data\diverse_training_scenario_split_v2\dataset\labels\val\V02_west_retreat__frame_0020.txt,1CE324AF48F77C9501E93C342D2A2FF1FADAAAC60FD2DF510D8463E5D8BF7211,8139726B0DF800477A80E3346C4C08FD07D20BE7108CD134674779FE64B9666D,56E90D8DD5831E0A8DC350F039F01642EABF8CC9D33D8F9E88E94BE846974CF7,191935B4B6921911,2,2,False,val
V02_west_retreat,5102,29,2.8,"[0.9777777777777779, -10, 56.93333333333333]",C:\Users\lab\Counterfactual-XAI-Verifier\experiments\yolov8_search_comparison\diverse_training_scenario_split\data\diverse_training_scenario_split_v2\dataset\images\val\V02_west_retreat__frame_0029.png,C:\Users\lab\Counterfactual-XAI-Verifier\experiments\yolov8_search_comparison\diverse_training_scenario_split\data\diverse_training_scenario_split_v2\dataset\labels\val\V02_west_retreat__frame_0029.txt,B1A355008C085A74CCDF2DBB9970537640830A8F6C02CCABF15438313DC064D5,3C2CC288253AA95B86BC14C500331506F5D875B817DC800DB411620353D47BB6,6D3215077451A00B7076EABF00E49DE5C64419151957982A8D1359A394C201CF,191935B492521910,2,2,False,val
V02_west_retreat,5102,39,3.8,"[0.25555555555555554, -10, 57.266666666666666]",C:\Users\lab\Counterfactual-XAI-Verifier\experiments\yolov8_search_comparison\diverse_training_scenario_split\data\diverse_training_scenario_split_v2\dataset\images\val\V02_west_retreat__frame_0039.png,C:\Users\lab\Counterfactual-XAI-Verifier\experiments\yolov8_search_comparison\diverse_training_scenario_split\data\diverse_training_scenario_split_v2\dataset\labels\val\V02_west_retreat__frame_0039.txt,784DFF4247AD65A1F336C9E7A67A670637BDEF75B0C4185414B65D828877012E,90C5304DC8D10305E4F1ABF081B7990436205301FDE4DBD5590BF8F8AD42B63B,92CB977540FD178A5E3EE66AB2E3D9895501BF5E918CF83ED42AF1E80F553BB2,1B39B5B4925A1916,2,2,False,val
V02_west_retreat,5102,48,4.7,"[-0.3944444444444448, -10, 57.56666666666667]",C:\Users\lab\Counterfactual-XAI-Verifier\experiments\yolov8_search_comparison\diverse_training_scenario_split\data\diverse_training_scenario_split_v2\dataset\images\val\V02_west_retreat__frame_0048.png,C:\Users\lab\Counterfactual-XAI-Verifier\experiments\yolov8_search_comparison\diverse_training_scenario_split\data\diverse_training_scenario_split_v2\dataset\labels\val\V02_west_retreat__frame_0048.txt,827A0874BDAE0930CE148DAF2F19FF82E6F093CAA57D274F305D643BB41200AB,EFDA88CEF8F3D8329AE735042B904B0353215B7A5824A6F976BCE563DC23642F,45EA51A18A0CB2FCAB2AFCBBDDC8F311E1D20FBFA510DC600610EE02A7651EBF,1B39B5B492191107,2,2,False,val
V02_west_retreat,5102,58,5.7,"[-1.1166666666666663, -10, 57.9]",C:\Users\lab\Counterfactual-XAI-Verifier\experiments\yolov8_search_comparison\diverse_training_scenario_split\data\diverse_training_scenario_split_v2\dataset\images\val\V02_west_retreat__frame_0058.png,C:\Users\lab\Counterfactual-XAI-Verifier\experiments\yolov8_search_comparison\diverse_training_scenario_split\data\diverse_training_scenario_split_v2\dataset\labels\val\V02_west_retreat__frame_0058.txt,A3A6344D0AB7D2E6167EAF71270B4AF9BA5AAD8AD88A7B8FA9551E7548075B35,8FE3002A59AFB50BA9AC850FCC36EE14B82928D1F0A85A0093F614A08842484A,7A61833CC9299504D16B3408DEF44D308DE1583A6296DCF35C84D077ED9E86A7,5B3135969219110D,2,2,False,val
V02_west_retreat,5102,67,6.6,"[-1.7666666666666666, -10, 58.2]",C:\Users\lab\Counterfactual-XAI-Verifier\experiments\yolov8_search_comparison\diverse_training_scenario_split\data\diverse_training_scenario_split_v2\dataset\images\val\V02_west_retreat__frame_0067.png,C:\Users\lab\Counterfactual-XAI-Verifier\experiments\yolov8_search_comparison\diverse_training_scenario_split\data\diverse_training_scenario_split_v2\dataset\labels\val\V02_west_retreat__frame_0067.txt,691918A2C05B73BCBDDE82680D435BFD9766EE53CC3A49E06A81FBA395C75389,E96E6C821428B6E98793F29E9ADC0826067D51606821B129439FB2273E2D63CC,CC9683AFD0DF14484C6B6E37154CC6CDA7066DDF29433F23031EF411E2DD59ED,5B31359652191709,2,2,False,val
V02_west_retreat,5102,77,7.6,"[-2.488888888888889, -10, 58.53333333333333]",C:\Users\lab\Counterfactual-XAI-Verifier\experiments\yolov8_search_comparison\diverse_training_scenario_split\data\diverse_training_scenario_split_v2\dataset\images\val\V02_west_retreat__frame_0077.png,C:\Users\lab\Counterfactual-XAI-Verifier\experiments\yolov8_search_comparison\diverse_training_scenario_split\data\diverse_training_scenario_split_v2\dataset\labels\val\V02_west_retreat__frame_0077.txt,C51FBB080CF33A41F445071C394BE2790F248EB3E6791E85663A8E818CDEFFF5,C47997D27DB653C9608DC091DCC17D73D1BC043E3CB31E24BC70DC2A9C25545F,5504567B0961EE3606689948AACA8F189FB7EF7EEFD3BE1D495F4D8C2FB26E3E,1B35359658190711,2,2,False,val
V02_west_retreat,5102,86,8.5,"[-3.1388888888888884, -10, 58.833333333333336]",C:\Users\lab\Counterfactual-XAI-Verifier\experiments\yolov8_search_comparison\diverse_training_scenario_split\data\diverse_training_scenario_split_v2\dataset\images\val\V02_west_retreat__frame_0086.png,C:\Users\lab\Counterfactual-XAI-Verifier\experiments\yolov8_search_comparison\diverse_training_scenario_split\data\diverse_training_scenario_split_v2\dataset\labels\val\V02_west_retreat__frame_0086.txt,B65232ACACEE5218D3D00245C2920776F04AB096579D342E1AC4A06BC8760931,F929A14F707537D29F28164AAE4750F27ECF5CF43998474BB9A01DD4B08487EF,72AB6A108B01E7F7D04E79448694B86558E75E6F45D41A18F987745433C89107,1B3575D619110511,2,2,False,val
V02_west_retreat,5102,96,9.5,"[-3.8611111111111116, -10, 59.166666666666664]",C:\Users\lab\Counterfactual-XAI-Verifier\experiments\yolov8_search_comparison\diverse_training_scenario_split\data\diverse_training_scenario_split_v2\dataset\images\val\V02_west_retreat__frame_0096.png,C:\Users\lab\Counterfactual-XAI-Verifier\experiments\yolov8_search_comparison\diverse_training_scenario_split\data\diverse_training_scenario_split_v2\dataset\labels\val\V02_west_retreat__frame_0096.txt,A65E0970BB296537FB3C84381BF65F5A2836A3628A9C5BDCAD1B5E2776F5D422,5237E56B0924C96CF097781BC0E98E934C17A032CC34847CACCE2F4BBEBDE906,F770E3948FB5D2B2FA97F47D92CA56FD083A7AD5A699F543D29EAF30608617BF,3B35755219130901,2,2,False,val
V02_west_retreat,5102,105,10.4,"[-4.51111111111111, -10, 59.46666666666667]",C:\Users\lab\Counterfactual-XAI-Verifier\experiments\yolov8_search_comparison\diverse_training_scenario_split\data\diverse_training_scenario_split_v2\dataset\images\val\V02_west_retreat__frame_0105.png,C:\Users\lab\Counterfactual-XAI-Verifier\experiments\yolov8_search_comparison\diverse_training_scenario_split\data\diverse_training_scenario_split_v2\dataset\labels\val\V02_west_retreat__frame_0105.txt,4D74F9A5ED4C2D97DD73CED101664F47C4FD5BCBF150B761CF9231AE011710CF,4A1BA96BB10C72C35BB1E1C39BB95FC861277C53F5EF611409CC3E71F607E5D7,21048D73E8973115406C34291CBD95CB70AD846BBFCB70955454AF5A5A6577ED,3935545219070B05,2,2,False,val
V02_west_retreat,5102,115,11.4,"[-5.2333333333333325, -10, 59.8]",C:\Users\lab\Counterfactual-XAI-Verifier\experiments\yolov8_search_comparison\diverse_training_scenario_split\data\diverse_training_scenario_split_v2\dataset\images\val\V02_west_retreat__frame_0115.png,C:\Users\lab\Counterfactual-XAI-Verifier\experiments\yolov8_search_comparison\diverse_training_scenario_split\data\diverse_training_scenario_split_v2\dataset\labels\val\V02_west_retreat__frame_0115.txt,44949E23F3725C5C1097C681F68D7B5E000BCE900B946A35FAEBE5F35F561998,84E86A99E75A14C7F2C8EA1F044B00CA8CBAD14C66932371F9C1359EB8A787FC,CDE1262BB8C272B369DB911E3CB90C53DE8224B88EFC8B813380F0976BC91195,3135545819051324,2,2,False,val
V02_west_retreat,5102,124,12.3,"[-5.883333333333333, -10, 60.1]",C:\Users\lab\Counterfactual-XAI-Verifier\experiments\yolov8_search_comparison\diverse_training_scenario_split\data\diverse_training_scenario_split_v2\dataset\images\val\V02_west_retreat__frame_0124.png,C:\Users\lab\Counterfactual-XAI-Verifier\experiments\yolov8_search_comparison\diverse_training_scenario_split\data\diverse_training_scenario_split_v2\dataset\labels\val\V02_west_retreat__frame_0124.txt,9F51879A74A4E401B0CCA6F4A87427657C2C938759CA426C7079BA012C746C9D,D5FA839593AC7BF694D907DDA4536E4F7E8F0B595DD1F644AB06C476E251300C,53597B47F27B0BAABAB118A8494FCBAA12DCBB2DBA4B042F8013634FF0CE7CA3,3135541813071D24,1,1,False,val
V02_west_retreat,5102,134,13.3,"[-6.605555555555556, -10, 60.43333333333334]",C:\Users\lab\Counterfactual-XAI-Verifier\experiments\yolov8_search_comparison\diverse_training_scenario_split\data\diverse_training_scenario_split_v2\dataset\images\val\V02_west_retreat__frame_0134.png,C:\Users\lab\Counterfactual-XAI-Verifier\experiments\yolov8_search_comparison\diverse_training_scenario_split\data\diverse_training_scenario_split_v2\dataset\labels\val\V02_west_retreat__frame_0134.txt,C856FF7002DBC6C5E2E0E6860F38E13BF8DF5E1C1854E86321BB455E5E1B1025,CBFBA342B96CD17E2C806EADB09F2B83703F6F20C233155B73978AECBCE145BE,9BB1290D0708ACD1BACE5DF44D6D6A5BFC233181AA33B1E5BEA413E335BC5632,31355419130B1D24,1,1,False,val
V02_west_retreat,5102,143,14.2,"[-7.255555555555555, -10, 60.733333333333334]",C:\Users\lab\Counterfactual-XAI-Verifier\experiments\yolov8_search_comparison\diverse_training_scenario_split\data\diverse_training_scenario_split_v2\dataset\images\val\V02_west_retreat__frame_0143.png,C:\Users\lab\Counterfactual-XAI-Verifier\experiments\yolov8_search_comparison\diverse_training_scenario_split\data\diverse_training_scenario_split_v2\dataset\labels\val\V02_west_retreat__frame_0143.txt,1C1A83C6D2885861A4265A6E00CA09F54E9172FA0FB98B9A87389D8C45EE7561,AC0C8806B4C6E62EAEEE6B4113EBD63E7472953B0DEAC686F2FC407CFF69558E,2364DDACD647955916D8B1A8ECD9E910D312A3E6D11904D494D726003CF10D31,3135541B17132D25,1,1,False,val
V02_west_retreat,5102,153,15.2,"[-7.977777777777778, -10, 61.06666666666666]",C:\Users\lab\Counterfactual-XAI-Verifier\experiments\yolov8_search_comparison\diverse_training_scenario_split\data\diverse_training_scenario_split_v2\dataset\images\val\V02_west_retreat__frame_0153.png,C:\Users\lab\Counterfactual-XAI-Verifier\experiments\yolov8_search_comparison\diverse_training_scenario_split\data\diverse_training_scenario_split_v2\dataset\labels\val\V02_west_retreat__frame_0153.txt,89D4F99A8E211B10071A4CB8E4C6EACD8C2B5ECB29574A3B5E5061774DD8A156,D4C7AE34B7FE1CBE86B7FDB346EA71EA7E2B2535DBD20840A19B039FABE445A7,76BE58F6D3F2D323685857ED4D6A2BBF48F4826A3F7EA6EDC9E3DDE6DE4702B7,3135501B271D2D25,1,1,False,val
V02_west_retreat,5102,162,16.1,"[-8.627777777777778, -10, 61.36666666666667]",C:\Users\lab\Counterfactual-XAI-Verifier\experiments\yolov8_search_comparison\diverse_training_scenario_split\data\diverse_training_scenario_split_v2\dataset\images\val\V02_west_retreat__frame_0162.png,C:\Users\lab\Counterfactual-XAI-Verifier\experiments\yolov8_search_comparison\diverse_training_scenario_split\data\diverse_training_scenario_split_v2\dataset\labels\val\V02_west_retreat__frame_0162.txt,6183ACED455DD8596E57D1E7D9D939D067012B8F31F93E4E93E6EB64A10D4D46,D082446E700B3C26079083DE481E07CF6B7BA81EFBE4AC607E62029C8977DA2A,A9F4455864718E83E7B9C1983F42F429BCEA8706FDBA9AC5AF8AB6761ECB76BC,31345013271D2525,1,1,False,val
V02_west_retreat,5102,172,17.1,"[-9.35, -10, 61.7]",C:\Users\lab\Counterfactual-XAI-Verifier\experiments\yolov8_search_comparison\diverse_training_scenario_split\data\diverse_training_scenario_split_v2\dataset\images\val\V02_west_retreat__frame_0172.png,C:\Users\lab\Counterfactual-XAI-Verifier\experiments\yolov8_search_comparison\diverse_training_scenario_split\data\diverse_training_scenario_split_v2\dataset\labels\val\V02_west_retreat__frame_0172.txt,4AE53728D6816C8875A3910AE5CEE7AB2A8FFD7D80649B0854C7D23B03DE5F3F,B98ED7926174E434318A4849F9A4EEBBA0651B360B44611C11F835F27558AEF2,B936487A5F1E3CE96C465E47A7774FDDBD4063B963D7F4FF8C80AE46A6B7B185,31745013032D2525,1,1,False,val
V02_west_retreat,5102,181,18.0,"[-10, -10, 62]",C:\Users\lab\Counterfactual-XAI-Verifier\experiments\yolov8_search_comparison\diverse_training_scenario_split\data\diverse_training_scenario_split_v2\dataset\images\val\V02_west_retreat__frame_0181.png,C:\Users\lab\Counterfactual-XAI-Verifier\experiments\yolov8_search_comparison\diverse_training_scenario_split\data\diverse_training_scenario_split_v2\dataset\labels\val\V02_west_retreat__frame_0181.txt,3961FC61A2D5CA26D4D52155DF8CF774428A7330D3096C103B6340BDE9202AD4,412B691B9A43D9BCE3F6747223FF134FA3D8380296635A12A0A8756729926DFD,B78A309458B86CAF3CAA2E32FFC4A8F65650C84C520F1CD5C4E95EA6021A00E0,315450130B2DA515,1,1,False,val
V03_north_lateral,5103,1,0.0,"[-18, -20, 58]",C:\Users\lab\Counterfactual-XAI-Verifier\experiments\yolov8_search_comparison\diverse_training_scenario_split\data\diverse_training_scenario_split_v2\dataset\images\val\V03_north_lateral__frame_0001.png,C:\Users\lab\Counterfactual-XAI-Verifier\experiments\yolov8_search_comparison\diverse_training_scenario_split\data\diverse_training_scenario_split_v2\dataset\labels\val\V03_north_lateral__frame_0001.txt,884503938B58082B0FE39A9C789F58C08720C41AB5E1E92117DE51C3A84E14CF,1EB52EDDAB4894E97CF8C3C41A4DAB046A94444CB4DB6994A32350BCF9BE5C6E,2931373FB76BAF741A3B64BF3434339B8F754822AB45EB5D2E159C8CD39E5568,8696838B83878180,1,1,False,val
V03_north_lateral,5103,10,0.9,"[-18, -18.15, 58]",C:\Users\lab\Counterfactual-XAI-Verifier\experiments\yolov8_search_comparison\diverse_training_scenario_split\data\diverse_training_scenario_split_v2\dataset\images\val\V03_north_lateral__frame_0010.png,C:\Users\lab\Counterfactual-XAI-Verifier\experiments\yolov8_search_comparison\diverse_training_scenario_split\data\diverse_training_scenario_split_v2\dataset\labels\val\V03_north_lateral__frame_0010.txt,2834C0D3D5BE253A23245D8BA63170E8B7D35B3FBB60F8DE917B691F21D0096B,98DEFF4AD0C0D5F164E00A1124FDC8BF7EA61F799EE734A0E5CD4E019BC40220,3FEA7FD025CFE6BF2A5E79593A0CDFDAB270D3990125C13BA972A4C041B2E4C4,9515061607070305,1,1,False,val
V03_north_lateral,5103,20,1.9,"[-18, -16.094444444444445, 58]",C:\Users\lab\Counterfactual-XAI-Verifier\experiments\yolov8_search_comparison\diverse_training_scenario_split\data\diverse_training_scenario_split_v2\dataset\images\val\V03_north_lateral__frame_0020.png,C:\Users\lab\Counterfactual-XAI-Verifier\experiments\yolov8_search_comparison\diverse_training_scenario_split\data\diverse_training_scenario_split_v2\dataset\labels\val\V03_north_lateral__frame_0020.txt,6500D60F35065AA1BF320FDCFE40FDBDCE2F3BC77AAC6FFA0ABA81CAB0FCB1FB,10C4955D0F3F823B957553863584BED9511973756009DD35F85A7CDC8D7FAC7B,58DE7B266C401695AE05D67FCE252C254F79EAB410D5625E6C4881942C51AC5E,29290D2C2E0A0B0B,2,1,False,val
V03_north_lateral,5103,29,2.8,"[-18, -14.244444444444444, 58]",C:\Users\lab\Counterfactual-XAI-Verifier\experiments\yolov8_search_comparison\diverse_training_scenario_split\data\diverse_training_scenario_split_v2\dataset\images\val\V03_north_lateral__frame_0029.png,C:\Users\lab\Counterfactual-XAI-Verifier\experiments\yolov8_search_comparison\diverse_training_scenario_split\data\diverse_training_scenario_split_v2\dataset\labels\val\V03_north_lateral__frame_0029.txt,677ED5552040BA0FE9605B06818C75AF51A34964EC42FDF1C2DA0196E2C4FEFD,1BA4404D87453CF4D1455641EEFA1B92AB69799F165D3827F53398DA4589A668,62550EB37F40FA0D915CE385498CCAA12A4016D39C475B6AC300612BCF40C760,1A5A092C2C141602,2,2,False,val
V03_north_lateral,5103,39,3.8,"[-18, -12.18888888888889, 58]",C:\Users\lab\Counterfactual-XAI-Verifier\experiments\yolov8_search_comparison\diverse_training_scenario_split\data\diverse_training_scenario_split_v2\dataset\images\val\V03_north_lateral__frame_0039.png,C:\Users\lab\Counterfactual-XAI-Verifier\experiments\yolov8_search_comparison\diverse_training_scenario_split\data\diverse_training_scenario_split_v2\dataset\labels\val\V03_north_lateral__frame_0039.txt,D2AF72D3EB4CCE1E0014B32A7ADB14962524C57538418B0E5F09BF88F826CE8A,A67BD46D514538CFCCA6417C73023475F7A6AD5B70A074953AE047A22B5B4048,FF4A00983F531B5285EA5C1EE74EA7FC945B2633181B7FA7056EC8A618820CCA,17145A59192D2C16,2,2,False,val
V03_north_lateral,5103,48,4.7,"[-18, -10.338888888888889, 58]",C:\Users\lab\Counterfactual-XAI-Verifier\experiments\yolov8_search_comparison\diverse_training_scenario_split\data\diverse_training_scenario_split_v2\dataset\images\val\V03_north_lateral__frame_0048.png,C:\Users\lab\Counterfactual-XAI-Verifier\experiments\yolov8_search_comparison\diverse_training_scenario_split\data\diverse_training_scenario_split_v2\dataset\labels\val\V03_north_lateral__frame_0048.txt,DBDEC15F75CF788D95653E5C91A568B0236A3141D4C123E145B572DE478F63CB,2297AA8EFB8CA96AD915A226D7EFA934825F50FF8DD96884D6AAABCE4C6C9DAD,4A19798989BCB12C0C420207E192989649026688905C5D01EE271018898A378F,A5A534B3B35B192C,2,2,False,val
V03_north_lateral,5103,58,5.7,"[-18, -8.283333333333333, 58]",C:\Users\lab\Counterfactual-XAI-Verifier\experiments\yolov8_search_comparison\diverse_training_scenario_split\data\diverse_training_scenario_split_v2\dataset\images\val\V03_north_lateral__frame_0058.png,C:\Users\lab\Counterfactual-XAI-Verifier\experiments\yolov8_search_comparison\diverse_training_scenario_split\data\diverse_training_scenario_split_v2\dataset\labels\val\V03_north_lateral__frame_0058.txt,AA24AF22886399E6E0D76F2FEFFA620D85003D5E412CF1B994F10748F4E34BFB,23CC5C88DE1081668DE86AFB1DC9D98875AAED224D6D8FAAAA4CF3F5F9A40142,208AB4648E46A2ECA1843B642661B162D1F2D006A02164978938CD6B44D2B458,6B69ADA373135159,2,2,False,val
V03_north_lateral,5103,67,6.6,"[-18, -6.433333333333334, 58]",C:\Users\lab\Counterfactual-XAI-Verifier\experiments\yolov8_search_comparison\diverse_training_scenario_split\data\diverse_training_scenario_split_v2\dataset\images\val\V03_north_lateral__frame_0067.png,C:\Users\lab\Counterfactual-XAI-Verifier\experiments\yolov8_search_comparison\diverse_training_scenario_split\data\diverse_training_scenario_split_v2\dataset\labels\val\V03_north_lateral__frame_0067.txt,8A971A5807A209F7F8BFC318AEBFB03BE8756EF239CE8017C5001759EF653371,9E0C8CDCC4FC2E9FF09C0E5639D264CA0F3771F1F73FDD191314AFB94177170B,65484A600882317187A3BF6F55C7DC274A69CEA84A6BFEF47E3F2E43F48C908E,5A5A4B66E7A6B333,2,2,False,val
V03_north_lateral,5103,77,7.6,"[-18, -4.377777777777778, 58]",C:\Users\lab\Counterfactual-XAI-Verifier\experiments\yolov8_search_comparison\diverse_training_scenario_split\data\diverse_training_scenario_split_v2\dataset\images\val\V03_north_lateral__frame_0077.png,C:\Users\lab\Counterfactual-XAI-Verifier\experiments\yolov8_search_comparison\diverse_training_scenario_split\data\diverse_training_scenario_split_v2\dataset\labels\val\V03_north_lateral__frame_0077.txt,5A29A252CB67881D2AC998F01748EFBACC80E0F7C04FFC3CA83923DABC22A30A,78BBB02809B7D8B53C86859EE9F5F6796109C2A9354A053B5E022FF42E1E49A9,0F7B6444B81D862E10BB7A82E1B7C66F7B218114719A0F745DCE3B695B46557E,9494D3CECE6F6676,2,2,False,val
V03_north_lateral,5103,86,8.5,"[-18, -2.5277777777777786, 58]",C:\Users\lab\Counterfactual-XAI-Verifier\experiments\yolov8_search_comparison\diverse_training_scenario_split\data\diverse_training_scenario_split_v2\dataset\images\val\V03_north_lateral__frame_0086.png,C:\Users\lab\Counterfactual-XAI-Verifier\experiments\yolov8_search_comparison\diverse_training_scenario_split\data\diverse_training_scenario_split_v2\dataset\labels\val\V03_north_lateral__frame_0086.txt,77DB7F4815E4AB4F352C773E35BD588178DCF46F1818E3BFBC59B0D710646A20,7CADFB9389CB98936FF3D06F34B8EF9A5C824563C31A677371EA977CF15DE560,97922AED8B5C64C2303B7290815D664545BC323B727973DD2143A0C10783132D,ADA4B78DCC5EC5E4,2,2,False,val
V03_north_lateral,5103,96,9.5,"[-18, -0.47222222222222143, 58]",C:\Users\lab\Counterfactual-XAI-Verifier\experiments\yolov8_search_comparison\diverse_training_scenario_split\data\diverse_training_scenario_split_v2\dataset\images\val\V03_north_lateral__frame_0096.png,C:\Users\lab\Counterfactual-XAI-Verifier\experiments\yolov8_search_comparison\diverse_training_scenario_split\data\diverse_training_scenario_split_v2\dataset\labels\val\V03_north_lateral__frame_0096.txt,7C803359C98ECBFD456E38BF66BFDAE38D47BD0E5B75DFD52C9AD01B0356F0A3,CD37D3D66C488BE812DEA0CFE3495B36605676D684EA26DC99E9864EBCFF6E74,C52E438B2F8FF8719A74FB905538C9404552F3209349289DD221EC377121EA5B,69682E9A999D89C8,1,2,False,val
V03_north_lateral,5103,105,10.4,"[-18, 1.3777777777777764, 58]",C:\Users\lab\Counterfactual-XAI-Verifier\experiments\yolov8_search_comparison\diverse_training_scenario_split\data\diverse_training_scenario_split_v2\dataset\images\val\V03_north_lateral__frame_0105.png,C:\Users\lab\Counterfactual-XAI-Verifier\experiments\yolov8_search_comparison\diverse_training_scenario_split\data\diverse_training_scenario_split_v2\dataset\labels\val\V03_north_lateral__frame_0105.txt,8B2BAE5EDF9BCCA3A5B8E6F31E2AAB4052A3DD061F7D10F5ADBBD9F7826EE7C2,B4BBF1FBC6BA3FFAD7F910D0DEC07C93CA948D7B3577DA55D87F2B0A8B28A18F,D6C5E586E853033D996F7354E5859CF38E4020F1034C4973AA92369D95CA4C30,52516C3E1A3B1B99,1,1,False,val
V03_north_lateral,5103,115,11.4,"[-18, 3.4333333333333336, 58]",C:\Users\lab\Counterfactual-XAI-Verifier\experiments\yolov8_search_comparison\diverse_training_scenario_split\data\diverse_training_scenario_split_v2\dataset\images\val\V03_north_lateral__frame_0115.png,C:\Users\lab\Counterfactual-XAI-Verifier\experiments\yolov8_search_comparison\diverse_training_scenario_split\data\diverse_training_scenario_split_v2\dataset\labels\val\V03_north_lateral__frame_0115.txt,E2E9F26A722B6EC9AB2BAE69502ED5D8679DF257E6488E4621D2444981E23B34,D7C46D4B67F090114157DD5E877149003ADFABD74F16A63C48F4B08F64F17C67,7FCCDDC5271A6F0A1F29241F8FF877C074CE7626F4B4AFA3016B274BDED6865C,B690D934347637B3,1,1,False,val
V03_north_lateral,5103,124,12.3,"[-18, 5.283333333333335, 58]",C:\Users\lab\Counterfactual-XAI-Verifier\experiments\yolov8_search_comparison\diverse_training_scenario_split\data\diverse_training_scenario_split_v2\dataset\images\val\V03_north_lateral__frame_0124.png,C:\Users\lab\Counterfactual-XAI-Verifier\experiments\yolov8_search_comparison\diverse_training_scenario_split\data\diverse_training_scenario_split_v2\dataset\labels\val\V03_north_lateral__frame_0124.txt,4404C7F468A5A6F707FED423DAB8AE2D194AF559FEEA8AECDE73D148138D511A,A4F1543FF940F6205088E3669AAACD6937B2784C84DB448423E109B18FED5F83,1498338EB2F6444A6BE3A20CB326208A221FE4B89F47F5A2983039E5F2CDF772,A4A29A6965EC2E26,1,1,False,val
V03_north_lateral,5103,134,13.3,"[-18, 7.338888888888889, 58]",C:\Users\lab\Counterfactual-XAI-Verifier\experiments\yolov8_search_comparison\diverse_training_scenario_split\data\diverse_training_scenario_split_v2\dataset\images\val\V03_north_lateral__frame_0134.png,C:\Users\lab\Counterfactual-XAI-Verifier\experiments\yolov8_search_comparison\diverse_training_scenario_split\data\diverse_training_scenario_split_v2\dataset\labels\val\V03_north_lateral__frame_0134.txt,E770A80BD53E5DCA5174EB36166BCD389D52CC8E5AE866B7D27D055C74546833,7E314418DFC1A6515E38A793197D4743E18A5DF534A04569619C4CF72245A34F,7B474D1000C72F02E6D86CFD6C45D16500098F045635CE9D88BFEB5F3427CA5E,6924B2724A794C4C,1,1,False,val
V03_north_lateral,5103,143,14.2,"[-18, 9.188888888888886, 58]",C:\Users\lab\Counterfactual-XAI-Verifier\experiments\yolov8_search_comparison\diverse_training_scenario_split\data\diverse_training_scenario_split_v2\dataset\images\val\V03_north_lateral__frame_0143.png,C:\Users\lab\Counterfactual-XAI-Verifier\experiments\yolov8_search_comparison\diverse_training_scenario_split\data\diverse_training_scenario_split_v2\dataset\labels\val\V03_north_lateral__frame_0143.txt,25CEF202DF3FF7102A6DC0807D8ABC0483361E5339B8B46F31A1301ACAE2AD86,C633631171A6DAD7D4064A7AB2682EB7A5EA0A7975C9FE3ECE11F437B5F134B4,04D28CC20C0765990DE1B7373A6B9236EFF13C41FBD8C8FB925980F1B19262EC,CA442474D2D2D9C9,1,1,False,val
V03_north_lateral,5103,153,15.2,"[-18, 11.244444444444444, 58]",C:\Users\lab\Counterfactual-XAI-Verifier\experiments\yolov8_search_comparison\diverse_training_scenario_split\data\diverse_training_scenario_split_v2\dataset\images\val\V03_north_lateral__frame_0153.png,C:\Users\lab\Counterfactual-XAI-Verifier\experiments\yolov8_search_comparison\diverse_training_scenario_split\data\diverse_training_scenario_split_v2\dataset\labels\val\V03_north_lateral__frame_0153.txt,2841990C88C5BFF548A5AF9AC485A6EEEDC012B435B7113A45C82A70D9B58FB2,2561A811AEEEE4CDEA507E80D75273B5416F1542CB9C927D321B1F5DB14EB273,DCB5B761AD48B6A9828D29D6E7A14871EA40676AB631061F9EE6A2F8F207FD10,928868E4A4A4B292,1,1,False,val
V03_north_lateral,5103,162,16.1,"[-18, 13.094444444444449, 58]",C:\Users\lab\Counterfactual-XAI-Verifier\experiments\yolov8_search_comparison\diverse_training_scenario_split\data\diverse_training_scenario_split_v2\dataset\images\val\V03_north_lateral__frame_0162.png,C:\Users\lab\Counterfactual-XAI-Verifier\experiments\yolov8_search_comparison\diverse_training_scenario_split\data\diverse_training_scenario_split_v2\dataset\labels\val\V03_north_lateral__frame_0162.txt,7084213C7C7E2EE21B4CE927B1943084427218E9ACDA66F5BFF95BEBA557E5D2,A25C02634BB4D9786C7CB5E4B562925DCD3B3CB10DEBD09604A7577174D921C5,DAB76C25A6B8A4DEE0E1520C89B6C2366AF4B492E4F4521F69963925734026F3,A591D1C928696525,0,1,False,val
V03_north_lateral,5103,172,17.1,"[-18, 15.149999999999999, 58]",C:\Users\lab\Counterfactual-XAI-Verifier\experiments\yolov8_search_comparison\diverse_training_scenario_split\data\diverse_training_scenario_split_v2\dataset\images\val\V03_north_lateral__frame_0172.png,C:\Users\lab\Counterfactual-XAI-Verifier\experiments\yolov8_search_comparison\diverse_training_scenario_split\data\diverse_training_scenario_split_v2\dataset\labels\val\V03_north_lateral__frame_0172.txt,1A412239281F9F8857F7CB97FC65CC552E7232AC062DB33E749616728A1A0F57,AAE0F0F543754980F4267A1826903DA1E5688A3E342B2F9CA0E09176BEF0841A,0820A2E4123DFC5162683361742AB78F88F99F8733AE9D4E5906AE680CD9EC46,2B13919151C9CB4B,0,1,False,val
V03_north_lateral,5103,181,18.0,"[-18, 17, 58]",C:\Users\lab\Counterfactual-XAI-Verifier\experiments\yolov8_search_comparison\diverse_training_scenario_split\data\diverse_training_scenario_split_v2\dataset\images\val\V03_north_lateral__frame_0181.png,C:\Users\lab\Counterfactual-XAI-Verifier\experiments\yolov8_search_comparison\diverse_training_scenario_split\data\diverse_training_scenario_split_v2\dataset\labels\val\V03_north_lateral__frame_0181.txt,5D8A3A5065708D3DC321AF6C684B0ACF2B18994A18F1DE4B70786FC78DBDCBDF,20E09037687F17F759686F84890CC0701842058FBAF9EE3D47376A3E44CF93CB,7963ECE52985AA78787CFC9D9431EEE8FF920D7E46FDEFFA6EF8F996D0F9E645,4B2323A393939797,0,1,False,val
V04_diagonal_descending,5104,1,0.0,"[-31, 13, 64]",C:\Users\lab\Counterfactual-XAI-Verifier\experiments\yolov8_search_comparison\diverse_training_scenario_split\data\diverse_training_scenario_split_v2\dataset\images\val\V04_diagonal_descending__frame_0001.png,C:\Users\lab\Counterfactual-XAI-Verifier\experiments\yolov8_search_comparison\diverse_training_scenario_split\data\diverse_training_scenario_split_v2\dataset\labels\val\V04_diagonal_descending__frame_0001.txt,318F3D5D651AA735749C80DE969DF90804990EB8794785FFA27E1F2005642C9E,FE9FA4F47473CB4DBF13233FB3A03C54FC4894BB178E917EDF875B0A55314998,25454E9F92FC06683425EF7579EC25ECB5DF191303C6A2D58753DBFE125FECEF,E3E7C7CF434BC9C9,1,1,False,val
V04_diagonal_descending,5104,10,0.9,"[-28.8, 11.75, 63.3]",C:\Users\lab\Counterfactual-XAI-Verifier\experiments\yolov8_search_comparison\diverse_training_scenario_split\data\diverse_training_scenario_split_v2\dataset\images\val\V04_diagonal_descending__frame_0010.png,C:\Users\lab\Counterfactual-XAI-Verifier\experiments\yolov8_search_comparison\diverse_training_scenario_split\data\diverse_training_scenario_split_v2\dataset\labels\val\V04_diagonal_descending__frame_0010.txt,9F2CE1D70C51B415E8F5444A703254374B1D183AC325EC8D7240F7F5FA541601,1F976C31EDBFF4C7D0C1BF59C9B7CA4EC378D699B3C16677471C5286675E4C6A,96CA9ACFBD17D5D915B1BFBAD9076E335DAB110D8E1A80C65BBD284B2E53513D,65E5F7534F49C5C5,1,1,False,val
V04_diagonal_descending,5104,20,1.9,"[-26.355555555555554, 10.36111111111111, 62.522222222222226]",C:\Users\lab\Counterfactual-XAI-Verifier\experiments\yolov8_search_comparison\diverse_training_scenario_split\data\diverse_training_scenario_split_v2\dataset\images\val\V04_diagonal_descending__frame_0020.png,C:\Users\lab\Counterfactual-XAI-Verifier\experiments\yolov8_search_comparison\diverse_training_scenario_split\data\diverse_training_scenario_split_v2\dataset\labels\val\V04_diagonal_descending__frame_0020.txt,53B19324079A9ACA059D3F9E62A9CF838127DD20647F2D37272FC0DA51FB7B57,C8C29731F0D78B8D0BDF7C0DC1E4B5B7359507E40459C64E6EC9A548EE31A132,A19499B7D0D41973451C7059B472BE0819FCEA6BEAC64C9E7CF6AA93DCF4929E,31755153434768C0,1,1,False,val
V04_diagonal_descending,5104,29,2.8,"[-24.155555555555555, 9.11111111111111, 61.82222222222222]",C:\Users\lab\Counterfactual-XAI-Verifier\experiments\yolov8_search_comparison\diverse_training_scenario_split\data\diverse_training_scenario_split_v2\dataset\images\val\V04_diagonal_descending__frame_0029.png,C:\Users\lab\Counterfactual-XAI-Verifier\experiments\yolov8_search_comparison\diverse_training_scenario_split\data\diverse_training_scenario_split_v2\dataset\labels\val\V04_diagonal_descending__frame_0029.txt,5C23AAD49D93E9E68D66E3696458CC0C20EFD1B8E0E0245C017571021A101667,24BBCED347B071C052341097402993DCCA75BDAD5549CEB4F14CF258FDCE66FA,A8191022F64267F58672F68928F83FA7C92AA01B0CF69C7003449733E735BC68,21B252525B436360,1,1,False,val
V04_diagonal_descending,5104,39,3.8,"[-21.71111111111111, 7.722222222222222, 61.044444444444444]",C:\Users\lab\Counterfactual-XAI-Verifier\experiments\yolov8_search_comparison\diverse_training_scenario_split\data\diverse_training_scenario_split_v2\dataset\images\val\V04_diagonal_descending__frame_0039.png,C:\Users\lab\Counterfactual-XAI-Verifier\experiments\yolov8_search_comparison\diverse_training_scenario_split\data\diverse_training_scenario_split_v2\dataset\labels\val\V04_diagonal_descending__frame_0039.txt,C5F79F6AE5D917B8DF2D6FD547B8EEF427D0657C02D9CA41E39039F9B7D7FC1B,7C8E64458A2219E7B8E28A364551ADA1615DB25503256C129923D2863BE0477E,718F5C9C9B78219B4CD1C026048441B22F4B7B511BCF477E9F64175D75AA7721,A9B2724A79696121,1,1,False,val
V04_diagonal_descending,5104,48,4.7,"[-19.511111111111113, 6.472222222222221, 60.34444444444444]",C:\Users\lab\Counterfactual-XAI-Verifier\experiments\yolov8_search_comparison\diverse_training_scenario_split\data\diverse_training_scenario_split_v2\dataset\images\val\V04_diagonal_descending__frame_0048.png,C:\Users\lab\Counterfactual-XAI-Verifier\experiments\yolov8_search_comparison\diverse_training_scenario_split\data\diverse_training_scenario_split_v2\dataset\labels\val\V04_diagonal_descending__frame_0048.txt,42338A1CB77E312A16E83D145E3793BCE2F68ABAFFFA7CDD2D19AB5FA7715A29,878D1F608665E3B0678643C011B66165EBF1EE2DD9DAE8ED5C5631786FE6E348,4A2E3890C15D11F5F63851C504AA09BE00064EDC0F292D4F1B626FC04CF17852,A9A5B97869E92C24,1,1,False,val
V04_diagonal_descending,5104,58,5.7,"[-17.066666666666666, 5.083333333333334, 59.56666666666666]",C:\Users\lab\Counterfactual-XAI-Verifier\experiments\yolov8_search_comparison\diverse_training_scenario_split\data\diverse_training_scenario_split_v2\dataset\images\val\V04_diagonal_descending__frame_0058.png,C:\Users\lab\Counterfactual-XAI-Verifier\experiments\yolov8_search_comparison\diverse_training_scenario_split\data\diverse_training_scenario_split_v2\dataset\labels\val\V04_diagonal_descending__frame_0058.txt,8341AD8EC4FD34D29666221112357A953FCD78C6BE959257094B03F0A8D84AC7,31507A8B39EC39AE3316ED4C471D6B16C2FA98FD17B5D2E233F5585D3AEE9F60,C50FD676474CA998DF0F2C7F85F387375096AE575D6C98ECF777259A15ADBE29,6CA4B0BD69252426,1,1,False,val
V04_diagonal_descending,5104,67,6.6,"[-14.866666666666667, 3.833333333333334, 58.86666666666667]",C:\Users\lab\Counterfactual-XAI-Verifier\experiments\yolov8_search_comparison\diverse_training_scenario_split\data\diverse_training_scenario_split_v2\dataset\images\val\V04_diagonal_descending__frame_0067.png,C:\Users\lab\Counterfactual-XAI-Verifier\experiments\yolov8_search_comparison\diverse_training_scenario_split\data\diverse_training_scenario_split_v2\dataset\labels\val\V04_diagonal_descending__frame_0067.txt,3103AC06EBF11904B1642E12E5F39BA23D98F27F813EBE07C27F3ADC87AB6599,6DA4FE91F25624049B4D8E9CACB49D3673F09F6C04DA1BA9D88B04F7CD76BCF6,FA3094BBD29FFBCA8ED868EE9210C07783CE823869D019BD9F2969643593CE7D,2CB4B690DC343436,1,1,False,val
V04_diagonal_descending,5104,77,7.6,"[-12.42222222222222, 2.4444444444444446, 58.08888888888889]",C:\Users\lab\Counterfactual-XAI-Verifier\experiments\yolov8_search_comparison\diverse_training_scenario_split\data\diverse_training_scenario_split_v2\dataset\images\val\V04_diagonal_descending__frame_0077.png,C:\Users\lab\Counterfactual-XAI-Verifier\experiments\yolov8_search_comparison\diverse_training_scenario_split\data\diverse_training_scenario_split_v2\dataset\labels\val\V04_diagonal_descending__frame_0077.txt,1F54218D38515E551D831D4E8B8B7E491EA4F2471E483216A08146D5EEC8EEE5,8C498291F64BFFBB24C668F9EC40396F5A22A359CBFA1A694D717AE23BE1196A,DADEAB207AE581A72C3DBDA0AD394B2B1DEF37CFDD9EF545EB8969762A8B8E03,84369292D8D63632,1,1,False,val
V04_diagonal_descending,5104,86,8.5,"[-10.222222222222221, 1.1944444444444446, 57.388888888888886]",C:\Users\lab\Counterfactual-XAI-Verifier\experiments\yolov8_search_comparison\diverse_training_scenario_split\data\diverse_training_scenario_split_v2\dataset\images\val\V04_diagonal_descending__frame_0086.png,C:\Users\lab\Counterfactual-XAI-Verifier\experiments\yolov8_search_comparison\diverse_training_scenario_split\data\diverse_training_scenario_split_v2\dataset\labels\val\V04_diagonal_descending__frame_0086.txt,41F71DDD84E3DB04892A891D0D8F54E0587BABDE9E2FE212774C11B295378A4A,D8EF8950B09C29510327F13885A32ED278AFAE17649F4E36438F5DB79D6AFA4C,969E8ACC7B47B0AF4E480E1309908CAC700DB2FDFA3F1AE45F42E083AA9D769C,A6927ADBD9D85B3B,0,1,False,val
V04_diagonal_descending,5104,96,9.5,"[-7.777777777777779, -0.19444444444444464, 56.611111111111114]",C:\Users\lab\Counterfactual-XAI-Verifier\experiments\yolov8_search_comparison\diverse_training_scenario_split\data\diverse_training_scenario_split_v2\dataset\images\val\V04_diagonal_descending__frame_0096.png,C:\Users\lab\Counterfactual-XAI-Verifier\experiments\yolov8_search_comparison\diverse_training_scenario_split\data\diverse_training_scenario_split_v2\dataset\labels\val\V04_diagonal_descending__frame_0096.txt,ADFE6D34B6FEB219EF7FCC34F0F2D0EEF71EEC7D05253AF5779582ADA72EC740,E3B0C44298FC1C149AFBF4C8996FB92427AE41E4649B934CA495991B7852B855,77B3A4AFFAE63EE644D5E665B08E44576B5B892EAE963EA34B15B30750B88760,A693997B49C84C6C,0,0,True,val
V04_diagonal_descending,5104,105,10.4,"[-5.577777777777779, -1.4444444444444429, 55.91111111111111]",C:\Users\lab\Counterfactual-XAI-Verifier\experiments\yolov8_search_comparison\diverse_training_scenario_split\data\diverse_training_scenario_split_v2\dataset\images\val\V04_diagonal_descending__frame_0105.png,C:\Users\lab\Counterfactual-XAI-Verifier\experiments\yolov8_search_comparison\diverse_training_scenario_split\data\diverse_training_scenario_split_v2\dataset\labels\val\V04_diagonal_descending__frame_0105.txt,DFAB508A75CF5DEFFD719E55CC93BEDAD0D3CFB007355634A3945211197FA401,9AA103576C772B6D3A99DCCD4EC12494C184D3D88D4F1933D1D574AB9C78A3FC,4AA170CA3FD800120E241F075010A10ADF0D2C4CCA066518319449E0127D0B56,A793958C6D8C6C6C,1,0,False,val
V04_diagonal_descending,5104,115,11.4,"[-3.133333333333333, -2.833333333333332, 55.13333333333333]",C:\Users\lab\Counterfactual-XAI-Verifier\experiments\yolov8_search_comparison\diverse_training_scenario_split\data\diverse_training_scenario_split_v2\dataset\images\val\V04_diagonal_descending__frame_0115.png,C:\Users\lab\Counterfactual-XAI-Verifier\experiments\yolov8_search_comparison\diverse_training_scenario_split\data\diverse_training_scenario_split_v2\dataset\labels\val\V04_diagonal_descending__frame_0115.txt,9DCC9038BD5E7B41F0FB9B72C311F3255EA0B47D876BE4D4F23C0AC844CC7E21,8A6AE6937FA0674B88420B4CCBC2F190C988F0DCB70077FC87DAD88425187B2C,7965494AC9E7B03F90CA0D2F567F3E1C7D6A90C3F24AB18E2BAB6609F9B7523C,B695D1CC8C6C8626,1,1,False,val
V04_diagonal_descending,5104,124,12.3,"[-0.9333333333333336, -4.083333333333332, 54.43333333333334]",C:\Users\lab\Counterfactual-XAI-Verifier\experiments\yolov8_search_comparison\diverse_training_scenario_split\data\diverse_training_scenario_split_v2\dataset\images\val\V04_diagonal_descending__frame_0124.png,C:\Users\lab\Counterfactual-XAI-Verifier\experiments\yolov8_search_comparison\diverse_training_scenario_split\data\diverse_training_scenario_split_v2\dataset\labels\val\V04_diagonal_descending__frame_0124.txt,2EC58FD959A73D0B94DD970390CE66FD812730FA3AC19E521F7355D3EEA06F60,4BBE8B33E3C24880A7786B1187E1359387F017F1F055F43FB68A9AF3E38F24D5,E6C85E7D576A45C48E4B81366E9FBAD81A11FA9ADDC8D5CDBAC3D29508BD3E43,B492DADAC6C63686,1,1,False,val
V04_diagonal_descending,5104,134,13.3,"[1.5111111111111128, -5.472222222222221, 53.65555555555555]",C:\Users\lab\Counterfactual-XAI-Verifier\experiments\yolov8_search_comparison\diverse_training_scenario_split\data\diverse_training_scenario_split_v2\dataset\images\val\V04_diagonal_descending__frame_0134.png,C:\Users\lab\Counterfactual-XAI-Verifier\experiments\yolov8_search_comparison\diverse_training_scenario_split\data\diverse_training_scenario_split_v2\dataset\labels\val\V04_diagonal_descending__frame_0134.txt,AE61E19C15964AFB2BAB4A7EDCEED4978AEFEE0CC90AE095789501AC8CC4A3EF,3070A596FA67DDFBDD8E5850FF33F613A9AA24CB8B76B4B05A788C59C6CFD07D,2760FF105A0D77A501097AC34184A202897D87124FBA9A3F88F00B1D9DA2F477,B692DB4B4D65C7DB,1,1,False,val
V04_diagonal_descending,5104,143,14.2,"[3.7111111111111086, -6.722222222222221, 52.955555555555556]",C:\Users\lab\Counterfactual-XAI-Verifier\experiments\yolov8_search_comparison\diverse_training_scenario_split\data\diverse_training_scenario_split_v2\dataset\images\val\V04_diagonal_descending__frame_0143.png,C:\Users\lab\Counterfactual-XAI-Verifier\experiments\yolov8_search_comparison\diverse_training_scenario_split\data\diverse_training_scenario_split_v2\dataset\labels\val\V04_diagonal_descending__frame_0143.txt,40665988ECBAE49368D3588EF276DCB0A01CA35C73B3AD05AEEBF3A36E69F0BD,2659161B76DEEAAB45A7E068EB23B4CBDDC26E320F40DF08871C5028E76CCDF2,8F197B9CC35FF9A8D21DA39D296039DE760B0A4F004A4921D25E6A43E3578FD6,35D2DAC949646473,1,1,False,val
V04_diagonal_descending,5104,153,15.2,"[6.1555555555555586, -8.11111111111111, 52.17777777777778]",C:\Users\lab\Counterfactual-XAI-Verifier\experiments\yolov8_search_comparison\diverse_training_scenario_split\data\diverse_training_scenario_split_v2\dataset\images\val\V04_diagonal_descending__frame_0153.png,C:\Users\lab\Counterfactual-XAI-Verifier\experiments\yolov8_search_comparison\diverse_training_scenario_split\data\diverse_training_scenario_split_v2\dataset\labels\val\V04_diagonal_descending__frame_0153.txt,E3A5C6A1EF820E8E4DC16FA0FFCF3CB15BD9D9FFA14811E6B8570FA3A8A40171,7E09E4C7847444B806AEFDFD8D594569640DA03935D5959500FB20E7805C11EE,B7DA3B238443C48A6459B9CEE71FDBCF37DDC911BAADC6982F4095FB4B048808,B152194D4C4C22A2,1,1,False,val
V04_diagonal_descending,5104,162,16.1,"[8.355555555555554, -9.36111111111111, 51.477777777777774]",C:\Users\lab\Counterfactual-XAI-Verifier\experiments\yolov8_search_comparison\diverse_training_scenario_split\data\diverse_training_scenario_split_v2\dataset\images\val\V04_diagonal_descending__frame_0162.png,C:\Users\lab\Counterfactual-XAI-Verifier\experiments\yolov8_search_comparison\diverse_training_scenario_split\data\diverse_training_scenario_split_v2\dataset\labels\val\V04_diagonal_descending__frame_0162.txt,4962B69488062A43AF0C0B245B304C3001FD3370D492511C8F3210BF60A7354C,E076985D77AC896EB11420786E25E7EE6AB6C46473A52F2DFD3D3D7298A8CD94,39567721B4C44B371EEBC159557D7E0E84E55D7B2345A5984E547CE6A6B6CA78,59592B0D6C6666A2,1,0,False,val
V04_diagonal_descending,5104,172,17.1,"[10.799999999999997, -10.75, 50.7]",C:\Users\lab\Counterfactual-XAI-Verifier\experiments\yolov8_search_comparison\diverse_training_scenario_split\data\diverse_training_scenario_split_v2\dataset\images\val\V04_diagonal_descending__frame_0172.png,C:\Users\lab\Counterfactual-XAI-Verifier\experiments\yolov8_search_comparison\diverse_training_scenario_split\data\diverse_training_scenario_split_v2\dataset\labels\val\V04_diagonal_descending__frame_0172.txt,F7713E0E7D9803671C15D3BCDC3911321C5A95BE391D74875E85E1BECCB57E8A,E3B0C44298FC1C149AFBF4C8996FB92427AE41E4649B934CA495991B7852B855,B65E604B68CC0C679CC79F9F6E8CA1244A1585398540DD682C525DDD45D59FEB,592C58142516A3B3,0,0,True,val
V04_diagonal_descending,5104,181,18.0,"[13, -12, 50]",C:\Users\lab\Counterfactual-XAI-Verifier\experiments\yolov8_search_comparison\diverse_training_scenario_split\data\diverse_training_scenario_split_v2\dataset\images\val\V04_diagonal_descending__frame_0181.png,C:\Users\lab\Counterfactual-XAI-Verifier\experiments\yolov8_search_comparison\diverse_training_scenario_split\data\diverse_training_scenario_split_v2\dataset\labels\val\V04_diagonal_descending__frame_0181.txt,E3252D52B17FF186BD5F37510E0A7E3E897F52F5569075097D367F62F4FC0321,E3B0C44298FC1C149AFBF4C8996FB92427AE41E4649B934CA495991B7852B855,498FDA77C618798BCB9FB6E0FE6178F01A22319E1384C8A8492E0D9D362BC950,4C2C2E2C0E160A0B,0,0,True,val
V05_occluded_approach,5105,1,0.0,"[-45, 7, 62]",C:\Users\lab\Counterfactual-XAI-Verifier\experiments\yolov8_search_comparison\diverse_training_scenario_split\data\diverse_training_scenario_split_v2\dataset\images\val\V05_occluded_approach__frame_0001.png,C:\Users\lab\Counterfactual-XAI-Verifier\experiments\yolov8_search_comparison\diverse_training_scenario_split\data\diverse_training_scenario_split_v2\dataset\labels\val\V05_occluded_approach__frame_0001.txt,AB2A454165EE12061798BD3F82BF23C436C80C2192F6471082D6C35B91A2FBEC,E3B0C44298FC1C149AFBF4C8996FB92427AE41E4649B934CA495991B7852B855,72421633F1C782532B02ADD45FD069D4A87D6CB51E5BCA95C42A163E7EDBE244,E020206060606060,0,0,True,val
V05_occluded_approach,5105,10,0.9,"[-42.7, 7, 61.6]",C:\Users\lab\Counterfactual-XAI-Verifier\experiments\yolov8_search_comparison\diverse_training_scenario_split\data\diverse_training_scenario_split_v2\dataset\images\val\V05_occluded_approach__frame_0010.png,C:\Users\lab\Counterfactual-XAI-Verifier\experiments\yolov8_search_comparison\diverse_training_scenario_split\data\diverse_training_scenario_split_v2\dataset\labels\val\V05_occluded_approach__frame_0010.txt,FD390B0FD9A96D20C9D34CB2282714BA38A5B4E8B38AC84A8F8532F4DDA7F697,E3B0C44298FC1C149AFBF4C8996FB92427AE41E4649B934CA495991B7852B855,09FF2F43C6CCB9D1E490DC6DE5347D7D2681CDA2D391DA6C6ECAB4C246F7CC53,54E0206060606060,0,0,True,val
V05_occluded_approach,5105,20,1.9,"[-40.144444444444446, 7, 61.15555555555556]",C:\Users\lab\Counterfactual-XAI-Verifier\experiments\yolov8_search_comparison\diverse_training_scenario_split\data\diverse_training_scenario_split_v2\dataset\images\val\V05_occluded_approach__frame_0020.png,C:\Users\lab\Counterfactual-XAI-Verifier\experiments\yolov8_search_comparison\diverse_training_scenario_split\data\diverse_training_scenario_split_v2\dataset\labels\val\V05_occluded_approach__frame_0020.txt,57052889F01078207F14217B01873104A658E1D246316FC30225A4115093B4E4,E3B0C44298FC1C149AFBF4C8996FB92427AE41E4649B934CA495991B7852B855,3DCDB057B091752FA8896C1E5627EA615800AD6B5533C066EC170AEE92F0EC2A,E4D0206060606060,0,0,True,val
V05_occluded_approach,5105,29,2.8,"[-37.84444444444444, 7, 60.75555555555555]",C:\Users\lab\Counterfactual-XAI-Verifier\experiments\yolov8_search_comparison\diverse_training_scenario_split\data\diverse_training_scenario_split_v2\dataset\images\val\V05_occluded_approach__frame_0029.png,C:\Users\lab\Counterfactual-XAI-Verifier\experiments\yolov8_search_comparison\diverse_training_scenario_split\data\diverse_training_scenario_split_v2\dataset\labels\val\V05_occluded_approach__frame_0029.txt,FCC1033943C232986BF127B5C3775F75699D188ADA7897065116579D705AC8A5,7262C6A977A43D4899A5B907E5C6CFF085F4ADB4C8ED59E60C9F10264B902976,5EF9C26887A77B30748AE3F224DE4FB1E68797BF3026BD972C10FEF16C050C60,A1B4E06060606060,0,1,False,val
V05_occluded_approach,5105,39,3.8,"[-35.28888888888889, 7, 60.31111111111111]",C:\Users\lab\Counterfactual-XAI-Verifier\experiments\yolov8_search_comparison\diverse_training_scenario_split\data\diverse_training_scenario_split_v2\dataset\images\val\V05_occluded_approach__frame_0039.png,C:\Users\lab\Counterfactual-XAI-Verifier\experiments\yolov8_search_comparison\diverse_training_scenario_split\data\diverse_training_scenario_split_v2\dataset\labels\val\V05_occluded_approach__frame_0039.txt,E4934DDDBD6AFDF31A87F3B3D2804386A5937CF44C5A31908A051839DE82A663,ED2E16391273A584B2E471B71233B5E577724B6E9BB5D595E148B11E80C57B38,24265F9E55690C6704D32DE1AE842C25488750A147BFCCB54A778118B4607EEC,A1A5B46060606060,1,1,False,val
V05_occluded_approach,5105,48,4.7,"[-32.98888888888889, 7, 59.91111111111111]",C:\Users\lab\Counterfactual-XAI-Verifier\experiments\yolov8_search_comparison\diverse_training_scenario_split\data\diverse_training_scenario_split_v2\dataset\images\val\V05_occluded_approach__frame_0048.png,C:\Users\lab\Counterfactual-XAI-Verifier\experiments\yolov8_search_comparison\diverse_training_scenario_split\data\diverse_training_scenario_split_v2\dataset\labels\val\V05_occluded_approach__frame_0048.txt,4B732A87BD9AAA169217CDCA30BADCC20440F47663239842748DA227C3FEC19A,94CA0E8C161BD181ECD06CF8F0B3F1C5B51BCFE1DF595FF4786806F7426F35EF,43CB307F62685D1011F372CFE09CF9BD5FF312463733C66721828114ED35B107,29A1A5B460606060,1,1,False,val
V05_occluded_approach,5105,58,5.7,"[-30.433333333333334, 7, 59.46666666666667]",C:\Users\lab\Counterfactual-XAI-Verifier\experiments\yolov8_search_comparison\diverse_training_scenario_split\data\diverse_training_scenario_split_v2\dataset\images\val\V05_occluded_approach__frame_0058.png,C:\Users\lab\Counterfactual-XAI-Verifier\experiments\yolov8_search_comparison\diverse_training_scenario_split\data\diverse_training_scenario_split_v2\dataset\labels\val\V05_occluded_approach__frame_0058.txt,88EB8EF492B774ABA8BE19DA3E2ECEC2A31AD14BEDC4398F03C215CB955728BF,F9892D2065FA4DD28CA4D25998BE3A489B3D5504206E8313A6DAC77888C20D21,6117D25C0EFA176FF80BCE3EE58BA653C49106705E5D371C77446BF769867D50,7929A1A5A460E060,1,1,False,val
V05_occluded_approach,5105,67,6.6,"[-28.133333333333333, 7, 59.06666666666667]",C:\Users\lab\Counterfactual-XAI-Verifier\experiments\yolov8_search_comparison\diverse_training_scenario_split\data\diverse_training_scenario_split_v2\dataset\images\val\V05_occluded_approach__frame_0067.png,C:\Users\lab\Counterfactual-XAI-Verifier\experiments\yolov8_search_comparison\diverse_training_scenario_split\data\diverse_training_scenario_split_v2\dataset\labels\val\V05_occluded_approach__frame_0067.txt,B541433C40D922F44935C0DBE69FC93FB123386EBF333C22D3624DDDFABD04E6,E09720F3ACBDAD40CD13B860D83F07F3BD67964C878EE46B93FB29E7C9ABA8C7,8A4D7892C27DAC4E795A74EB7E50CDF9697622043F73A039D404F8EF6B9B64BA,697921A1A4A060E0,1,1,False,val
V05_occluded_approach,5105,77,7.6,"[-25.57777777777778, 7, 58.62222222222222]",C:\Users\lab\Counterfactual-XAI-Verifier\experiments\yolov8_search_comparison\diverse_training_scenario_split\data\diverse_training_scenario_split_v2\dataset\images\val\V05_occluded_approach__frame_0077.png,C:\Users\lab\Counterfactual-XAI-Verifier\experiments\yolov8_search_comparison\diverse_training_scenario_split\data\diverse_training_scenario_split_v2\dataset\labels\val\V05_occluded_approach__frame_0077.txt,6FF0E10CAEA058A9C93F016741B834EF2FE6841509501276B4AA4911641B101C,5BDCCD4153D317310056B855B269C20E40F3DCE169A9359496A391BD5A20D911,896EC198C8DC145D9754A08DDB5D473A5F010D5BD7E8DCD46FFCBD6BAC022896,3269796561A5A460,1,1,False,val
V05_occluded_approach,5105,86,8.5,"[-23.27777777777778, 7, 58.22222222222222]",C:\Users\lab\Counterfactual-XAI-Verifier\experiments\yolov8_search_comparison\diverse_training_scenario_split\data\diverse_training_scenario_split_v2\dataset\images\val\V05_occluded_approach__frame_0086.png,C:\Users\lab\Counterfactual-XAI-Verifier\experiments\yolov8_search_comparison\diverse_training_scenario_split\data\diverse_training_scenario_split_v2\dataset\labels\val\V05_occluded_approach__frame_0086.txt,BFFD244FAA6332F6E7D29E65C0F60C0D5147D18DC8D7C1AC6D1E9E1458616319,A4909EB6344AD2B7C724A24686FB5EFD386662E88853040F12CCA2924230410A,394458EDAD9622D9F1AA11BDCDD4877A8723DF67A7AEAD2363675E3424495976,B26A697D65612524,1,1,False,val
V05_occluded_approach,5105,96,9.5,"[-20.72222222222222, 7, 57.77777777777778]",C:\Users\lab\Counterfactual-XAI-Verifier\experiments\yolov8_search_comparison\diverse_training_scenario_split\data\diverse_training_scenario_split_v2\dataset\images\val\V05_occluded_approach__frame_0096.png,C:\Users\lab\Counterfactual-XAI-Verifier\experiments\yolov8_search_comparison\diverse_training_scenario_split\data\diverse_training_scenario_split_v2\dataset\labels\val\V05_occluded_approach__frame_0096.txt,A2E2F57DC2C2955EA7617BAD3A3E40BF7CDCDB3E6A5ECA808018E3FB04625691,D412AB1D36DB48342A02BDF52F0739ACAB537410676835743263CA42C440149F,87F34657AA9D7C8D755EC6D7C438058A2418B3A160B10F4B9C81B71150A67318,20B26A695C646560,1,1,False,val
V05_occluded_approach,5105,105,10.4,"[-18.422222222222224, 7, 57.37777777777778]",C:\Users\lab\Counterfactual-XAI-Verifier\experiments\yolov8_search_comparison\diverse_training_scenario_split\data\diverse_training_scenario_split_v2\dataset\images\val\V05_occluded_approach__frame_0105.png,C:\Users\lab\Counterfactual-XAI-Verifier\experiments\yolov8_search_comparison\diverse_training_scenario_split\data\diverse_training_scenario_split_v2\dataset\labels\val\V05_occluded_approach__frame_0105.txt,EEB9FC16F90C1A0EB8C30DA160144F0747588A8AC22D95894A957B10C0CB08B1,279F4606D1B933D2B8B2866CD39DADC3C64774C845748D9EF1DF3BF25C33D6FB,0BB7F50F8F8627BF9E0AE591F27D3ACEA0E3C355F0006B3741BF92864FE9865A,6932B26A69584C44,1,1,False,val
V05_occluded_approach,5105,115,11.4,"[-15.866666666666667, 7, 56.93333333333334]",C:\Users\lab\Counterfactual-XAI-Verifier\experiments\yolov8_search_comparison\diverse_training_scenario_split\data\diverse_training_scenario_split_v2\dataset\images\val\V05_occluded_approach__frame_0115.png,C:\Users\lab\Counterfactual-XAI-Verifier\experiments\yolov8_search_comparison\diverse_training_scenario_split\data\diverse_training_scenario_split_v2\dataset\labels\val\V05_occluded_approach__frame_0115.txt,2446CCB67347FE354188C13F108933BEAFFAD6A3CF3737BEA1CE9B8F2296FA5D,0A691F8E35EAA1A57E6537F6F1BE013C70951F777D630D39907F8B647541087E,F49605CDD105A7DD00937DDF832180AE8D5E217F98911760AB91E03F917BCA15,696D32B27A6A495C,0,1,False,val
V05_occluded_approach,5105,124,12.3,"[-13.566666666666666, 7, 56.53333333333333]",C:\Users\lab\Counterfactual-XAI-Verifier\experiments\yolov8_search_comparison\diverse_training_scenario_split\data\diverse_training_scenario_split_v2\dataset\images\val\V05_occluded_approach__frame_0124.png,C:\Users\lab\Counterfactual-XAI-Verifier\experiments\yolov8_search_comparison\diverse_training_scenario_split\data\diverse_training_scenario_split_v2\dataset\labels\val\V05_occluded_approach__frame_0124.txt,288A591C3BAEFDE55F60CFC3AD7E61BFA7B5D39B8AB623F224357729E10B43B0,E3B0C44298FC1C149AFBF4C8996FB92427AE41E4649B934CA495991B7852B855,2A53F1B9A8B41895C40837C6D490CD331C65C659185F22C07C110AE165396D8B,494D6562527A4ACD,0,0,True,val
V05_occluded_approach,5105,134,13.3,"[-11.011111111111106, 7, 56.08888888888889]",C:\Users\lab\Counterfactual-XAI-Verifier\experiments\yolov8_search_comparison\diverse_training_scenario_split\data\diverse_training_scenario_split_v2\dataset\images\val\V05_occluded_approach__frame_0134.png,C:\Users\lab\Counterfactual-XAI-Verifier\experiments\yolov8_search_comparison\diverse_training_scenario_split\data\diverse_training_scenario_split_v2\dataset\labels\val\V05_occluded_approach__frame_0134.txt,F714D9D0D7001F544C6F788DE94B1F6F7E4AF898E37DDE317E367478D524A2A1,E3B0C44298FC1C149AFBF4C8996FB92427AE41E4649B934CA495991B7852B855,96E8F7BBFFC9DA27F219E01CEC263B9A578321A65392AFE3DFCF675DE5823614,6A494D456252D2E8,0,0,True,val
V05_occluded_approach,5105,143,14.2,"[-8.711111111111116, 7, 55.68888888888889]",C:\Users\lab\Counterfactual-XAI-Verifier\experiments\yolov8_search_comparison\diverse_training_scenario_split\data\diverse_training_scenario_split_v2\dataset\images\val\V05_occluded_approach__frame_0143.png,C:\Users\lab\Counterfactual-XAI-Verifier\experiments\yolov8_search_comparison\diverse_training_scenario_split\data\diverse_training_scenario_split_v2\dataset\labels\val\V05_occluded_approach__frame_0143.txt,AD0160C9967B77388E6621D64D827EE069462F66D1754C110C2FE74D89366CDA,068D32DA0AC4F2BC108A04FAFA44D5EA68D2242F86AF6AF557605AEFDA6EC57C,A8E4967738CBB08538B60C76E195721B5739255CF01026365CE7544188670528,9A6BC8CC45624052,0,1,False,val
V05_occluded_approach,5105,153,15.2,"[-6.1555555555555586, 7, 55.24444444444445]",C:\Users\lab\Counterfactual-XAI-Verifier\experiments\yolov8_search_comparison\diverse_training_scenario_split\data\diverse_training_scenario_split_v2\dataset\images\val\V05_occluded_approach__frame_0153.png,C:\Users\lab\Counterfactual-XAI-Verifier\experiments\yolov8_search_comparison\diverse_training_scenario_split\data\diverse_training_scenario_split_v2\dataset\labels\val\V05_occluded_approach__frame_0153.txt,C86C0BC4F76A3A0AC7C0CBC5041AD6805DB3ECA583593B02E9889D895CFC00E0,1B1B64DFC7628B14664DA21F8478CFF210E484CEA35462440B278C138F1859B6,9AFE9035D960A3C48CA6BF323D0DDDC1FBF1BC0CF07F041B119E08D340F771C7,929A4969CCC4C4E2,1,1,False,val
V05_occluded_approach,5105,162,16.1,"[-3.8555555555555543, 7, 54.84444444444444]",C:\Users\lab\Counterfactual-XAI-Verifier\experiments\yolov8_search_comparison\diverse_training_scenario_split\data\diverse_training_scenario_split_v2\dataset\images\val\V05_occluded_approach__frame_0162.png,C:\Users\lab\Counterfactual-XAI-Verifier\experiments\yolov8_search_comparison\diverse_training_scenario_split\data\diverse_training_scenario_split_v2\dataset\labels\val\V05_occluded_approach__frame_0162.txt,A9A6A5C7BF20F8ACD58436F0D1A8313AA8AAE6E8F5CCB8224BE822DF6FA5F2F5,F333CFF07198CEB2EED3952ABE3EE5A5487F7D47A440C61588384EE5AC403339,97D94C07BCEF4C76D1FE59B8100EDBED3F6CBAC26564A85523B14876A1C2B10D,32929A49C958CCC4,1,1,False,val
V05_occluded_approach,5105,172,17.1,"[-1.3000000000000043, 7, 54.4]",C:\Users\lab\Counterfactual-XAI-Verifier\experiments\yolov8_search_comparison\diverse_training_scenario_split\data\diverse_training_scenario_split_v2\dataset\images\val\V05_occluded_approach__frame_0172.png,C:\Users\lab\Counterfactual-XAI-Verifier\experiments\yolov8_search_comparison\diverse_training_scenario_split\data\diverse_training_scenario_split_v2\dataset\labels\val\V05_occluded_approach__frame_0172.txt,8A6ACA631BA39C1C75F0290D0A8B0316BB1F12E12EC2E2C71B678B66F7EBD3FF,887AD8656AFDB178A1D385B18F0B66B6CBA6DD78540438C8327D675872B48D6C,CE5BB5ABCA94EFF5ADD15C49BB874BCC84D77CEC804E0C338E058B91F52F59BB,2830929959C9C9C8,1,1,False,val
V05_occluded_approach,5105,181,18.0,"[1, 7, 54]",C:\Users\lab\Counterfactual-XAI-Verifier\experiments\yolov8_search_comparison\diverse_training_scenario_split\data\diverse_training_scenario_split_v2\dataset\images\val\V05_occluded_approach__frame_0181.png,C:\Users\lab\Counterfactual-XAI-Verifier\experiments\yolov8_search_comparison\diverse_training_scenario_split\data\diverse_training_scenario_split_v2\dataset\labels\val\V05_occluded_approach__frame_0181.txt,7340451FC236BC91FE8EEDE1BAC82FA278E47B7A4BCE71662204AA82EE1D4641,0B28F2A856E23677F36C33DD0A1DE053E9F7F95EF4B5C25F434EB84E25D597B2,A46CED70116982682AEB9CF17FABCDD59F7A4C68F32ED19B7CD21006F409E975,6D42401211D9D9C9,1,1,False,val
