scenario_id,seed,source_frame_number,time_seconds,uav_xyz,image_path,label_path,image_sha256,label_sha256,frame_pair_sha256,perceptual_dhash64,person_gt,vehicle_gt,label_empty,split
T01_east_level_low,4101,1,0.0,"[-32, -4, 52]",C:\Users\lab\Counterfactual-XAI-Verifier\experiments\yolov8_search_comparison\diverse_training_scenario_split\data\diverse_training_scenario_split_v1\dataset\images\train\T01_east_level_low__frame_0001.png,C:\Users\lab\Counterfactual-XAI-Verifier\experiments\yolov8_search_comparison\diverse_training_scenario_split\data\diverse_training_scenario_split_v1\dataset\labels\train\T01_east_level_low__frame_0001.txt,BEE2ACE1963BE98EDD20282AA62DBF4C4FAF5C25E07D68236F2E044C572F6D9D,E3B0C44298FC1C149AFBF4C8996FB92427AE41E4649B934CA495991B7852B855,EE49634AAE87341042DC1CC6AAB888825EFD413DA3305F484C168161F3E09B0E,939B0E1606060606,0,0,True,train
T01_east_level_low,4101,10,0.9,"[-29.5, -4, 52]",C:\Users\lab\Counterfactual-XAI-Verifier\experiments\yolov8_search_comparison\diverse_training_scenario_split\data\diverse_training_scenario_split_v1\dataset\images\train\T01_east_level_low__frame_0010.png,C:\Users\lab\Counterfactual-XAI-Verifier\experiments\yolov8_search_comparison\diverse_training_scenario_split\data\diverse_training_scenario_split_v1\dataset\labels\train\T01_east_level_low__frame_0010.txt,9FFBC02D96B75131D9D39C6ABCBE14BAC031C19DABEFDEC1DF46A7F42F84F0F4,E3B0C44298FC1C149AFBF4C8996FB92427AE41E4649B934CA495991B7852B855,5972D9FA00B350A1662236239A942607319D962C9B47D80D4CEB02C67753C8ED,97939B6E06070607,0,0,True,train
T01_east_level_low,4101,20,1.9,"[-26.72222222222222, -4, 52]",C:\Users\lab\Counterfactual-XAI-Verifier\experiments\yolov8_search_comparison\diverse_training_scenario_split\data\diverse_training_scenario_split_v1\dataset\images\train\T01_east_level_low__frame_0020.png,C:\Users\lab\Counterfactual-XAI-Verifier\experiments\yolov8_search_comparison\diverse_training_scenario_split\data\diverse_training_scenario_split_v1\dataset\labels\train\T01_east_level_low__frame_0020.txt,E3772BBADE2CD1E14A76630BE7107D87A31A53DE2D64A18722525DAE3EFEBD13,39F82D15E5E0C248A3A3AF9CFA65BECB94DA8E5BBCEBF89E2CE25A7477914B89,27655D19B00B4CEE52A1D03D59F8B064AA00067999C92E9D5507DA3413406421,66B697935B870F07,1,0,False,train
T01_east_level_low,4101,29,2.8,"[-24.22222222222222, -4, 52]",C:\Users\lab\Counterfactual-XAI-Verifier\experiments\yolov8_search_comparison\diverse_training_scenario_split\data\diverse_training_scenario_split_v1\dataset\images\train\T01_east_level_low__frame_0029.png,C:\Users\lab\Counterfactual-XAI-Verifier\experiments\yolov8_search_comparison\diverse_training_scenario_split\data\diverse_training_scenario_split_v1\dataset\labels\train\T01_east_level_low__frame_0029.txt,F26913FC638812F6A239ACED7D19E16251AB8D2EC839646FB10AF8567A55A369,0A54F25BC5F08C0980E2AFAC08A2136FCFBD8344461688FC009CAC7224EFF667,0DDF6939748B216DC8DA1BFA1EBC8FCC0398B7FFADA69DDF302716148B4B6E9E,42663697939A4B07,1,1,False,train
T01_east_level_low,4101,39,3.8,"[-21.444444444444443, -4, 52]",C:\Users\lab\Counterfactual-XAI-Verifier\experiments\yolov8_search_comparison\diverse_training_scenario_split\data\diverse_training_scenario_split_v1\dataset\images\train\T01_east_level_low__frame_0039.png,C:\Users\lab\Counterfactual-XAI-Verifier\experiments\yolov8_search_comparison\diverse_training_scenario_split\data\diverse_training_scenario_split_v1\dataset\labels\train\T01_east_level_low__frame_0039.txt,BA3A6FCB03BB588529CE31DFB4A979A2A407F3B38CD6730A2545E0C38ACC882B,F578705476734E685949FD47D60F3BFB56B008A8B71A81FB553AE5530A733BDB,13AB13A3D9FAE2A1A420B9F561B1AD63EBEB9EC804A816FF15157181F677BCD2,C75346663633131A,1,1,False,train
T01_east_level_low,4101,48,4.7,"[-18.944444444444443, -4, 52]",C:\Users\lab\Counterfactual-XAI-Verifier\experiments\yolov8_search_comparison\diverse_training_scenario_split\data\diverse_training_scenario_split_v1\dataset\images\train\T01_east_level_low__frame_0048.png,C:\Users\lab\Counterfactual-XAI-Verifier\experiments\yolov8_search_comparison\diverse_training_scenario_split\data\diverse_training_scenario_split_v1\dataset\labels\train\T01_east_level_low__frame_0048.txt,EACD04AABAF26D04346996CA732A334CBCE4B07202B580FE689B4E4473E1B004,92D7A20F455065DDA863DCFFC03FAD9C8DEAC83A761A363CFFF77165D4C702FE,457A3CA9184891A3A836CEDAAAFB854E04BF415FDEE746242BB797D3061B8CA0,96CED2C7C7E73733,1,1,False,train
T01_east_level_low,4101,58,5.7,"[-16.166666666666668, -4, 52]",C:\Users\lab\Counterfactual-XAI-Verifier\experiments\yolov8_search_comparison\diverse_training_scenario_split\data\diverse_training_scenario_split_v1\dataset\images\train\T01_east_level_low__frame_0058.png,C:\Users\lab\Counterfactual-XAI-Verifier\experiments\yolov8_search_comparison\diverse_training_scenario_split\data\diverse_training_scenario_split_v1\dataset\labels\train\T01_east_level_low__frame_0058.txt,67500F06342E3F2B2E35F3BB17976D44692A2DFC95A31009AA1C62D65C72F13D,3F193DD1698F21027864A9F872E3B891EA47FF3D046FA2A100E92DD072DA4868,5350337FB83DF1F820BA4A329758F3FC060D35C86159AB6B10D2559C5DF8522A,B6928E86D3D6C7E7,1,1,False,train
T01_east_level_low,4101,67,6.6,"[-13.666666666666668, -4, 52]",C:\Users\lab\Counterfactual-XAI-Verifier\experiments\yolov8_search_comparison\diverse_training_scenario_split\data\diverse_training_scenario_split_v1\dataset\images\train\T01_east_level_low__frame_0067.png,C:\Users\lab\Counterfactual-XAI-Verifier\experiments\yolov8_search_comparison\diverse_training_scenario_split\data\diverse_training_scenario_split_v1\dataset\labels\train\T01_east_level_low__frame_0067.txt,0F537D05A4D6592506430A8DD55808B08037BDCFA06AB47D755D3B199AD3D0A9,4EE26EDED4999B49AA5E40C993F7EA92710D72C73C4088E808205D150ACCB3C7,8ABFECC6F912436CDBE5B9EAFF3E1698DFA31A8D875CB04F4F1BA459B07CCF9E,3636B2868E93D3D7,0,1,False,train
T01_east_level_low,4101,77,7.6,"[-10.88888888888889, -4, 52]",C:\Users\lab\Counterfactual-XAI-Verifier\experiments\yolov8_search_comparison\diverse_training_scenario_split\data\diverse_training_scenario_split_v1\dataset\images\train\T01_east_level_low__frame_0077.png,C:\Users\lab\Counterfactual-XAI-Verifier\experiments\yolov8_search_comparison\diverse_training_scenario_split\data\diverse_training_scenario_split_v1\dataset\labels\train\T01_east_level_low__frame_0077.txt,4F81EF04ED844E00877D76404B4429BC1165B9B10903BEE18BE4630DB7FFAF0E,E44012615955F612427226CB7B323F825EAEEF56668A2E49B47677CCAEE45D24,2DC3FA134C62FF1476074FF105D44FF116074E6793B16D4987624A38E47E99E6,92363617330FCF13,0,1,False,train
T01_east_level_low,4101,86,8.5,"[-8.38888888888889, -4, 52]",C:\Users\lab\Counterfactual-XAI-Verifier\experiments\yolov8_search_comparison\diverse_training_scenario_split\data\diverse_training_scenario_split_v1\dataset\images\train\T01_east_level_low__frame_0086.png,C:\Users\lab\Counterfactual-XAI-Verifier\experiments\yolov8_search_comparison\diverse_training_scenario_split\data\diverse_training_scenario_split_v1\dataset\labels\train\T01_east_level_low__frame_0086.txt,1EEB86FFD8A3EDE2F105DCB313B3BCA7997FAAF7B34FB36D40145C7CB1BF0938,E3B0C44298FC1C149AFBF4C8996FB92427AE41E4649B934CA495991B7852B855,3B9DC6ADD17899F00B4BD2DA0210486ABEE07488C25B6DF8A49D4559E9446210,C62BB3373653330F,0,0,True,train
T01_east_level_low,4101,96,9.5,"[-5.611111111111111, -4, 52]",C:\Users\lab\Counterfactual-XAI-Verifier\experiments\yolov8_search_comparison\diverse_training_scenario_split\data\diverse_training_scenario_split_v1\dataset\images\train\T01_east_level_low__frame_0096.png,C:\Users\lab\Counterfactual-XAI-Verifier\experiments\yolov8_search_comparison\diverse_training_scenario_split\data\diverse_training_scenario_split_v1\dataset\labels\train\T01_east_level_low__frame_0096.txt,16BED8AB12775AB8C7A9F07773B6EFD55C10227904EB7131C632E12B9C1F1537,928175946F77D063FAD0B19AF4C61071D58953A7DF1B61DB7A4C17AF7BAE1D40,4804A56E02CA2FCC9DE2C7024B93B2F74A6164631764B1D63CDC065F8DA12958,CAC61E4733373653,1,0,False,train
T01_east_level_low,4101,105,10.4,"[-3.1111111111111143, -4, 52]",C:\Users\lab\Counterfactual-XAI-Verifier\experiments\yolov8_search_comparison\diverse_training_scenario_split\data\diverse_training_scenario_split_v1\dataset\images\train\T01_east_level_low__frame_0105.png,C:\Users\lab\Counterfactual-XAI-Verifier\experiments\yolov8_search_comparison\diverse_training_scenario_split\data\diverse_training_scenario_split_v1\dataset\labels\train\T01_east_level_low__frame_0105.txt,952E37C1C703988022DD3A8A3714FBEF58CA4D8692A8E34AE596CF7590CB7801,74C557BF49A600C613DF40FA024907B6AB9B6FC151741D777B80EB5332E7F6D7,EF27F415A72208A65395641AF82155A6BC98FC4D6E9D45B5A491CB4104313C34,DADAC28E668713B7,1,1,False,train
T01_east_level_low,4101,115,11.4,"[-0.3333333333333357, -4, 52]",C:\Users\lab\Counterfactual-XAI-Verifier\experiments\yolov8_search_comparison\diverse_training_scenario_split\data\diverse_training_scenario_split_v1\dataset\images\train\T01_east_level_low__frame_0115.png,C:\Users\lab\Counterfactual-XAI-Verifier\experiments\yolov8_search_comparison\diverse_training_scenario_split\data\diverse_training_scenario_split_v1\dataset\labels\train\T01_east_level_low__frame_0115.txt,A69F04ADC27BE8600CA0EA50225C5E83EEC636A7471911B4A9E0D58D72BB1B77,4CE53A886046FF3254D4ED23D1EBCD4C75FF2F3A4166208FA5ACFD191B14D17D,A6658B90E2BD4C44B4C4931FC8EE2CEBF947193F1A9736308DA02AC05C52EC33,B2989ACA869B6787,1,1,False,train
T01_east_level_low,4101,124,12.3,"[2.1666666666666643, -4, 52]",C:\Users\lab\Counterfactual-XAI-Verifier\experiments\yolov8_search_comparison\diverse_training_scenario_split\data\diverse_training_scenario_split_v1\dataset\images\train\T01_east_level_low__frame_0124.png,C:\Users\lab\Counterfactual-XAI-Verifier\experiments\yolov8_search_comparison\diverse_training_scenario_split\data\diverse_training_scenario_split_v1\dataset\labels\train\T01_east_level_low__frame_0124.txt,C506FFFE58E5BDA5E064F27F7242DA32BF5AEA88ACB60F86048CB07BEF587418,5A3000676AEA4D6FA1E25CB7F45068466C744D7A2EBAEBF1E5AEB8C04650F573,7A4B75E4592AE787D186EAC8012D7F4A85DD76753F4792865C5E0CB2645FDC5B,26B298899BCB8F93,1,1,False,train
T01_east_level_low,4101,134,13.3,"[4.944444444444443, -4, 52]",C:\Users\lab\Counterfactual-XAI-Verifier\experiments\yolov8_search_comparison\diverse_training_scenario_split\data\diverse_training_scenario_split_v1\dataset\images\train\T01_east_level_low__frame_0134.png,C:\Users\lab\Counterfactual-XAI-Verifier\experiments\yolov8_search_comparison\diverse_training_scenario_split\data\diverse_training_scenario_split_v1\dataset\labels\train\T01_east_level_low__frame_0134.txt,A38A904374A46CA49D1EC74AC567B071B0E602936735BF5C898B9F795965F7BD,B863080DD8CE517C091097BB313DB809D044C5418D7AE14AEC580B77A3281994,A1275EA2645B227E6CFBAA97ED3928A71D4E02C9B1A9A9211DCCF10AA6AF4171,6EA6363239A9998B,1,1,False,train
T01_east_level_low,4101,143,14.2,"[7.444444444444443, -4, 52]",C:\Users\lab\Counterfactual-XAI-Verifier\experiments\yolov8_search_comparison\diverse_training_scenario_split\data\diverse_training_scenario_split_v1\dataset\images\train\T01_east_level_low__frame_0143.png,C:\Users\lab\Counterfactual-XAI-Verifier\experiments\yolov8_search_comparison\diverse_training_scenario_split\data\diverse_training_scenario_split_v1\dataset\labels\train\T01_east_level_low__frame_0143.txt,E315EB40ED971330B67D225FD5AB18072D82CEFC9E69DF8A0FE1ED3E497EBC34,C2DE55A23D09AEE193C14BB82746A32D4D12DC4754D0535290A8131494BD81FB,E43919250CE9394A8311268BE6DC6EA995968D061EA9C1BE7856326B56CAEA23,66662AA633333DA9,0,1,False,train
T01_east_level_low,4101,153,15.2,"[10.222222222222221, -4, 52]",C:\Users\lab\Counterfactual-XAI-Verifier\experiments\yolov8_search_comparison\diverse_training_scenario_split\data\diverse_training_scenario_split_v1\dataset\images\train\T01_east_level_low__frame_0153.png,C:\Users\lab\Counterfactual-XAI-Verifier\experiments\yolov8_search_comparison\diverse_training_scenario_split\data\diverse_training_scenario_split_v1\dataset\labels\train\T01_east_level_low__frame_0153.txt,EF8C66FEA2DD1D23DD70DED661BA86A8E8C88EE658D2EA18B49BD82711003A30,010F03D460B4ECC43142CF3EBD0947C812DC5F281F633B20D5FFBEFBF222F2C9,D2F89B21E9418CD00DDDE23138257D6876D5E18C3C686843BB0A0711A0AD7019,4E66E6EF5BA73313,0,1,False,train
T01_east_level_low,4101,162,16.1,"[12.722222222222221, -4, 52]",C:\Users\lab\Counterfactual-XAI-Verifier\experiments\yolov8_search_comparison\diverse_training_scenario_split\data\diverse_training_scenario_split_v1\dataset\images\train\T01_east_level_low__frame_0162.png,C:\Users\lab\Counterfactual-XAI-Verifier\experiments\yolov8_search_comparison\diverse_training_scenario_split\data\diverse_training_scenario_split_v1\dataset\labels\train\T01_east_level_low__frame_0162.txt,8DD9DA7A5498BA672FBCB29627C463C9A5F8B11DBD8213CAA59345923CACFA35,0825269BC335CE2163D1D57077306811F9098AF9A2A3B9D0B06C06BEB364DA24,50A5BB288C9F9C9FC5FB1ACCD7C86EA4CC4ABA6BF4769110D6E3184960CF3531,B74F46E6C72B5B27,1,0,False,train
T01_east_level_low,4101,172,17.1,"[15.5, -4, 52]",C:\Users\lab\Counterfactual-XAI-Verifier\experiments\yolov8_search_comparison\diverse_training_scenario_split\data\diverse_training_scenario_split_v1\dataset\images\train\T01_east_level_low__frame_0172.png,C:\Users\lab\Counterfactual-XAI-Verifier\experiments\yolov8_search_comparison\diverse_training_scenario_split\data\diverse_training_scenario_split_v1\dataset\labels\train\T01_east_level_low__frame_0172.txt,ED64F473D38970695E6EBA3244E8437160CA1FF799072D6FAC2BFED57027DF01,A5C3704BCFEE7E2CDC0A1711C6A422926AC2D66F71FB0F787E6EC325B4BD9B89,99C5DB15E6584D2839FF5C2F1169F0E35593CEF95C18CCC5A3ACFA532BE63D9B,8CB677CE47E7CB6B,1,1,False,train
T01_east_level_low,4101,181,18.0,"[18, -4, 52]",C:\Users\lab\Counterfactual-XAI-Verifier\experiments\yolov8_search_comparison\diverse_training_scenario_split\data\diverse_training_scenario_split_v1\dataset\images\train\T01_east_level_low__frame_0181.png,C:\Users\lab\Counterfactual-XAI-Verifier\experiments\yolov8_search_comparison\diverse_training_scenario_split\data\diverse_training_scenario_split_v1\dataset\labels\train\T01_east_level_low__frame_0181.txt,93B9FF6060332CB3767E631FBAE5302D6FEE50DEDBB5D4159690B5EA2888CA7E,A51A422F9B2960995BD12C610D789537E6ADF88CA04081FC620A5460225940FF,A91A63B2D6A844257C78B07D7F13E5B0B744076127E2C3457C650FDAB3AE746A,A6AC9676C7DFC7E7,1,1,False,train
T02_east_level_high,4102,1,0.0,"[-28, 6, 60]",C:\Users\lab\Counterfactual-XAI-Verifier\experiments\yolov8_search_comparison\diverse_training_scenario_split\data\diverse_training_scenario_split_v1\dataset\images\train\T02_east_level_high__frame_0001.png,C:\Users\lab\Counterfactual-XAI-Verifier\experiments\yolov8_search_comparison\diverse_training_scenario_split\data\diverse_training_scenario_split_v1\dataset\labels\train\T02_east_level_high__frame_0001.txt,BB8A998006A365A6BD8374EF412F33869917E8E0DFC63C419156A34442088D96,1CD4DBF810F575CBA2C6E101D78BD09A7AF8A731C6177372B51DF8DEC6E8FF73,0C277F74C7B8C0979C55D870B5E446347320314E9CCC1739BFE28FFEEABB026C,297D2DA3B1906060,1,0,False,train
T02_east_level_high,4102,10,0.9,"[-25.6, 6, 60]",C:\Users\lab\Counterfactual-XAI-Verifier\experiments\yolov8_search_comparison\diverse_training_scenario_split\data\diverse_training_scenario_split_v1\dataset\images\train\T02_east_level_high__frame_0010.png,C:\Users\lab\Counterfactual-XAI-Verifier\experiments\yolov8_search_comparison\diverse_training_scenario_split\data\diverse_training_scenario_split_v1\dataset\labels\train\T02_east_level_high__frame_0010.txt,9689CAD5094C59886CB8C5A8A8D6A5D29D1ECB913F3E459C2FB4CDC33A27479E,D330F5FF39EDD3DE151A63ECE7C4AE8103EDD223130D42A2C5F1D93D7A2DF798,959931FCDB005C7AC9743BF514CB37F2C7D7578476DE7A0AFE364A163D93A3F2,52297C24A1B1B070,1,1,False,train
T02_east_level_high,4102,20,1.9,"[-22.933333333333334, 6, 60]",C:\Users\lab\Counterfactual-XAI-Verifier\experiments\yolov8_search_comparison\diverse_training_scenario_split\data\diverse_training_scenario_split_v1\dataset\images\train\T02_east_level_high__frame_0020.png,C:\Users\lab\Counterfactual-XAI-Verifier\experiments\yolov8_search_comparison\diverse_training_scenario_split\data\diverse_training_scenario_split_v1\dataset\labels\train\T02_east_level_high__frame_0020.txt,D29D4F37C2C9FD98EF080762C3A9231CCCA2C39ADF135EC65B420B2828A1A63F,4541F7FD860AF7FF880B724253C70EC072E8276EAA224855D470F08800D7A4BD,8EF031D6C10FF2DF9E49629C1471CDBC457CE8A4D92572B0B4FF30890A95D4E6,B272695C2C24A1B0,1,1,False,train
T02_east_level_high,4102,29,2.8,"[-20.53333333333333, 6, 60]",C:\Users\lab\Counterfactual-XAI-Verifier\experiments\yolov8_search_comparison\diverse_training_scenario_split\data\diverse_training_scenario_split_v1\dataset\images\train\T02_east_level_high__frame_0029.png,C:\Users\lab\Counterfactual-XAI-Verifier\experiments\yolov8_search_comparison\diverse_training_scenario_split\data\diverse_training_scenario_split_v1\dataset\labels\train\T02_east_level_high__frame_0029.txt,8714FC2025DF37DD63E068AFC556786DEB584EE249291E426AF5EC1106F72C80,87F254C03974DAC92A88753A312A509E1F92FD398975C39DFBC3A26CD5ECB2E1,CD35BE704523D8BC58F4A07DAB9E46E12E77FCC8EB2891D05E6E9FE0270F46BF,A9B27A6A4D2C24A1,1,1,False,train
T02_east_level_high,4102,39,3.8,"[-17.866666666666667, 6, 60]",C:\Users\lab\Counterfactual-XAI-Verifier\experiments\yolov8_search_comparison\diverse_training_scenario_split\data\diverse_training_scenario_split_v1\dataset\images\train\T02_east_level_high__frame_0039.png,C:\Users\lab\Counterfactual-XAI-Verifier\experiments\yolov8_search_comparison\diverse_training_scenario_split\data\diverse_training_scenario_split_v1\dataset\labels\train\T02_east_level_high__frame_0039.txt,37B307F11DA32283D76E082685719BFE3A8BF203482A009936ABC4ECF479B6A2,F3D1C859252EE49AAEB328DF25F48AC792C2F4AD8BF5A2CC753114C9EAEADFE0,C901A2809F5F0791C76B6A2D25C865862ACF429E5BC1B7C5638A233326FF0F23,69A9B2FA686DEC24,1,1,False,train
T02_east_level_high,4102,48,4.7,"[-15.466666666666665, 6, 60]",C:\Users\lab\Counterfactual-XAI-Verifier\experiments\yolov8_search_comparison\diverse_training_scenario_split\data\diverse_training_scenario_split_v1\dataset\images\train\T02_east_level_high__frame_0048.png,C:\Users\lab\Counterfactual-XAI-Verifier\experiments\yolov8_search_comparison\diverse_training_scenario_split\data\diverse_training_scenario_split_v1\dataset\labels\train\T02_east_level_high__frame_0048.txt,44453AF40D7EE3E2BAC3B3A1906F0D01B68726E784B5F8F7BF65D0B5D12B6611,23E43F429548978F949DBBBE8BE6287B86302BC1435ACF7248F4B24142A7B66B,16C528587B42011BEF1FE1452AC594A59D5F5AA14302C82D68197A89FE3673E5,2969A9B0F26969CD,1,1,False,train
T02_east_level_high,4102,58,5.7,"[-12.8, 6, 60]",C:\Users\lab\Counterfactual-XAI-Verifier\experiments\yolov8_search_comparison\diverse_training_scenario_split\data\diverse_training_scenario_split_v1\dataset\images\train\T02_east_level_high__frame_0058.png,C:\Users\lab\Counterfactual-XAI-Verifier\experiments\yolov8_search_comparison\diverse_training_scenario_split\data\diverse_training_scenario_split_v1\dataset\labels\train\T02_east_level_high__frame_0058.txt,89D5D75F18017F710CC5C952EEE7AA9FB4E0F8E14737ECC0BAB3CCFB08CBC134,F44EC45B644E3A337A9C61F687171A9C91EE736B5F58F643980CE00FE190A669,0549D8315B094B466C6E5EDBEB9A661A863DD56A05C27F019021E2D7EAEC87C4,5A29E92D31B26AE9,1,1,False,train
T02_east_level_high,4102,67,6.6,"[-10.400000000000002, 6, 60]",C:\Users\lab\Counterfactual-XAI-Verifier\experiments\yolov8_search_comparison\diverse_training_scenario_split\data\diverse_training_scenario_split_v1\dataset\images\train\T02_east_level_high__frame_0067.png,C:\Users\lab\Counterfactual-XAI-Verifier\experiments\yolov8_search_comparison\diverse_training_scenario_split\data\diverse_training_scenario_split_v1\dataset\labels\train\T02_east_level_high__frame_0067.txt,FA7FD41166F93A0FE4D38F7C0B9E81386FCBA9EFFF2AD4C7AB699EF97F4AD5A4,46F574097CAA992158FFFEE7E3010B0F60DA27269DDC2876C6BA4EF7B8120412,BB1DF8DE16E35FA74AFE9A9850F8654A88A6F56C78928205EEF6885E1FE6DEBB,DA5829ED2D29B16A,1,1,False,train
T02_east_level_high,4102,77,7.6,"[-7.733333333333334, 6, 60]",C:\Users\lab\Counterfactual-XAI-Verifier\experiments\yolov8_search_comparison\diverse_training_scenario_split\data\diverse_training_scenario_split_v1\dataset\images\train\T02_east_level_high__frame_0077.png,C:\Users\lab\Counterfactual-XAI-Verifier\experiments\yolov8_search_comparison\diverse_training_scenario_split\data\diverse_training_scenario_split_v1\dataset\labels\train\T02_east_level_high__frame_0077.txt,43524AEBC2046D855FE369B480AD2BEF194C0A220FC7DD476B0E36B291041A94,14F777449A96374543D6D473C70878663D111EE9A17770040F103920A2027922,434B34ABAE8D8C92D68EE0BC5EDD3A81F2214E513F8B91556A1AF31172CB988B,84DA5929E86C6911,1,1,False,train
T02_east_level_high,4102,86,8.5,"[-5.333333333333336, 6, 60]",C:\Users\lab\Counterfactual-XAI-Verifier\experiments\yolov8_search_comparison\diverse_training_scenario_split\data\diverse_training_scenario_split_v1\dataset\images\train\T02_east_level_high__frame_0086.png,C:\Users\lab\Counterfactual-XAI-Verifier\experiments\yolov8_search_comparison\diverse_training_scenario_split\data\diverse_training_scenario_split_v1\dataset\labels\train\T02_east_level_high__frame_0086.txt,1083D1C8DE7DA134DF0775BCB58F6FD2F0B2E7BA700701E1C117600A24ABEA0D,0B901A95CDA585DD15DE6C54FF2F2B202630C12AC3D79A870E805282F1D59016,A6F5A7F6972163CEA52D2BA480D0A26D8A25247428F2E1D96F0BABE29F6ABBFF,A986DA5929E96C6C,1,1,False,train
T02_east_level_high,4102,96,9.5,"[-2.6666666666666643, 6, 60]",C:\Users\lab\Counterfactual-XAI-Verifier\experiments\yolov8_search_comparison\diverse_training_scenario_split\data\diverse_training_scenario_split_v1\dataset\images\train\T02_east_level_high__frame_0096.png,C:\Users\lab\Counterfactual-XAI-Verifier\experiments\yolov8_search_comparison\diverse_training_scenario_split\data\diverse_training_scenario_split_v1\dataset\labels\train\T02_east_level_high__frame_0096.txt,5C9CC9FF5A55BF24B48DEFDFC60009175D2AEF0210041B93BAC5DAE667F46824,10DB5C32BA56A9EFCF18A0F4DE4A69F6A8DF847D1F5AB0FF5AD40CE6ABF3C259,9A6BD1A4A4D65FA73AFEF68D4C7971F8657EEC7A60CDCD83502B1E47918FA599,A9A9A6D25969E968,1,1,False,train
T02_east_level_high,4102,105,10.4,"[-0.26666666666666927, 6, 60]",C:\Users\lab\Counterfactual-XAI-Verifier\experiments\yolov8_search_comparison\diverse_training_scenario_split\data\diverse_training_scenario_split_v1\dataset\images\train\T02_east_level_high__frame_0105.png,C:\Users\lab\Counterfactual-XAI-Verifier\experiments\yolov8_search_comparison\diverse_training_scenario_split\data\diverse_training_scenario_split_v1\dataset\labels\train\T02_east_level_high__frame_0105.txt,3FF1DDC2F335E3DC7601B5A481849A8E7381FF894059840EF16155A17F6821D8,6D3AC38C257166CB50F41A425F02C3C2B742CC288FA852EDD019F60225F48F26,230C4CB0DDF7A2A6B294CFA20C143D6491219AC47A169FF86F32EC3E3E9DC1F2,A929A5A2D2DA79E9,1,1,False,train
T02_east_level_high,4102,115,11.4,"[2.3999999999999986, 6, 60]",C:\Users\lab\Counterfactual-XAI-Verifier\experiments\yolov8_search_comparison\diverse_training_scenario_split\data\diverse_training_scenario_split_v1\dataset\images\train\T02_east_level_high__frame_0115.png,C:\Users\lab\Counterfactual-XAI-Verifier\experiments\yolov8_search_comparison\diverse_training_scenario_split\data\diverse_training_scenario_split_v1\dataset\labels\train\T02_east_level_high__frame_0115.txt,9A01B331909FB418909EF78B8CA9DF2FB038BDD7C692BC9A000CAEEB265B8731,206D059A14C8E123F04A332124E61F6C8A4EACC667BC8ECF6AB9262305CF944E,0D07C7572D4E9B4BC37330E56093A3F1AD09C101D2501CE067B6505B127AF82B,182929ADA2A09258,1,1,False,train
T02_east_level_high,4102,124,12.3,"[4.799999999999997, 6, 60]",C:\Users\lab\Counterfactual-XAI-Verifier\experiments\yolov8_search_comparison\diverse_training_scenario_split\data\diverse_training_scenario_split_v1\dataset\images\train\T02_east_level_high__frame_0124.png,C:\Users\lab\Counterfactual-XAI-Verifier\experiments\yolov8_search_comparison\diverse_training_scenario_split\data\diverse_training_scenario_split_v1\dataset\labels\train\T02_east_level_high__frame_0124.txt,42FB5FB5A48AE1174607C7CB5997B8A6C6F0820E0B8E7900EFEE7113CB4575F6,60939038A3EC1346E6BDCAD1F25975F5F7D53820C5E42CE7B0FE442688C53AAD,2F5CA6AACB76E7629720F2A76C078F91778AF48F7FFE54C78C8FA77B2F0AF51C,52382929ADA2AC92,1,1,False,train
T02_east_level_high,4102,134,13.3,"[7.466666666666669, 6, 60]",C:\Users\lab\Counterfactual-XAI-Verifier\experiments\yolov8_search_comparison\diverse_training_scenario_split\data\diverse_training_scenario_split_v1\dataset\images\train\T02_east_level_high__frame_0134.png,C:\Users\lab\Counterfactual-XAI-Verifier\experiments\yolov8_search_comparison\diverse_training_scenario_split\data\diverse_training_scenario_split_v1\dataset\labels\train\T02_east_level_high__frame_0134.txt,E4D82A58689CF24F5E9D6C4A0279C6D2C4698A648FD14440909305CBF6B030EA,3C827E68D6A2BACBC45461CEAE9F67A74AFCAF209247C05492D795A4AB9DB4A3,D45CD5A0230F6D55BE6240E482AB68A1C2CECEF4276CF4F365AC76083DA9D303,52523A2929A9A0AA,1,1,False,train
T02_east_level_high,4102,143,14.2,"[9.866666666666667, 6, 60]",C:\Users\lab\Counterfactual-XAI-Verifier\experiments\yolov8_search_comparison\diverse_training_scenario_split\data\diverse_training_scenario_split_v1\dataset\images\train\T02_east_level_high__frame_0143.png,C:\Users\lab\Counterfactual-XAI-Verifier\experiments\yolov8_search_comparison\diverse_training_scenario_split\data\diverse_training_scenario_split_v1\dataset\labels\train\T02_east_level_high__frame_0143.txt,969AAC350DDEB142D5933BF92942F35B53D8C2F1838468EC3CFEA80C8544E41F,4E39217EE03CF73B792660E316822CDAA670CE5438D1878E886AA36E699B993D,1AD1F5383C34A0EB0E1722FE4F7B42E6775F7176D89CFD24DF6DA1013BB912BD,B052D23A292DA92C,2,1,False,train
T02_east_level_high,4102,153,15.2,"[12.533333333333331, 6, 60]",C:\Users\lab\Counterfactual-XAI-Verifier\experiments\yolov8_search_comparison\diverse_training_scenario_split\data\diverse_training_scenario_split_v1\dataset\images\train\T02_east_level_high__frame_0153.png,C:\Users\lab\Counterfactual-XAI-Verifier\experiments\yolov8_search_comparison\diverse_training_scenario_split\data\diverse_training_scenario_split_v1\dataset\labels\train\T02_east_level_high__frame_0153.txt,5FA398C747283E90BA6D871D012369C905AB4491739B33C02E24E7C368537F23,5DF356191024F9519F672AA0C6EE6D1D770E489007E1767B661860EC9688E26D,05AAE51F7F35416D37C3DF3FD374EA83AD5BAEBDC2EAA1415599522F02C132D0,A9B0D0D278296DAD,1,2,False,train
T02_east_level_high,4102,162,16.1,"[14.933333333333337, 6, 60]",C:\Users\lab\Counterfactual-XAI-Verifier\experiments\yolov8_search_comparison\diverse_training_scenario_split\data\diverse_training_scenario_split_v1\dataset\images\train\T02_east_level_high__frame_0162.png,C:\Users\lab\Counterfactual-XAI-Verifier\experiments\yolov8_search_comparison\diverse_training_scenario_split\data\diverse_training_scenario_split_v1\dataset\labels\train\T02_east_level_high__frame_0162.txt,C7EE9CEFF7DB128BA60A8233C7DBF34E7015E46DC9E5D2654E6CA4BA47342B93,337DEF334A89F83A76186D413AB38A26DE3FD0B3F96B2C3B5F753DEE053E881F,CF81A0B30B695391F2FACC0F9A7C831DB2DC89C9D37AB6B1CB543446B387147F,E9A9B0C0B2723969,1,1,False,train
T02_east_level_high,4102,172,17.1,"[17.599999999999994, 6, 60]",C:\Users\lab\Counterfactual-XAI-Verifier\experiments\yolov8_search_comparison\diverse_training_scenario_split\data\diverse_training_scenario_split_v1\dataset\images\train\T02_east_level_high__frame_0172.png,C:\Users\lab\Counterfactual-XAI-Verifier\experiments\yolov8_search_comparison\diverse_training_scenario_split\data\diverse_training_scenario_split_v1\dataset\labels\train\T02_east_level_high__frame_0172.txt,92C75366376590B6E2E99B86DCD8123B4E7289678D67D62679F5BFC203B7DB5D,01F4DE3F4C97F689279C72FE3CB490D70C9C3F51EA541D40DE91D77A2B7896AA,8335DE54417330FBF96EA1F4FD95DC6385D9610C0638DDCD4BD08A582B6FD57A,31E9A9B0C0B27239,1,1,False,train
T02_east_level_high,4102,181,18.0,"[20, 6, 60]",C:\Users\lab\Counterfactual-XAI-Verifier\experiments\yolov8_search_comparison\diverse_training_scenario_split\data\diverse_training_scenario_split_v1\dataset\images\train\T02_east_level_high__frame_0181.png,C:\Users\lab\Counterfactual-XAI-Verifier\experiments\yolov8_search_comparison\diverse_training_scenario_split\data\diverse_training_scenario_split_v1\dataset\labels\train\T02_east_level_high__frame_0181.txt,39761D1D730C635EEBDB990FE37EFBF9845FAA27FCC7557A238A2D7004E59ABF,77F94A3F94F91F828FF31BD7034A686D05006FA510D5187526F68FA76B467468,78A01DEC5086D424A1EF5A2946476C80E4ADBAA53BE0AFDC2465E94CFD06B24B,3079A9A97080B272,1,1,False,train
T03_east_ascending,4103,1,0.0,"[-35, -8, 46]",C:\Users\lab\Counterfactual-XAI-Verifier\experiments\yolov8_search_comparison\diverse_training_scenario_split\data\diverse_training_scenario_split_v1\dataset\images\train\T03_east_ascending__frame_0001.png,C:\Users\lab\Counterfactual-XAI-Verifier\experiments\yolov8_search_comparison\diverse_training_scenario_split\data\diverse_training_scenario_split_v1\dataset\labels\train\T03_east_ascending__frame_0001.txt,674ABAE210E926D82921E84461C1ED4059A2FB9A771E2918BD378475DEB21F10,E3B0C44298FC1C149AFBF4C8996FB92427AE41E4649B934CA495991B7852B855,8107EC19289456BE2AB53BACB1FDB68046797C8F6B2028D7A77824E99C88804A,0101010000000000,0,0,True,train
T03_east_ascending,4103,10,0.9,"[-32.5, -8, 46.8]",C:\Users\lab\Counterfactual-XAI-Verifier\experiments\yolov8_search_comparison\diverse_training_scenario_split\data\diverse_training_scenario_split_v1\dataset\images\train\T03_east_ascending__frame_0010.png,C:\Users\lab\Counterfactual-XAI-Verifier\experiments\yolov8_search_comparison\diverse_training_scenario_split\data\diverse_training_scenario_split_v1\dataset\labels\train\T03_east_ascending__frame_0010.txt,06C5371518F99B090BE126BF00F2E1E5B0F5E4421FCF816102FC42080ABBE290,E3B0C44298FC1C149AFBF4C8996FB92427AE41E4649B934CA495991B7852B855,477DDB3A689C8D8D8F804D3242D27F1160D3D2F8C465D8F0EC9AB216739EDBB6,0101010100000000,0,0,True,train
T03_east_ascending,4103,20,1.9,"[-29.72222222222222, -8, 47.68888888888889]",C:\Users\lab\Counterfactual-XAI-Verifier\experiments\yolov8_search_comparison\diverse_training_scenario_split\data\diverse_training_scenario_split_v1\dataset\images\train\T03_east_ascending__frame_0020.png,C:\Users\lab\Counterfactual-XAI-Verifier\experiments\yolov8_search_comparison\diverse_training_scenario_split\data\diverse_training_scenario_split_v1\dataset\labels\train\T03_east_ascending__frame_0020.txt,C201566EF4DD85830564FDCECDD33267C553E7443E39805A03F064884418F960,E3B0C44298FC1C149AFBF4C8996FB92427AE41E4649B934CA495991B7852B855,DDEDF28E34DDBED41AAD3DE90F473F0CF542B4A63FEE921150EE774161363B70,0603010101010000,0,0,True,train
T03_east_ascending,4103,29,2.8,"[-27.22222222222222, -8, 48.48888888888889]",C:\Users\lab\Counterfactual-XAI-Verifier\experiments\yolov8_search_comparison\diverse_training_scenario_split\data\diverse_training_scenario_split_v1\dataset\images\train\T03_east_ascending__frame_0029.png,C:\Users\lab\Counterfactual-XAI-Verifier\experiments\yolov8_search_comparison\diverse_training_scenario_split\data\diverse_training_scenario_split_v1\dataset\labels\train\T03_east_ascending__frame_0029.txt,EA4188CF5568A61211D212B83390A9C55CDE66540F2EDB62E186BFFCD04FA16D,E3B0C44298FC1C149AFBF4C8996FB92427AE41E4649B934CA495991B7852B855,1C810D3699BE59F524DF6861614CC018371E552A25E74FAD13B809B4DCEC0399,6C6C160101010000,0,0,True,train
T03_east_ascending,4103,39,3.8,"[-24.444444444444443, -8, 49.37777777777778]",C:\Users\lab\Counterfactual-XAI-Verifier\experiments\yolov8_search_comparison\diverse_training_scenario_split\data\diverse_training_scenario_split_v1\dataset\images\train\T03_east_ascending__frame_0039.png,C:\Users\lab\Counterfactual-XAI-Verifier\experiments\yolov8_search_comparison\diverse_training_scenario_split\data\diverse_training_scenario_split_v1\dataset\labels\train\T03_east_ascending__frame_0039.txt,318B60BFC6AF279D80D0B1D27DBC0E0BA1AF90A03DB9DA33025B37486ED9EB38,1FC84D7C32E60DB846F213D9F6927EE5593787B53E06A3BCA98A8D7B56734ED7,F5159340FC52896C4D4D85F401BBDA2EC5FE1FA8D02B5179CF735606C309CEC0,69CDCC4C46124101,1,0,False,train
T03_east_ascending,4103,48,4.7,"[-21.944444444444443, -8, 50.17777777777778]",C:\Users\lab\Counterfactual-XAI-Verifier\experiments\yolov8_search_comparison\diverse_training_scenario_split\data\diverse_training_scenario_split_v1\dataset\images\train\T03_east_ascending__frame_0048.png,C:\Users\lab\Counterfactual-XAI-Verifier\experiments\yolov8_search_comparison\diverse_training_scenario_split\data\diverse_training_scenario_split_v1\dataset\labels\train\T03_east_ascending__frame_0048.txt,62F1FC22670FD3BA6719C19A3B59A0A98168FCF22AA3D2399065E11008746FF1,9381C11C48E34CA332A12BDC83DEF621FED9ECDBA5B5371020E70DE82EFC4D84,684040792C6A1EEA146C84AEFF176A08D43C90D81F94780E02B209AFB9367E15,B3B169CDCC444E32,1,1,False,train
T03_east_ascending,4103,58,5.7,"[-19.166666666666668, -8, 51.06666666666666]",C:\Users\lab\Counterfactual-XAI-Verifier\experiments\yolov8_search_comparison\diverse_training_scenario_split\data\diverse_training_scenario_split_v1\dataset\images\train\T03_east_ascending__frame_0058.png,C:\Users\lab\Counterfactual-XAI-Verifier\experiments\yolov8_search_comparison\diverse_training_scenario_split\data\diverse_training_scenario_split_v1\dataset\labels\train\T03_east_ascending__frame_0058.txt,CCD13B5F6811B1EDF383BB43A04F637BE186F078688AFAF276673D201FAB4F30,0CC7089918BF59C1814979E482DCDD7EFC87197ACBCBE4CB74746471A7817FDB,D9CF7B7C8DF5FEF4E5FD883CC1ED050CC219A78C94ACEF0CE1020BA4672C929E,333333B179ACC44C,1,1,False,train
T03_east_ascending,4103,67,6.6,"[-16.666666666666668, -8, 51.86666666666667]",C:\Users\lab\Counterfactual-XAI-Verifier\experiments\yolov8_search_comparison\diverse_training_scenario_split\data\diverse_training_scenario_split_v1\dataset\images\train\T03_east_ascending__frame_0067.png,C:\Users\lab\Counterfactual-XAI-Verifier\experiments\yolov8_search_comparison\diverse_training_scenario_split\data\diverse_training_scenario_split_v1\dataset\labels\train\T03_east_ascending__frame_0067.txt,461033FD88F19A8EB1E5572C87A0C2179C82BC9B5A1C2658422CA402928BA866,DBBAE40B602EB95370ED2F7270053E1308BC26CBDD31F824E3A3FB14BA1932A0,FEFE118DCE39DBE707C4BFF83D5C56C3C9C286856AA1C873EDF4744BCC84C5ED,6D6563333331796D,1,1,False,train
T03_east_ascending,4103,77,7.6,"[-13.88888888888889, -8, 52.75555555555555]",C:\Users\lab\Counterfactual-XAI-Verifier\experiments\yolov8_search_comparison\diverse_training_scenario_split\data\diverse_training_scenario_split_v1\dataset\images\train\T03_east_ascending__frame_0077.png,C:\Users\lab\Counterfactual-XAI-Verifier\experiments\yolov8_search_comparison\diverse_training_scenario_split\data\diverse_training_scenario_split_v1\dataset\labels\train\T03_east_ascending__frame_0077.txt,D6D57FD41F97ED4256705ADE663CCFB46CAA6D8D7E91342FED6CEE4FC41A642B,CECAB92373691E65CF8CDAD5DDF7C73B264CFA37CD435E3CF7520B5FF4EE8C4F,0053CBD591BB5B04B3D04C54FC23E3331016F2C12431E5BDA406BCBABBE626F5,CD496D6563233335,0,1,False,train
T03_east_ascending,4103,86,8.5,"[-11.38888888888889, -8, 53.55555555555556]",C:\Users\lab\Counterfactual-XAI-Verifier\experiments\yolov8_search_comparison\diverse_training_scenario_split\data\diverse_training_scenario_split_v1\dataset\images\train\T03_east_ascending__frame_0086.png,C:\Users\lab\Counterfactual-XAI-Verifier\experiments\yolov8_search_comparison\diverse_training_scenario_split\data\diverse_training_scenario_split_v1\dataset\labels\train\T03_east_ascending__frame_0086.txt,7AA8EC45323BCDED94B8035164BF58697415F88663DEAEF02FFE0D8CCBCFE517,E3B0C44298FC1C149AFBF4C8996FB92427AE41E4649B934CA495991B7852B855,6A856DD9F40EA518CB829A4ABF35F6146D5B1E3393AF2FC3B826F5D60566C525,234DCDCD2D617363,0,0,True,train
T03_east_ascending,4103,96,9.5,"[-8.61111111111111, -8, 54.44444444444444]",C:\Users\lab\Counterfactual-XAI-Verifier\experiments\yolov8_search_comparison\diverse_training_scenario_split\data\diverse_training_scenario_split_v1\dataset\images\train\T03_east_ascending__frame_0096.png,C:\Users\lab\Counterfactual-XAI-Verifier\experiments\yolov8_search_comparison\diverse_training_scenario_split\data\diverse_training_scenario_split_v1\dataset\labels\train\T03_east_ascending__frame_0096.txt,0335F0FD83CCC86C565F2433A682375B13245272B0CC237E32573B2F478BBBA9,E92F0D70DC8659760FA65CFE18F2AFDDC6D5796DFAEBC52DA5CE38CDBEAB146C,7519728D2ADD7E7137497AA5E1E726D43AE9643710776C92B85AFB211F90DECC,B1334B2DCDCD5D65,1,1,False,train
T03_east_ascending,4103,105,10.4,"[-6.111111111111114, -8, 55.24444444444444]",C:\Users\lab\Counterfactual-XAI-Verifier\experiments\yolov8_search_comparison\diverse_training_scenario_split\data\diverse_training_scenario_split_v1\dataset\images\train\T03_east_ascending__frame_0105.png,C:\Users\lab\Counterfactual-XAI-Verifier\experiments\yolov8_search_comparison\diverse_training_scenario_split\data\diverse_training_scenario_split_v1\dataset\labels\train\T03_east_ascending__frame_0105.txt,84E97B9D104FFE7BC74902B7224DCA4D5C6021E9B49096FF1999E3AF3C6629D7,734605F91ADA5E3FFF92F08C1A37A9D4B0B00503288047AD1F657FA816503561,C24B61D8579DCB771B3130A3B64B1946F0258099A2C73453A7D39CE760CCBE85,2934330F132DCDCD,1,1,False,train
T03_east_ascending,4103,115,11.4,"[-3.3333333333333357, -8, 56.13333333333333]",C:\Users\lab\Counterfactual-XAI-Verifier\experiments\yolov8_search_comparison\diverse_training_scenario_split\data\diverse_training_scenario_split_v1\dataset\images\train\T03_east_ascending__frame_0115.png,C:\Users\lab\Counterfactual-XAI-Verifier\experiments\yolov8_search_comparison\diverse_training_scenario_split\data\diverse_training_scenario_split_v1\dataset\labels\train\T03_east_ascending__frame_0115.txt,17086DB79EF2A0F558DEDEF42D81E0DD12388B90FB3E31FBC4F99FDD15762D83,A5035063BBDCDCCD734B2149EA8112BC295DEDE1EE11D1181F63BE05B7232A73,73ADF6B78152F110EEBD81D861E9A4FBB84841FFA9460100C719227931C1FD2D,69293430330F230D,1,1,False,train
T03_east_ascending,4103,124,12.3,"[-0.8333333333333357, -8, 56.93333333333334]",C:\Users\lab\Counterfactual-XAI-Verifier\experiments\yolov8_search_comparison\diverse_training_scenario_split\data\diverse_training_scenario_split_v1\dataset\images\train\T03_east_ascending__frame_0124.png,C:\Users\lab\Counterfactual-XAI-Verifier\experiments\yolov8_search_comparison\diverse_training_scenario_split\data\diverse_training_scenario_split_v1\dataset\labels\train\T03_east_ascending__frame_0124.txt,336328B90AD82D81AD5B44EF637369AB4E203AE3B34399574816C1DB3ECE25F0,89127610B50840A5204E19A9BE21F712D9CE36095BBCAFB7EC0389834E19F222,991F647E795EC2CAEDE5BA6CE9BAC8D61CDB695D1BDD346A3D7E94C2DDED6E8D,1269692834332719,1,1,False,train
T03_east_ascending,4103,134,13.3,"[1.9444444444444429, -8, 57.82222222222222]",C:\Users\lab\Counterfactual-XAI-Verifier\experiments\yolov8_search_comparison\diverse_training_scenario_split\data\diverse_training_scenario_split_v1\dataset\images\train\T03_east_ascending__frame_0134.png,C:\Users\lab\Counterfactual-XAI-Verifier\experiments\yolov8_search_comparison\diverse_training_scenario_split\data\diverse_training_scenario_split_v1\dataset\labels\train\T03_east_ascending__frame_0134.txt,5DF79DC671163D1E2929AD8285E6722DA91F4822A9FDA65367456FE57E151475,EED5A290A3A32646FE03CC930F45698D00CFEF86818F00F5A14DDDF45E6E7FB6,AD72AC8BD4329AA185FB6BB8A0681B67685FE733FDFE1D48A86DF5BF4ABDB113,32321B69692C3433,1,1,False,train
T03_east_ascending,4103,143,14.2,"[4.444444444444443, -8, 58.62222222222222]",C:\Users\lab\Counterfactual-XAI-Verifier\experiments\yolov8_search_comparison\diverse_training_scenario_split\data\diverse_training_scenario_split_v1\dataset\images\train\T03_east_ascending__frame_0143.png,C:\Users\lab\Counterfactual-XAI-Verifier\experiments\yolov8_search_comparison\diverse_training_scenario_split\data\diverse_training_scenario_split_v1\dataset\labels\train\T03_east_ascending__frame_0143.txt,6E57FE38174DF03755405DA786E54BEE419AE180FD9F1B2D36091B220A288281,744CC9BC4A77DB89E60624B805363A10908AFA582CE3B8C0CF491F60C547C6DE,3CA951F279D61FA7AB77F7552CF72D6A310BBDC8CE551288850316CD85B3C23E,3732331B696D2934,1,1,False,train
T03_east_ascending,4103,153,15.2,"[7.222222222222221, -8, 59.51111111111111]",C:\Users\lab\Counterfactual-XAI-Verifier\experiments\yolov8_search_comparison\diverse_training_scenario_split\data\diverse_training_scenario_split_v1\dataset\images\train\T03_east_ascending__frame_0153.png,C:\Users\lab\Counterfactual-XAI-Verifier\experiments\yolov8_search_comparison\diverse_training_scenario_split\data\diverse_training_scenario_split_v1\dataset\labels\train\T03_east_ascending__frame_0153.txt,894E9286232FB0369148F70F3FFABFFD449341C1E92091BA330D3B4534CE99D4,B65753F3B8C7E4B92E998A25489D5F4E069124C8CC4BF425938926675B94D1FC,FF39E600A505694373841EF14EBC0F0F4161D8E54AFE145D7DE526E06611EF2E,26333233131B696D,0,2,False,train
T03_east_ascending,4103,162,16.1,"[9.722222222222221, -8, 60.31111111111111]",C:\Users\lab\Counterfactual-XAI-Verifier\experiments\yolov8_search_comparison\diverse_training_scenario_split\data\diverse_training_scenario_split_v1\dataset\images\train\T03_east_ascending__frame_0162.png,C:\Users\lab\Counterfactual-XAI-Verifier\experiments\yolov8_search_comparison\diverse_training_scenario_split\data\diverse_training_scenario_split_v1\dataset\labels\train\T03_east_ascending__frame_0162.txt,9BE64D477E567C173E5AFE5A79E511995037248B61C1C833E7B28679CBD7EFA5,18DA515ED631826504B760677FB4A65EE30C059E6441D95A4C788BC4896F1ACA,44B99904D1D3B01239215A3877EAB47D06CAE59C28F0FEDE6CEE129656662565,72261B3333331B69,1,1,False,train
T03_east_ascending,4103,172,17.1,"[12.5, -8, 61.2]",C:\Users\lab\Counterfactual-XAI-Verifier\experiments\yolov8_search_comparison\diverse_training_scenario_split\data\diverse_training_scenario_split_v1\dataset\images\train\T03_east_ascending__frame_0172.png,C:\Users\lab\Counterfactual-XAI-Verifier\experiments\yolov8_search_comparison\diverse_training_scenario_split\data\diverse_training_scenario_split_v1\dataset\labels\train\T03_east_ascending__frame_0172.txt,0B6A8E38AE5AECE577D62CD7CB844BA96CD5FF3A175FB8A1195B8D60C77B4AE4,6E5004D5FACB86DA9221FE83AAD5009408C36C82A29463E0BCD4EC3A18E2BB0F,E47A36C0571DB2EBA3D18BD87B5BA91BD2E6126210178CE83079DA8A24D71878,1972262B37323313,1,1,False,train
T03_east_ascending,4103,181,18.0,"[15, -8, 62]",C:\Users\lab\Counterfactual-XAI-Verifier\experiments\yolov8_search_comparison\diverse_training_scenario_split\data\diverse_training_scenario_split_v1\dataset\images\train\T03_east_ascending__frame_0181.png,C:\Users\lab\Counterfactual-XAI-Verifier\experiments\yolov8_search_comparison\diverse_training_scenario_split\data\diverse_training_scenario_split_v1\dataset\labels\train\T03_east_ascending__frame_0181.txt,A1429A63A8757A59F3897F477ECA24216F67BC5C75C3B8A305D9CAEB430D7907,D5CDF4365B84D968495258BAC017A6616598BCBA4467CD3B79535BE822D44DA6,7514066A830BA3FF35956061A2F3E32B9C5DFC7C2D87281A76C5514EB357ADD7,B51572662B373333,1,1,False,train
T04_east_descending,4104,1,0.0,"[-30, 9, 67]",C:\Users\lab\Counterfactual-XAI-Verifier\experiments\yolov8_search_comparison\diverse_training_scenario_split\data\diverse_training_scenario_split_v1\dataset\images\train\T04_east_descending__frame_0001.png,C:\Users\lab\Counterfactual-XAI-Verifier\experiments\yolov8_search_comparison\diverse_training_scenario_split\data\diverse_training_scenario_split_v1\dataset\labels\train\T04_east_descending__frame_0001.txt,423CBB61A362E6698811BAE55288C34A907F1A8B068651BFE868ACBEFD381E39,B75D051D7AECEDC059B82DB3BC4A974D8A83F5EE3EA1C82795DFDE3A1C801B3E,829B6878E66452184BF9461B949C5D83738D6F782D077DF0244D4D2B0CB058DB,A135733BA7A5E161,1,1,False,train
T04_east_descending,4104,10,0.9,"[-27.6, 9, 66.1]",C:\Users\lab\Counterfactual-XAI-Verifier\experiments\yolov8_search_comparison\diverse_training_scenario_split\data\diverse_training_scenario_split_v1\dataset\images\train\T04_east_descending__frame_0010.png,C:\Users\lab\Counterfactual-XAI-Verifier\experiments\yolov8_search_comparison\diverse_training_scenario_split\data\diverse_training_scenario_split_v1\dataset\labels\train\T04_east_descending__frame_0010.txt,74A53F00E4933C6B5C9325515B5EECC37C7B2C17326A2BA43F50B0B6259DC63F,AFF73F071E909A23F7741563911866FF6D211FD13A45FD5FB91E452D06D869E3,8090E452204018300E54F35AA9F72A6547FBD7B08580633B6DAA0D3DDFEE16E0,A13571536BA7A560,1,1,False,train
T04_east_descending,4104,20,1.9,"[-24.933333333333334, 9, 65.1]",C:\Users\lab\Counterfactual-XAI-Verifier\experiments\yolov8_search_comparison\diverse_training_scenario_split\data\diverse_training_scenario_split_v1\dataset\images\train\T04_east_descending__frame_0020.png,C:\Users\lab\Counterfactual-XAI-Verifier\experiments\yolov8_search_comparison\diverse_training_scenario_split\data\diverse_training_scenario_split_v1\dataset\labels\train\T04_east_descending__frame_0020.txt,C7830758605567F7627BB742BEEF940A89AFA6B23C5243A392D0406BCE301487,291439BF7ED02C118612553A365870B5DB0AFACEA9F99D09544CDCB26E5EF9B4,BAAE1D3B0EFFF665757B176A38752B813229071B45E902F2B4E3634F816C40E2,EBA175525B6BE7A0,1,1,False,train
T04_east_descending,4104,29,2.8,"[-22.53333333333333, 9, 64.2]",C:\Users\lab\Counterfactual-XAI-Verifier\experiments\yolov8_search_comparison\diverse_training_scenario_split\data\diverse_training_scenario_split_v1\dataset\images\train\T04_east_descending__frame_0029.png,C:\Users\lab\Counterfactual-XAI-Verifier\experiments\yolov8_search_comparison\diverse_training_scenario_split\data\diverse_training_scenario_split_v1\dataset\labels\train\T04_east_descending__frame_0029.txt,60D0AF3BCB56759A3F9DD1302ABBE993F80D19534088604FFEC17540DECE9383,B87199BDCF66AD56CF42C0367566196C09D71BF2BD137954B00917E5C9AC51B2,2B4B04599409EE6BE85A3BAD130468F2C6CC94EC4ACBA88D01162940259A15F3,53A9B154525B4B67,1,1,False,train
T04_east_descending,4104,39,3.8,"[-19.866666666666667, 9, 63.2]",C:\Users\lab\Counterfactual-XAI-Verifier\experiments\yolov8_search_comparison\diverse_training_scenario_split\data\diverse_training_scenario_split_v1\dataset\images\train\T04_east_descending__frame_0039.png,C:\Users\lab\Counterfactual-XAI-Verifier\experiments\yolov8_search_comparison\diverse_training_scenario_split\data\diverse_training_scenario_split_v1\dataset\labels\train\T04_east_descending__frame_0039.txt,77D73A084F99622611F011E75A9919E31894F590DEAEF74DC99F432D16BCD51D,BB7E5728BA2B4C6B052E18FDFBBC751496FC6A603925B1F34E9D7F57C03C13FC,4FD0076758007F4FCB2CA110233757D9BDC4F864D4CB08455E92FEFA2BE30DBE,534A22B054D25B49,1,1,False,train
T04_east_descending,4104,48,4.7,"[-17.466666666666665, 9, 62.3]",C:\Users\lab\Counterfactual-XAI-Verifier\experiments\yolov8_search_comparison\diverse_training_scenario_split\data\diverse_training_scenario_split_v1\dataset\images\train\T04_east_descending__frame_0048.png,C:\Users\lab\Counterfactual-XAI-Verifier\experiments\yolov8_search_comparison\diverse_training_scenario_split\data\diverse_training_scenario_split_v1\dataset\labels\train\T04_east_descending__frame_0048.txt,5D892B8DA955A474415857BDE857DE4A7629AC4D1FAEBF028F75B6AFC2319969,E9ADD5BA64238F1DAB3CACE1D38A4537F3BA8BA61211ADCF3E5C76E37CC8548F,EA90EBBB22A3D9C720C328145E6E48BDC9A014D8F082DBC526C0B75C29796060,31524A22F454D252,1,1,False,train
T04_east_descending,4104,58,5.7,"[-14.8, 9, 61.3]",C:\Users\lab\Counterfactual-XAI-Verifier\experiments\yolov8_search_comparison\diverse_training_scenario_split\data\diverse_training_scenario_split_v1\dataset\images\train\T04_east_descending__frame_0058.png,C:\Users\lab\Counterfactual-XAI-Verifier\experiments\yolov8_search_comparison\diverse_training_scenario_split\data\diverse_training_scenario_split_v1\dataset\labels\train\T04_east_descending__frame_0058.txt,6919BEBBD00B022574304EDF8ED810DFD0AE072AF90C737E4E9030AC0465A3E2,534E84D4B8D870A32AEF8C70F7D060950DE42201E302BC6F770C3F80B94DE8BE,2A01A067BDEC33B4E8131C68E3BD4DE240363CF46A12F5C3273C71FBD9211223,14525A4A6074D2DA,1,1,False,train
T04_east_descending,4104,67,6.6,"[-12.400000000000002, 9, 60.4]",C:\Users\lab\Counterfactual-XAI-Verifier\experiments\yolov8_search_comparison\diverse_training_scenario_split\data\diverse_training_scenario_split_v1\dataset\images\train\T04_east_descending__frame_0067.png,C:\Users\lab\Counterfactual-XAI-Verifier\experiments\yolov8_search_comparison\diverse_training_scenario_split\data\diverse_training_scenario_split_v1\dataset\labels\train\T04_east_descending__frame_0067.txt,A4E8F5811E58540E62DCF2D8CFEB962AD0765439D9694AA174C23935A22C6035,DDEB99DC6F0B5169B675E538560E5858067C613BF807085A3A8C00228B394169,F8BB1962045BE78839FADD27C223C89B3949E955A4411F6C33FF520196474F29,B452D25A424074D2,0,1,False,train
T04_east_descending,4104,77,7.6,"[-9.733333333333334, 9, 59.4]",C:\Users\lab\Counterfactual-XAI-Verifier\experiments\yolov8_search_comparison\diverse_training_scenario_split\data\diverse_training_scenario_split_v1\dataset\images\train\T04_east_descending__frame_0077.png,C:\Users\lab\Counterfactual-XAI-Verifier\experiments\yolov8_search_comparison\diverse_training_scenario_split\data\diverse_training_scenario_split_v1\dataset\labels\train\T04_east_descending__frame_0077.txt,285F39E828B4FCA48DFE498ABECCD751D9C6DE3604EA4CC389C41DC6E84D76D3,10B45A64A63731584C768B75EC4CDBF8258A699316C8392CB169636D113F3650,5C98AB2034D7C38BCCBFE8C7C0F7037776C55D539D234E4C624DC33AD328E6BA,B4B452D2DAC24861,0,1,False,train
T04_east_descending,4104,86,8.5,"[-7.333333333333336, 9, 58.5]",C:\Users\lab\Counterfactual-XAI-Verifier\experiments\yolov8_search_comparison\diverse_training_scenario_split\data\diverse_training_scenario_split_v1\dataset\images\train\T04_east_descending__frame_0086.png,C:\Users\lab\Counterfactual-XAI-Verifier\experiments\yolov8_search_comparison\diverse_training_scenario_split\data\diverse_training_scenario_split_v1\dataset\labels\train\T04_east_descending__frame_0086.txt,BCB039AB53841BB17DB605E28F56DA91BAE207C9B29824F5B6D0A4A1959D71F0,61E08F29CC9AE63E70F085C235E9D7392C7E48DAE59602284A8628EE50160814,F1B3EA3BEED018390088C3B96C9358A979B0215AA27849AFFFC333659C9BFE3C,24B4B052D1D9CAC2,1,0,False,train
T04_east_descending,4104,96,9.5,"[-4.666666666666664, 9, 57.5]",C:\Users\lab\Counterfactual-XAI-Verifier\experiments\yolov8_search_comparison\diverse_training_scenario_split\data\diverse_training_scenario_split_v1\dataset\images\train\T04_east_descending__frame_0096.png,C:\Users\lab\Counterfactual-XAI-Verifier\experiments\yolov8_search_comparison\diverse_training_scenario_split\data\diverse_training_scenario_split_v1\dataset\labels\train\T04_east_descending__frame_0096.txt,FE7058191B61B87662CFE4BCBC1FC7E926917BC888560E3D63E7103A9989ABC5,E433BC4769AFB28F92BA9FE904038C7C933D1BB9C60561169A74B979A169C53B,8550924CC25412EAC4F6800DE5CFD2A6B9677FAEBD9B61F5D591CA615CC8370C,1224B4B2D2D19989,1,1,False,train
T04_east_descending,4104,105,10.4,"[-2.2666666666666693, 9, 56.6]",C:\Users\lab\Counterfactual-XAI-Verifier\experiments\yolov8_search_comparison\diverse_training_scenario_split\data\diverse_training_scenario_split_v1\dataset\images\train\T04_east_descending__frame_0105.png,C:\Users\lab\Counterfactual-XAI-Verifier\experiments\yolov8_search_comparison\diverse_training_scenario_split\data\diverse_training_scenario_split_v1\dataset\labels\train\T04_east_descending__frame_0105.txt,CBB2BB5A62B910DD9C96874C0BEED9C7B95C58880CE0F9133CF91A355B4ABB0B,25B4F9DED5352213386B4829B263A250572B7D29DAD2D8208EC682BDD4001C1B,D0C4DE93BE45DD71A014BCE6A9D7E4B94B28F776378B274918325D2DB8FCA59B,49526434B4D2D299,1,1,False,train
T04_east_descending,4104,115,11.4,"[0.3999999999999986, 9, 55.6]",C:\Users\lab\Counterfactual-XAI-Verifier\experiments\yolov8_search_comparison\diverse_training_scenario_split\data\diverse_training_scenario_split_v1\dataset\images\train\T04_east_descending__frame_0115.png,C:\Users\lab\Counterfactual-XAI-Verifier\experiments\yolov8_search_comparison\diverse_training_scenario_split\data\diverse_training_scenario_split_v1\dataset\labels\train\T04_east_descending__frame_0115.txt,7BB2295120CA746C05C3E9FA2895EB5898374C4921A89ADBBCFE7734A568C90B,65AFFADC87B7F81608E0210B86394C4B3928FA0408B5D8F6070C7C89C6C30A64,D2D51299AEB35EC32F3D191D910B3207C9131A73211F689726C945E0840FEF85,49495A6464B2B292,1,1,False,train
T04_east_descending,4104,124,12.3,"[2.799999999999997, 9, 54.7]",C:\Users\lab\Counterfactual-XAI-Verifier\experiments\yolov8_search_comparison\diverse_training_scenario_split\data\diverse_training_scenario_split_v1\dataset\images\train\T04_east_descending__frame_0124.png,C:\Users\lab\Counterfactual-XAI-Verifier\experiments\yolov8_search_comparison\diverse_training_scenario_split\data\diverse_training_scenario_split_v1\dataset\labels\train\T04_east_descending__frame_0124.txt,241727C5EAFAEAF4639BC7AF74AAA6AF2F2D0E08C32B7BAE5F2B6E2001D9F0C1,473BF0C33BC44AD5A237FD53655A567EE071ED164C1EA5D7C2F82CB689C6E52F,DCAC825441DA6A56A7F07E0A85CE50A7ABE182F0AFE69A43B79A161640A87078,4D49485A6C64A2B2,1,1,False,train
T04_east_descending,4104,134,13.3,"[5.466666666666669, 9, 53.7]",C:\Users\lab\Counterfactual-XAI-Verifier\experiments\yolov8_search_comparison\diverse_training_scenario_split\data\diverse_training_scenario_split_v1\dataset\images\train\T04_east_descending__frame_0134.png,C:\Users\lab\Counterfactual-XAI-Verifier\experiments\yolov8_search_comparison\diverse_training_scenario_split\data\diverse_training_scenario_split_v1\dataset\labels\train\T04_east_descending__frame_0134.txt,F87A48F63C7C429FB0DE764122172287C4A6EC981785625AA4BE45AF54D4AE8F,3668DB88F51741C09342809C2C599DD63440811F7164D8F2560DC39051139A07,07D98DFD074142EC665C77AF58A3418DAC0493E9D2B42755806ABEEB263DDA55,D2CDCDC9DA84E8E4,1,1,False,train
T04_east_descending,4104,143,14.2,"[7.866666666666667, 9, 52.8]",C:\Users\lab\Counterfactual-XAI-Verifier\experiments\yolov8_search_comparison\diverse_training_scenario_split\data\diverse_training_scenario_split_v1\dataset\images\train\T04_east_descending__frame_0143.png,C:\Users\lab\Counterfactual-XAI-Verifier\experiments\yolov8_search_comparison\diverse_training_scenario_split\data\diverse_training_scenario_split_v1\dataset\labels\train\T04_east_descending__frame_0143.txt,31A1D0D7DA6B87E793F743823161699CF7605E88E272C1422E45C7A2731ED3BF,27E2CFBC6E0123099EF9ABFEF7A44BA66C84C8F6505F034D895216AB96CE8BBD,EC8D92B5023102E54D12FBDE1ED5246FFF7EBBB9EA538D4844130C955B57FA53,F2D2C49C8C9A8488,1,1,False,train
T04_east_descending,4104,153,15.2,"[10.533333333333331, 9, 51.8]",C:\Users\lab\Counterfactual-XAI-Verifier\experiments\yolov8_search_comparison\diverse_training_scenario_split\data\diverse_training_scenario_split_v1\dataset\images\train\T04_east_descending__frame_0153.png,C:\Users\lab\Counterfactual-XAI-Verifier\experiments\yolov8_search_comparison\diverse_training_scenario_split\data\diverse_training_scenario_split_v1\dataset\labels\train\T04_east_descending__frame_0153.txt,D2DCA9410F0B4176F9B2E8BDF140E61A8BF2A955E2617A9CDAD412FDA9908E13,E77626FC8C6AD63470B47AA797E225FB2F36442DBC047CB2DB799255D97BDAF0,99F84AA029B48B536FD76BFE5F039B02808D37B2888910012D5EB531C50B2377,E2F2DA82948C8C9A,1,1,False,train
T04_east_descending,4104,162,16.1,"[12.933333333333337, 9, 50.9]",C:\Users\lab\Counterfactual-XAI-Verifier\experiments\yolov8_search_comparison\diverse_training_scenario_split\data\diverse_training_scenario_split_v1\dataset\images\train\T04_east_descending__frame_0162.png,C:\Users\lab\Counterfactual-XAI-Verifier\experiments\yolov8_search_comparison\diverse_training_scenario_split\data\diverse_training_scenario_split_v1\dataset\labels\train\T04_east_descending__frame_0162.txt,9296DDFF8F3CF2EA67846A31138D5FC71D5177B5550465453294929B0949BC83,00DD434E14B6D726447B1314B5A81775C1F30308EC6EE274E9623CF7E6251EB5,965C92D10A517FE7D659C4ED6C2A68A1D67DEB61292EBD8B3A9D7FD5D98DEC89,64A2B2999986968C,0,1,False,train
T04_east_descending,4104,172,17.1,"[15.599999999999994, 9, 49.900000000000006]",C:\Users\lab\Counterfactual-XAI-Verifier\experiments\yolov8_search_comparison\diverse_training_scenario_split\data\diverse_training_scenario_split_v1\dataset\images\train\T04_east_descending__frame_0172.png,C:\Users\lab\Counterfactual-XAI-Verifier\experiments\yolov8_search_comparison\diverse_training_scenario_split\data\diverse_training_scenario_split_v1\dataset\labels\train\T04_east_descending__frame_0172.txt,37CF0EB2B41203DDC0E1C617ADEF21845F380EC2F3B8270926445B0025E031AD,E3B0C44298FC1C149AFBF4C8996FB92427AE41E4649B934CA495991B7852B855,3D0D5637EF96042E228E543941042441E458192F697A0C3360B1EAD71CC12042,6464A2E2B2919909,0,0,True,train
T04_east_descending,4104,181,18.0,"[18, 9, 49]",C:\Users\lab\Counterfactual-XAI-Verifier\experiments\yolov8_search_comparison\diverse_training_scenario_split\data\diverse_training_scenario_split_v1\dataset\images\train\T04_east_descending__frame_0181.png,C:\Users\lab\Counterfactual-XAI-Verifier\experiments\yolov8_search_comparison\diverse_training_scenario_split\data\diverse_training_scenario_split_v1\dataset\labels\train\T04_east_descending__frame_0181.txt,18630BBE5368A4EDBED61AD4C2BBBA925AFDEDAE2AAD06F097D0F2BC1E973140,E3B0C44298FC1C149AFBF4C8996FB92427AE41E4649B934CA495991B7852B855,611909A2400CB8A8DC37CC1B13E35E6BBAFB7248643152A7441AF4A2414F7690,90E4E4E4F262B1B1,0,0,True,train
T05_west_retreat_low,4105,1,0.0,"[5, -6, 54]",C:\Users\lab\Counterfactual-XAI-Verifier\experiments\yolov8_search_comparison\diverse_training_scenario_split\data\diverse_training_scenario_split_v1\dataset\images\train\T05_west_retreat_low__frame_0001.png,C:\Users\lab\Counterfactual-XAI-Verifier\experiments\yolov8_search_comparison\diverse_training_scenario_split\data\diverse_training_scenario_split_v1\dataset\labels\train\T05_west_retreat_low__frame_0001.txt,DC14A0DF5F97D6962136674DB951D387593D3C387CAD55974B4930E1946C6194,F847BF498C3DB8AB3FE9910AAFB28F49FEE4F383A8F9C9000BF0FCEEB18C303A,444A7B3CC01EF810717B8488BB49F4A67821A07F8E1EB6D70CAE4427E3C84022,322713DBD9DB4C4D,1,1,False,train
T05_west_retreat_low,4105,10,0.9,"[3.4, -6, 54]",C:\Users\lab\Counterfactual-XAI-Verifier\experiments\yolov8_search_comparison\diverse_training_scenario_split\data\diverse_training_scenario_split_v1\dataset\images\train\T05_west_retreat_low__frame_0010.png,C:\Users\lab\Counterfactual-XAI-Verifier\experiments\yolov8_search_comparison\diverse_training_scenario_split\data\diverse_training_scenario_split_v1\dataset\labels\train\T05_west_retreat_low__frame_0010.txt,7E4CBA9E2746564CC8962EBB2A3875D48F645E4A69BD4181015195BC856522D8,E3B0C44298FC1C149AFBF4C8996FB92427AE41E4649B934CA495991B7852B855,360FFF534CFC1D154981E4B27B4142131A92918172AFCC2862913B6FC5D40C00,3633D3DB4B4D65E3,0,0,True,train
T05_west_retreat_low,4105,20,1.9,"[1.6222222222222222, -6, 54]",C:\Users\lab\Counterfactual-XAI-Verifier\experiments\yolov8_search_comparison\diverse_training_scenario_split\data\diverse_training_scenario_split_v1\dataset\images\train\T05_west_retreat_low__frame_0020.png,C:\Users\lab\Counterfactual-XAI-Verifier\experiments\yolov8_search_comparison\diverse_training_scenario_split\data\diverse_training_scenario_split_v1\dataset\labels\train\T05_west_retreat_low__frame_0020.txt,73517ECDB07730E1E6F33BC9EADFB1590ACF074502500ABDCD97D2EC7C099C1F,E3B0C44298FC1C149AFBF4C8996FB92427AE41E4649B934CA495991B7852B855,76B95AF475222B9AC3A185668D17B0C786EA4366E1307F36240AF5FC79CDA957,36D2DB4B4D65E3CB,0,0,True,train
T05_west_retreat_low,4105,29,2.8,"[0.022222222222222143, -6, 54]",C:\Users\lab\Counterfactual-XAI-Verifier\experiments\yolov8_search_comparison\diverse_training_scenario_split\data\diverse_training_scenario_split_v1\dataset\images\train\T05_west_retreat_low__frame_0029.png,C:\Users\lab\Counterfactual-XAI-Verifier\experiments\yolov8_search_comparison\diverse_training_scenario_split\data\diverse_training_scenario_split_v1\dataset\labels\train\T05_west_retreat_low__frame_0029.txt,BD55CAC63B6309C1573184E442305ADB726DF3AC051BD6A81B7CA09C26B89060,E3B0C44298FC1C149AFBF4C8996FB92427AE41E4649B934CA495991B7852B855,2EB0401D62D08B80762186039D45DEBFA0379401A5C465B36775CAF6AB87C64A,D2DA4B6D65634B33,0,0,True,train
T05_west_retreat_low,4105,39,3.8,"[-1.7555555555555555, -6, 54]",C:\Users\lab\Counterfactual-XAI-Verifier\experiments\yolov8_search_comparison\diverse_training_scenario_split\data\diverse_training_scenario_split_v1\dataset\images\train\T05_west_retreat_low__frame_0039.png,C:\Users\lab\Counterfactual-XAI-Verifier\experiments\yolov8_search_comparison\diverse_training_scenario_split\data\diverse_training_scenario_split_v1\dataset\labels\train\T05_west_retreat_low__frame_0039.txt,3CA86969AFC59A7ADE937835DBDE3CEA1911704731A49982A822B02B82A941F1,E3B0C44298FC1C149AFBF4C8996FB92427AE41E4649B934CA495991B7852B855,70F7D592A9B3145CD84ED1513B6DB606C35EB8B58D9AA436126EFCAD2256880C,DA4A6D65630B2303,0,0,True,train
T05_west_retreat_low,4105,48,4.7,"[-3.355555555555556, -6, 54]",C:\Users\lab\Counterfactual-XAI-Verifier\experiments\yolov8_search_comparison\diverse_training_scenario_split\data\diverse_training_scenario_split_v1\dataset\images\train\T05_west_retreat_low__frame_0048.png,C:\Users\lab\Counterfactual-XAI-Verifier\experiments\yolov8_search_comparison\diverse_training_scenario_split\data\diverse_training_scenario_split_v1\dataset\labels\train\T05_west_retreat_low__frame_0048.txt,721A20CF366603088DBE7B4B1D652FAC1D8FEA6B5189D2823CEE8C7BCC2D4A0E,E3B0C44298FC1C149AFBF4C8996FB92427AE41E4649B934CA495991B7852B855,62305C46C1B1FB4922A33E46054EF9EF6D53FEBC964EBC1A6FE52456CF488F3F,5A6D65670B23071B,0,0,True,train
T05_west_retreat_low,4105,58,5.7,"[-5.133333333333333, -6, 54]",C:\Users\lab\Counterfactual-XAI-Verifier\experiments\yolov8_search_comparison\diverse_training_scenario_split\data\diverse_training_scenario_split_v1\dataset\images\train\T05_west_retreat_low__frame_0058.png,C:\Users\lab\Counterfactual-XAI-Verifier\experiments\yolov8_search_comparison\diverse_training_scenario_split\data\diverse_training_scenario_split_v1\dataset\labels\train\T05_west_retreat_low__frame_0058.txt,E60D5A81F810EA0A787B3F677D2160A752EDE1348FFC2D841B594662181C2D30,E3B0C44298FC1C149AFBF4C8996FB92427AE41E4649B934CA495991B7852B855,C3ACD53A0778ED84830E07647C994C2DE0137375607420F3273066FD6AEB1F03,6865670B23419B9B,0,0,True,train
T05_west_retreat_low,4105,67,6.6,"[-6.7333333333333325, -6, 54]",C:\Users\lab\Counterfactual-XAI-Verifier\experiments\yolov8_search_comparison\diverse_training_scenario_split\data\diverse_training_scenario_split_v1\dataset\images\train\T05_west_retreat_low__frame_0067.png,C:\Users\lab\Counterfactual-XAI-Verifier\experiments\yolov8_search_comparison\diverse_training_scenario_split\data\diverse_training_scenario_split_v1\dataset\labels\train\T05_west_retreat_low__frame_0067.txt,3F3A012ED27438E179C204AC5092F7A55B7C3FAF871CB57573837FEE3E58EB68,E3B0C44298FC1C149AFBF4C8996FB92427AE41E4649B934CA495991B7852B855,370FEB92828D379BE9C0D9EE7C3A8532563CC8815CB85F0BBC2E39D6A8035EE1,6D664A975B9B9BA9,0,0,True,train
T05_west_retreat_low,4105,77,7.6,"[-8.511111111111111, -6, 54]",C:\Users\lab\Counterfactual-XAI-Verifier\experiments\yolov8_search_comparison\diverse_training_scenario_split\data\diverse_training_scenario_split_v1\dataset\images\train\T05_west_retreat_low__frame_0077.png,C:\Users\lab\Counterfactual-XAI-Verifier\experiments\yolov8_search_comparison\diverse_training_scenario_split\data\diverse_training_scenario_split_v1\dataset\labels\train\T05_west_retreat_low__frame_0077.txt,399A6278A7D2F49D9BA24EFA4A445C963D718DBAE771F42472F62E436735074B,E3B0C44298FC1C149AFBF4C8996FB92427AE41E4649B934CA495991B7852B855,55429E953FC333632D59AD2564E253293372CB818686AE74CEA1CB243E5E1189,6666175B9B9BABC3,0,0,True,train
T05_west_retreat_low,4105,86,8.5,"[-10.11111111111111, -6, 54]",C:\Users\lab\Counterfactual-XAI-Verifier\experiments\yolov8_search_comparison\diverse_training_scenario_split\data\diverse_training_scenario_split_v1\dataset\images\train\T05_west_retreat_low__frame_0086.png,C:\Users\lab\Counterfactual-XAI-Verifier\experiments\yolov8_search_comparison\diverse_training_scenario_split\data\diverse_training_scenario_split_v1\dataset\labels\train\T05_west_retreat_low__frame_0086.txt,83812F7EB1505911DFC94D4E700B7B33F518FD767D31DF184B936130D8FDA706,E3B0C44298FC1C149AFBF4C8996FB92427AE41E4649B934CA495991B7852B855,641752E3377E8186E9384D313EA30F78046450F1D8EE4E857C4CDB0DF5AA0225,661F9B9B9B4BC3E7,0,0,True,train
T05_west_retreat_low,4105,96,9.5,"[-11.88888888888889, -6, 54]",C:\Users\lab\Counterfactual-XAI-Verifier\experiments\yolov8_search_comparison\diverse_training_scenario_split\data\diverse_training_scenario_split_v1\dataset\images\train\T05_west_retreat_low__frame_0096.png,C:\Users\lab\Counterfactual-XAI-Verifier\experiments\yolov8_search_comparison\diverse_training_scenario_split\data\diverse_training_scenario_split_v1\dataset\labels\train\T05_west_retreat_low__frame_0096.txt,6264821E68562A43B298896192C86A9E557589480E3A6D218869F0BB98485E2C,E3B0C44298FC1C149AFBF4C8996FB92427AE41E4649B934CA495991B7852B855,36877E3F52404C3FEA1DF9DCFFF126874D2613409FCBDA9E1ED51E30A8B4E8BB,479B9B9B4BC7E7C7,0,0,True,train
T05_west_retreat_low,4105,105,10.4,"[-13.488888888888887, -6, 54]",C:\Users\lab\Counterfactual-XAI-Verifier\experiments\yolov8_search_comparison\diverse_training_scenario_split\data\diverse_training_scenario_split_v1\dataset\images\train\T05_west_retreat_low__frame_0105.png,C:\Users\lab\Counterfactual-XAI-Verifier\experiments\yolov8_search_comparison\diverse_training_scenario_split\data\diverse_training_scenario_split_v1\dataset\labels\train\T05_west_retreat_low__frame_0105.txt,3CCFF721F46ED815C23487FE199442AE93E50BF757CFF3DEEB615D262C8F72E5,E3B0C44298FC1C149AFBF4C8996FB92427AE41E4649B934CA495991B7852B855,82C0965D2592951A92BBEC6A235421F87A2AC517CCD1B8A59377FE5EDEE5CEC8,9B9B9B4BC7C7476B,0,0,True,train
T05_west_retreat_low,4105,115,11.4,"[-15.266666666666666, -6, 54]",C:\Users\lab\Counterfactual-XAI-Verifier\experiments\yolov8_search_comparison\diverse_training_scenario_split\data\diverse_training_scenario_split_v1\dataset\images\train\T05_west_retreat_low__frame_0115.png,C:\Users\lab\Counterfactual-XAI-Verifier\experiments\yolov8_search_comparison\diverse_training_scenario_split\data\diverse_training_scenario_split_v1\dataset\labels\train\T05_west_retreat_low__frame_0115.txt,747D1B7CB508DD7E7B8382353E1989F6D532E1CCEC77C81A63255C0FC5881EBB,E3B0C44298FC1C149AFBF4C8996FB92427AE41E4649B934CA495991B7852B855,7CA5A0D1DE8ACB32FD9FB33F732CEE97482CC4B726EF9A195806B3EAB7750BCF,9ADA4BC367672763,0,0,True,train
T05_west_retreat_low,4105,124,12.3,"[-16.866666666666667, -6, 54]",C:\Users\lab\Counterfactual-XAI-Verifier\experiments\yolov8_search_comparison\diverse_training_scenario_split\data\diverse_training_scenario_split_v1\dataset\images\train\T05_west_retreat_low__frame_0124.png,C:\Users\lab\Counterfactual-XAI-Verifier\experiments\yolov8_search_comparison\diverse_training_scenario_split\data\diverse_training_scenario_split_v1\dataset\labels\train\T05_west_retreat_low__frame_0124.txt,3F2C60B787171C0685DB8CFE10A89651B936FD603CECCA82AFEF97ED915C661A,E3B0C44298FC1C149AFBF4C8996FB92427AE41E4649B934CA495991B7852B855,D9F02AFCC3A686714791DAB2FCE16B2B55D4D88AFF23BA01BC19D8F7B7556023,DADB436767272333,0,0,True,train
T05_west_retreat_low,4105,134,13.3,"[-18.644444444444446, -6, 54]",C:\Users\lab\Counterfactual-XAI-Verifier\experiments\yolov8_search_comparison\diverse_training_scenario_split\data\diverse_training_scenario_split_v1\dataset\images\train\T05_west_retreat_low__frame_0134.png,C:\Users\lab\Counterfactual-XAI-Verifier\experiments\yolov8_search_comparison\diverse_training_scenario_split\data\diverse_training_scenario_split_v1\dataset\labels\train\T05_west_retreat_low__frame_0134.txt,8C676DBEA14519D6E652BBBFF4E0CEF3EA15E4FFA350400B5D6B5D6491040981,E3B0C44298FC1C149AFBF4C8996FB92427AE41E4649B934CA495991B7852B855,1EDE4EECD74CD967693B15DBDC8B46764D64B9F302FB88FE4A9267003A7F036C,5A4B676727B31B9B,0,0,True,train
T05_west_retreat_low,4105,143,14.2,"[-20.244444444444444, -6, 54]",C:\Users\lab\Counterfactual-XAI-Verifier\experiments\yolov8_search_comparison\diverse_training_scenario_split\data\diverse_training_scenario_split_v1\dataset\images\train\T05_west_retreat_low__frame_0143.png,C:\Users\lab\Counterfactual-XAI-Verifier\experiments\yolov8_search_comparison\diverse_training_scenario_split\data\diverse_training_scenario_split_v1\dataset\labels\train\T05_west_retreat_low__frame_0143.txt,E5457C22A931E7721552095245B46DEE80976F19687C0184A2F06951E7F1DDD3,E3B0C44298FC1C149AFBF4C8996FB92427AE41E4649B934CA495991B7852B855,1AB0B84DA2C784AB2CD15513DA41924F410B407FFF112CEC06E7585B344315A4,4A676727339B9BD9,0,0,True,train
T05_west_retreat_low,4105,153,15.2,"[-22.022222222222222, -6, 54]",C:\Users\lab\Counterfactual-XAI-Verifier\experiments\yolov8_search_comparison\diverse_training_scenario_split\data\diverse_training_scenario_split_v1\dataset\images\train\T05_west_retreat_low__frame_0153.png,C:\Users\lab\Counterfactual-XAI-Verifier\experiments\yolov8_search_comparison\diverse_training_scenario_split\data\diverse_training_scenario_split_v1\dataset\labels\train\T05_west_retreat_low__frame_0153.txt,40D4B3F9AB289B5C6230D0121CF46D97A7DC30FBF5349FC1AF74C4A7162696E1,E3B0C44298FC1C149AFBF4C8996FB92427AE41E4649B934CA495991B7852B855,026B25A8AA1D448120DA56492190CB226B6C6B968FFDE950E8D6862A93DEBA81,6766A7339BDBC9CD,0,0,True,train
T05_west_retreat_low,4105,162,16.1,"[-23.622222222222224, -6, 54]",C:\Users\lab\Counterfactual-XAI-Verifier\experiments\yolov8_search_comparison\diverse_training_scenario_split\data\diverse_training_scenario_split_v1\dataset\images\train\T05_west_retreat_low__frame_0162.png,C:\Users\lab\Counterfactual-XAI-Verifier\experiments\yolov8_search_comparison\diverse_training_scenario_split\data\diverse_training_scenario_split_v1\dataset\labels\train\T05_west_retreat_low__frame_0162.txt,A939DDF7F97B00C57F07329FC7F8A96FB889395AAB81E14571FD18E6F34F3C97,E3B0C44298FC1C149AFBF4C8996FB92427AE41E4649B934CA495991B7852B855,30331DE86E251E568F0242E5D815F792A7FCAF0C679F9B0AFD94E1EB6C13A02E,66A73393DBC9C927,0,0,True,train
T05_west_retreat_low,4105,172,17.1,"[-25.4, -6, 54]",C:\Users\lab\Counterfactual-XAI-Verifier\experiments\yolov8_search_comparison\diverse_training_scenario_split\data\diverse_training_scenario_split_v1\dataset\images\train\T05_west_retreat_low__frame_0172.png,C:\Users\lab\Counterfactual-XAI-Verifier\experiments\yolov8_search_comparison\diverse_training_scenario_split\data\diverse_training_scenario_split_v1\dataset\labels\train\T05_west_retreat_low__frame_0172.txt,E81BD7D2D41476AB33BA64D7921FE95B97E976AF6E3A6C2684AAD6581A6D6454,E3B0C44298FC1C149AFBF4C8996FB92427AE41E4649B934CA495991B7852B855,0F20D974CFEDFB1B92207C1DD02650165F27F325434ECDBE82200FCAEF20E5DB,A73393DBC9C92743,0,0,True,train
T05_west_retreat_low,4105,181,18.0,"[-27, -6, 54]",C:\Users\lab\Counterfactual-XAI-Verifier\experiments\yolov8_search_comparison\diverse_training_scenario_split\data\diverse_training_scenario_split_v1\dataset\images\train\T05_west_retreat_low__frame_0181.png,C:\Users\lab\Counterfactual-XAI-Verifier\experiments\yolov8_search_comparison\diverse_training_scenario_split\data\diverse_training_scenario_split_v1\dataset\labels\train\T05_west_retreat_low__frame_0181.txt,4271A28C882688008701645010FA77AD7446D39F4E8147C385DFC4960C2805CF,E3B0C44298FC1C149AFBF4C8996FB92427AE41E4649B934CA495991B7852B855,349252F4B01E2CAE44EBCCD85CAE0154EB9254FEC33754F270E70A0987C45E45,37B2DBC9C9274303,0,0,True,train
T06_west_retreat_high,4106,1,0.0,"[7, 8, 62]",C:\Users\lab\Counterfactual-XAI-Verifier\experiments\yolov8_search_comparison\diverse_training_scenario_split\data\diverse_training_scenario_split_v1\dataset\images\train\T06_west_retreat_high__frame_0001.png,C:\Users\lab\Counterfactual-XAI-Verifier\experiments\yolov8_search_comparison\diverse_training_scenario_split\data\diverse_training_scenario_split_v1\dataset\labels\train\T06_west_retreat_high__frame_0001.txt,B0DB16E078E39873A1CB7467DD8DFD0E3183B32C186546E08FF126039724D223,C561324FCDC3A8104BBCB794B7BF97EFF686525C2441F3941AC3B8ACA007B8CE,A78626E6ABE001C48B2AE26F2C552E8FD8086013E9B622AC2A3B281836D90368,B2E074325A6C0804,1,1,False,train
T06_west_retreat_high,4106,10,0.9,"[5.4, 8, 62]",C:\Users\lab\Counterfactual-XAI-Verifier\experiments\yolov8_search_comparison\diverse_training_scenario_split\data\diverse_training_scenario_split_v1\dataset\images\train\T06_west_retreat_high__frame_0010.png,C:\Users\lab\Counterfactual-XAI-Verifier\experiments\yolov8_search_comparison\diverse_training_scenario_split\data\diverse_training_scenario_split_v1\dataset\labels\train\T06_west_retreat_high__frame_0010.txt,CDB9AE2B7F891BF5CF1C58011719337524ACD5B432FEA855E8FDB81CE2FDC6B0,2E0BD184BB6EBA391900E636EE6AD5821A303FA5F15D7B04CC3CD72D7D68B087,4619C25ECA978B7914511E26DCC19E2D43AC0735667C6D63603EC75B464BCC81,32F4323A68282480,1,1,False,train
T06_west_retreat_high,4106,20,1.9,"[3.6222222222222222, 8, 62]",C:\Users\lab\Counterfactual-XAI-Verifier\experiments\yolov8_search_comparison\diverse_training_scenario_split\data\diverse_training_scenario_split_v1\dataset\images\train\T06_west_retreat_high__frame_0020.png,C:\Users\lab\Counterfactual-XAI-Verifier\experiments\yolov8_search_comparison\diverse_training_scenario_split\data\diverse_training_scenario_split_v1\dataset\labels\train\T06_west_retreat_high__frame_0020.txt,9626EB8C249D6A40FFFDF855C9C0BDB4693EA4F61FECE5B8EA9088885886B59D,951B8D44741BB4ED9B832D22C1EB69678FB53AF91C24901A6527C4004BC53A01,4DBC49C9EC75C8D6484924A5E62CD3AF25898E348C93F8E7432C231312493A6E,647232682824A0A4,1,1,False,train
T06_west_retreat_high,4106,29,2.8,"[2.022222222222222, 8, 62]",C:\Users\lab\Counterfactual-XAI-Verifier\experiments\yolov8_search_comparison\diverse_training_scenario_split\data\diverse_training_scenario_split_v1\dataset\images\train\T06_west_retreat_high__frame_0029.png,C:\Users\lab\Counterfactual-XAI-Verifier\experiments\yolov8_search_comparison\diverse_training_scenario_split\data\diverse_training_scenario_split_v1\dataset\labels\train\T06_west_retreat_high__frame_0029.txt,ED3B3E2224121CA3D806A3644ADD7FB2EEBAFE67C9102DB2DEEEBEC0108B0775,35D0A8A13AEB0345E2B8C16E5944CE9B5A46F0E9B6C50BEDDCF7515EE2B98CF2,28E8DD31165614D625C9524AE6F7DFAE7A3E9DB6E1471307317BCB288CC0A45C,74323A2828A0A4B2,1,0,False,train
T06_west_retreat_high,4106,39,3.8,"[0.24444444444444446, 8, 62]",C:\Users\lab\Counterfactual-XAI-Verifier\experiments\yolov8_search_comparison\diverse_training_scenario_split\data\diverse_training_scenario_split_v1\dataset\images\train\T06_west_retreat_high__frame_0039.png,C:\Users\lab\Counterfactual-XAI-Verifier\experiments\yolov8_search_comparison\diverse_training_scenario_split\data\diverse_training_scenario_split_v1\dataset\labels\train\T06_west_retreat_high__frame_0039.txt,B406AF6C17F8EA8A81D72ECBF9C92A34FCE2494AFEF329463327B64A1408CA29,E3B0C44298FC1C149AFBF4C8996FB92427AE41E4649B934CA495991B7852B855,881D84A5193C987816610E3C65ADC15816CA2D957FBFD7A349347964160B723A,723228A8A4A4B252,0,0,True,train
T06_west_retreat_high,4106,48,4.7,"[-1.355555555555556, 8, 62]",C:\Users\lab\Counterfactual-XAI-Verifier\experiments\yolov8_search_comparison\diverse_training_scenario_split\data\diverse_training_scenario_split_v1\dataset\images\train\T06_west_retreat_high__frame_0048.png,C:\Users\lab\Counterfactual-XAI-Verifier\experiments\yolov8_search_comparison\diverse_training_scenario_split\data\diverse_training_scenario_split_v1\dataset\labels\train\T06_west_retreat_high__frame_0048.txt,BA60036B2EC2C9CCE17082A1DF9E8362E059098882006BA9E58AC3889ACB74FF,E3B0C44298FC1C149AFBF4C8996FB92427AE41E4649B934CA495991B7852B855,FF544C6B4C9C2CF8D14E773B4E6DD8535824EDEBD3AA86596E28CEA3CF5FD71A,322AA8A4A4B252D2,0,0,True,train
T06_west_retreat_high,4106,58,5.7,"[-3.133333333333333, 8, 62]",C:\Users\lab\Counterfactual-XAI-Verifier\experiments\yolov8_search_comparison\diverse_training_scenario_split\data\diverse_training_scenario_split_v1\dataset\images\train\T06_west_retreat_high__frame_0058.png,C:\Users\lab\Counterfactual-XAI-Verifier\experiments\yolov8_search_comparison\diverse_training_scenario_split\data\diverse_training_scenario_split_v1\dataset\labels\train\T06_west_retreat_high__frame_0058.txt,04E18B5F70074EB053F3D7C0323BA927A9D83765A6BE1910B80CA6A14B3CC35F,E3B0C44298FC1C149AFBF4C8996FB92427AE41E4649B934CA495991B7852B855,ED9512C967D303CC4F62DB6BB170B37E13D6E3D633437ACC1F95BD6CE2F4D9F5,3228A8A4B252D259,0,0,True,train
T06_west_retreat_high,4106,67,6.6,"[-4.7333333333333325, 8, 62]",C:\Users\lab\Counterfactual-XAI-Verifier\experiments\yolov8_search_comparison\diverse_training_scenario_split\data\diverse_training_scenario_split_v1\dataset\images\train\T06_west_retreat_high__frame_0067.png,C:\Users\lab\Counterfactual-XAI-Verifier\experiments\yolov8_search_comparison\diverse_training_scenario_split\data\diverse_training_scenario_split_v1\dataset\labels\train\T06_west_retreat_high__frame_0067.txt,1C83DBFB4CD4D70DC2839F64B15C1532B0B81C8FDBA45E62050AF8D26977E2F6,E3B0C44298FC1C149AFBF4C8996FB92427AE41E4649B934CA495991B7852B855,53525DC62F4DC5F582C5368865F33180971F4F9FA23A9639D6837D0BC21FA538,28A8A4B05252D949,0,0,True,train
T06_west_retreat_high,4106,77,7.6,"[-6.511111111111111, 8, 62]",C:\Users\lab\Counterfactual-XAI-Verifier\experiments\yolov8_search_comparison\diverse_training_scenario_split\data\diverse_training_scenario_split_v1\dataset\images\train\T06_west_retreat_high__frame_0077.png,C:\Users\lab\Counterfactual-XAI-Verifier\experiments\yolov8_search_comparison\diverse_training_scenario_split\data\diverse_training_scenario_split_v1\dataset\labels\train\T06_west_retreat_high__frame_0077.txt,F202E876D9A9255FE6E10A026F8A6EF0244217DD20588FA19C1279D6983FCA20,E3B0C44298FC1C149AFBF4C8996FB92427AE41E4649B934CA495991B7852B855,524008DB66220409815C99467F0FC2FEF23EC552599483BEEAC0FD1360EA51DA,AAACB45252D84948,0,0,True,train
T06_west_retreat_high,4106,86,8.5,"[-8.11111111111111, 8, 62]",C:\Users\lab\Counterfactual-XAI-Verifier\experiments\yolov8_search_comparison\diverse_training_scenario_split\data\diverse_training_scenario_split_v1\dataset\images\train\T06_west_retreat_high__frame_0086.png,C:\Users\lab\Counterfactual-XAI-Verifier\experiments\yolov8_search_comparison\diverse_training_scenario_split\data\diverse_training_scenario_split_v1\dataset\labels\train\T06_west_retreat_high__frame_0086.txt,0B95CB1408C4EACD8F0ACA75F8291F6D9948B8C6DB5668F9499ADF92A1A649E5,E3B0C44298FC1C149AFBF4C8996FB92427AE41E4649B934CA495991B7852B855,F530F77189F3ADC582BD61D2B72C1FE1B64152927851A731BD0066A303A652DC,A8B49252DA494864,0,0,True,train
T06_west_retreat_high,4106,96,9.5,"[-9.88888888888889, 8, 62]",C:\Users\lab\Counterfactual-XAI-Verifier\experiments\yolov8_search_comparison\diverse_training_scenario_split\data\diverse_training_scenario_split_v1\dataset\images\train\T06_west_retreat_high__frame_0096.png,C:\Users\lab\Counterfactual-XAI-Verifier\experiments\yolov8_search_comparison\diverse_training_scenario_split\data\diverse_training_scenario_split_v1\dataset\labels\train\T06_west_retreat_high__frame_0096.txt,7E5DDA3D5C1AD854C6DED3FD9947FC46C11CADE16AE6E2C4DE5AAE58EB763733,E3B0C44298FC1C149AFBF4C8996FB92427AE41E4649B934CA495991B7852B855,64CA65EFE886D61BE76F0B1B23B408E7C9176C6102CEF511020AAD707592EF31,A4925252C9496460,0,0,True,train
T06_west_retreat_high,4106,105,10.4,"[-11.488888888888887, 8, 62]",C:\Users\lab\Counterfactual-XAI-Verifier\experiments\yolov8_search_comparison\diverse_training_scenario_split\data\diverse_training_scenario_split_v1\dataset\images\train\T06_west_retreat_high__frame_0105.png,C:\Users\lab\Counterfactual-XAI-Verifier\experiments\yolov8_search_comparison\diverse_training_scenario_split\data\diverse_training_scenario_split_v1\dataset\labels\train\T06_west_retreat_high__frame_0105.txt,14B0761BCD6B7E63F21FE4257128E7D9F9CBBA8615357604A5F81601C137E412,E3B0C44298FC1C149AFBF4C8996FB92427AE41E4649B934CA495991B7852B855,C47022D62CD12AA935E5F9FA903D599305A8C038EF1A4D1A1A7391ADFCB64057,B05252D94964E470,0,0,True,train
T06_west_retreat_high,4106,115,11.4,"[-13.266666666666666, 8, 62]",C:\Users\lab\Counterfactual-XAI-Verifier\experiments\yolov8_search_comparison\diverse_training_scenario_split\data\diverse_training_scenario_split_v1\dataset\images\train\T06_west_retreat_high__frame_0115.png,C:\Users\lab\Counterfactual-XAI-Verifier\experiments\yolov8_search_comparison\diverse_training_scenario_split\data\diverse_training_scenario_split_v1\dataset\labels\train\T06_west_retreat_high__frame_0115.txt,37BC35AE7DE702BF33E6A649A16A6F3F625DE41D0F547591B75D0D41AE988A00,E3B0C44298FC1C149AFBF4C8996FB92427AE41E4649B934CA495991B7852B855,84A5FB469E8DD4DB1E0B10CA97155BCA8EC32D60164AF316177FE1A4CC6D549F,52525A4968A47052,0,0,True,train
T06_west_retreat_high,4106,124,12.3,"[-14.866666666666667, 8, 62]",C:\Users\lab\Counterfactual-XAI-Verifier\experiments\yolov8_search_comparison\diverse_training_scenario_split\data\diverse_training_scenario_split_v1\dataset\images\train\T06_west_retreat_high__frame_0124.png,C:\Users\lab\Counterfactual-XAI-Verifier\experiments\yolov8_search_comparison\diverse_training_scenario_split\data\diverse_training_scenario_split_v1\dataset\labels\train\T06_west_retreat_high__frame_0124.txt,BFC4ADFC6C8C8AC5155687B38FEC0D98945A32221B9D269A0183E37F909FA3BE,E3B0C44298FC1C149AFBF4C8996FB92427AE41E4649B934CA495991B7852B855,7FB5F6BC82D711AA2C518317F6201027F033BA4CA7D315CFEC6420E2D45F8057,5212486824F0524A,0,0,True,train
T06_west_retreat_high,4106,134,13.3,"[-16.644444444444446, 8, 62]",C:\Users\lab\Counterfactual-XAI-Verifier\experiments\yolov8_search_comparison\diverse_training_scenario_split\data\diverse_training_scenario_split_v1\dataset\images\train\T06_west_retreat_high__frame_0134.png,C:\Users\lab\Counterfactual-XAI-Verifier\experiments\yolov8_search_comparison\diverse_training_scenario_split\data\diverse_training_scenario_split_v1\dataset\labels\train\T06_west_retreat_high__frame_0134.txt,60F5A090B4456B1CB40C272B41B0C44B896652EA97AE25A8B2FD9A9DE3CE2B88,E3B0C44298FC1C149AFBF4C8996FB92427AE41E4649B934CA495991B7852B855,C01E2700684F91DEC32C1E8DE6A17A2C6D3CA3F5600858B3BCA2D6CBA3602881,125A6824F0524A59,0,0,True,train
T06_west_retreat_high,4106,143,14.2,"[-18.244444444444444, 8, 62]",C:\Users\lab\Counterfactual-XAI-Verifier\experiments\yolov8_search_comparison\diverse_training_scenario_split\data\diverse_training_scenario_split_v1\dataset\images\train\T06_west_retreat_high__frame_0143.png,C:\Users\lab\Counterfactual-XAI-Verifier\experiments\yolov8_search_comparison\diverse_training_scenario_split\data\diverse_training_scenario_split_v1\dataset\labels\train\T06_west_retreat_high__frame_0143.txt,6DC5D41B0260F70CB0F15207A5C51E569FF544A26F623618F0996173B384A561,E3B0C44298FC1C149AFBF4C8996FB92427AE41E4649B934CA495991B7852B855,E21257017CAF88A780F18EEB2F5A717E9E96C9DB00370902EF487FA48AF307C6,526828B4724A5949,0,0,True,train
T06_west_retreat_high,4106,153,15.2,"[-20.022222222222222, 8, 62]",C:\Users\lab\Counterfactual-XAI-Verifier\experiments\yolov8_search_comparison\diverse_training_scenario_split\data\diverse_training_scenario_split_v1\dataset\images\train\T06_west_retreat_high__frame_0153.png,C:\Users\lab\Counterfactual-XAI-Verifier\experiments\yolov8_search_comparison\diverse_training_scenario_split\data\diverse_training_scenario_split_v1\dataset\labels\train\T06_west_retreat_high__frame_0153.txt,848F0DAAA95198B8F6C8578A3916C3EF91E694D09A500ACB50298DA2ADA0D25C,E3B0C44298FC1C149AFBF4C8996FB92427AE41E4649B934CA495991B7852B855,61FA5F8B3E1F23BEB9F4EEBCC4C98904065EFC75186AA645E6EB4A04774938F4,6A28B4724A786969,0,0,True,train
T06_west_retreat_high,4106,162,16.1,"[-21.622222222222224, 8, 62]",C:\Users\lab\Counterfactual-XAI-Verifier\experiments\yolov8_search_comparison\diverse_training_scenario_split\data\diverse_training_scenario_split_v1\dataset\images\train\T06_west_retreat_high__frame_0162.png,C:\Users\lab\Counterfactual-XAI-Verifier\experiments\yolov8_search_comparison\diverse_training_scenario_split\data\diverse_training_scenario_split_v1\dataset\labels\train\T06_west_retreat_high__frame_0162.txt,AAA9FC6064B1EBCBC78C077CB484EB18365F59DAC42A72FA9C22074DA3E41A29,E3B0C44298FC1C149AFBF4C8996FB92427AE41E4649B934CA495991B7852B855,E82F0022C0E9450B057DDE68EA09692C54AD4A7E61EE15C8417ACA49EAB3A0F4,6AA4B0525A696963,0,0,True,train
T06_west_retreat_high,4106,172,17.1,"[-23.4, 8, 62]",C:\Users\lab\Counterfactual-XAI-Verifier\experiments\yolov8_search_comparison\diverse_training_scenario_split\data\diverse_training_scenario_split_v1\dataset\images\train\T06_west_retreat_high__frame_0172.png,C:\Users\lab\Counterfactual-XAI-Verifier\experiments\yolov8_search_comparison\diverse_training_scenario_split\data\diverse_training_scenario_split_v1\dataset\labels\train\T06_west_retreat_high__frame_0172.txt,9CB3DD1EAF89FE9E0846F5F2A499C6D354928C31C200233EEC78F82BF7351DCB,E3B0C44298FC1C149AFBF4C8996FB92427AE41E4649B934CA495991B7852B855,EF920AD750F1B3A870774FD80C2E43B6A8C14DF1C3E82AA06BD4EA94D81E6EB6,AAB4725A796963A0,0,0,True,train
T06_west_retreat_high,4106,181,18.0,"[-25, 8, 62]",C:\Users\lab\Counterfactual-XAI-Verifier\experiments\yolov8_search_comparison\diverse_training_scenario_split\data\diverse_training_scenario_split_v1\dataset\images\train\T06_west_retreat_high__frame_0181.png,C:\Users\lab\Counterfactual-XAI-Verifier\experiments\yolov8_search_comparison\diverse_training_scenario_split\data\diverse_training_scenario_split_v1\dataset\labels\train\T06_west_retreat_high__frame_0181.txt,9714FF91CC7933AB301A25A0C0551D2F5036C4A329997BC494563D1C177314C8,E3B0C44298FC1C149AFBF4C8996FB92427AE41E4649B934CA495991B7852B855,D56C75A1A13E710C1F4F9C7AA29A2D17FFA5EFB1447C71F4C808933464216A57,A4705A796967A0A4,0,0,True,train
T07_north_lateral,4107,1,0.0,"[-20, -18, 55]",C:\Users\lab\Counterfactual-XAI-Verifier\experiments\yolov8_search_comparison\diverse_training_scenario_split\data\diverse_training_scenario_split_v1\dataset\images\train\T07_north_lateral__frame_0001.png,C:\Users\lab\Counterfactual-XAI-Verifier\experiments\yolov8_search_comparison\diverse_training_scenario_split\data\diverse_training_scenario_split_v1\dataset\labels\train\T07_north_lateral__frame_0001.txt,05EA310B33875EE6D5FCD2CE17C3B661FDFD5594A7EB5B8226ED283BE826AF77,E3B0C44298FC1C149AFBF4C8996FB92427AE41E4649B934CA495991B7852B855,5C00F25BD0329F207B163DA492591F8D9BD056EF2E158B6B9D5DC506CFFD585A,06030B0301010606,0,0,True,train
T07_north_lateral,4107,10,0.9,"[-20, -16.2, 55]",C:\Users\lab\Counterfactual-XAI-Verifier\experiments\yolov8_search_comparison\diverse_training_scenario_split\data\diverse_training_scenario_split_v1\dataset\images\train\T07_north_lateral__frame_0010.png,C:\Users\lab\Counterfactual-XAI-Verifier\experiments\yolov8_search_comparison\diverse_training_scenario_split\data\diverse_training_scenario_split_v1\dataset\labels\train\T07_north_lateral__frame_0010.txt,F5F18B5D8A8D50976788D10914A57FB03E2C70EB8E75E5367EB70CE3109F3723,E3B0C44298FC1C149AFBF4C8996FB92427AE41E4649B934CA495991B7852B855,21055B20A404501F61BC70AF3DF3D50D922740E67373815D0BE5B684EA1B3CA7,0616060303030C0C,0,0,True,train
T07_north_lateral,4107,20,1.9,"[-20, -14.2, 55]",C:\Users\lab\Counterfactual-XAI-Verifier\experiments\yolov8_search_comparison\diverse_training_scenario_split\data\diverse_training_scenario_split_v1\dataset\images\train\T07_north_lateral__frame_0020.png,C:\Users\lab\Counterfactual-XAI-Verifier\experiments\yolov8_search_comparison\diverse_training_scenario_split\data\diverse_training_scenario_split_v1\dataset\labels\train\T07_north_lateral__frame_0020.txt,0A1A69FB0153313B2C23C7D9253A426D31EE35EC0E9BC231DB4A21B25B8BD6BA,E3B0C44298FC1C149AFBF4C8996FB92427AE41E4649B934CA495991B7852B855,8D69DB245842CEFEC33E4D3B3768D5C7E0CB98716A0FA2EEE49FFB444C052E9C,0C0C040606031909,0,0,True,train
T07_north_lateral,4107,29,2.8,"[-20, -12.4, 55]",C:\Users\lab\Counterfactual-XAI-Verifier\experiments\yolov8_search_comparison\diverse_training_scenario_split\data\diverse_training_scenario_split_v1\dataset\images\train\T07_north_lateral__frame_0029.png,C:\Users\lab\Counterfactual-XAI-Verifier\experiments\yolov8_search_comparison\diverse_training_scenario_split\data\diverse_training_scenario_split_v1\dataset\labels\train\T07_north_lateral__frame_0029.txt,9D14EF418257C9201BF668D2DB8061F0A83687A87E12D8D4C90C3966ABFD09A4,E3B0C44298FC1C149AFBF4C8996FB92427AE41E4649B934CA495991B7852B855,B419EF56709A8387E42EF22FA677815B93FE8E4335812F753EA626AC6E8F4C28,1A19290C0C06331B,0,0,True,train
T07_north_lateral,4107,39,3.8,"[-20, -10.4, 55]",C:\Users\lab\Counterfactual-XAI-Verifier\experiments\yolov8_search_comparison\diverse_training_scenario_split\data\diverse_training_scenario_split_v1\dataset\images\train\T07_north_lateral__frame_0039.png,C:\Users\lab\Counterfactual-XAI-Verifier\experiments\yolov8_search_comparison\diverse_training_scenario_split\data\diverse_training_scenario_split_v1\dataset\labels\train\T07_north_lateral__frame_0039.txt,D330EE3F2EDFEA98BC4BB4375F886964D7D0859FE647DA3E2F1C572517F0328D,E3B0C44298FC1C149AFBF4C8996FB92427AE41E4649B934CA495991B7852B855,1EB4E03F12E80D69CCE6DC014D888198FA0B75C122D549115CD0680A79463492,35135B19090C2636,0,0,True,train
T07_north_lateral,4107,48,4.7,"[-20, -8.6, 55]",C:\Users\lab\Counterfactual-XAI-Verifier\experiments\yolov8_search_comparison\diverse_training_scenario_split\data\diverse_training_scenario_split_v1\dataset\images\train\T07_north_lateral__frame_0048.png,C:\Users\lab\Counterfactual-XAI-Verifier\experiments\yolov8_search_comparison\diverse_training_scenario_split\data\diverse_training_scenario_split_v1\dataset\labels\train\T07_north_lateral__frame_0048.txt,3CDFCAF5C38158833CD198DFAF8CD4086A49564DFAC04E4936B4AD15CEDEDA90,E3B0C44298FC1C149AFBF4C8996FB92427AE41E4649B934CA495991B7852B855,35F1F3A0F17BE3D910FA9A7C5A19CC1A48E913A51B7A9838CB14F9FA8E493B80,25B1331359196D64,0,0,True,train
T07_north_lateral,4107,58,5.7,"[-20, -6.600000000000001, 55]",C:\Users\lab\Counterfactual-XAI-Verifier\experiments\yolov8_search_comparison\diverse_training_scenario_split\data\diverse_training_scenario_split_v1\dataset\images\train\T07_north_lateral__frame_0058.png,C:\Users\lab\Counterfactual-XAI-Verifier\experiments\yolov8_search_comparison\diverse_training_scenario_split\data\diverse_training_scenario_split_v1\dataset\labels\train\T07_north_lateral__frame_0058.txt,8CEFCBF6305B39A3DE18139316E37C6AA4011DEFD63009DA9464149687122EBD,E3B0C44298FC1C149AFBF4C8996FB92427AE41E4649B934CA495991B7852B855,75C531ABECDF06DEB1029C10B0947D5E69F86D0317FEB7280FC7EAB19C50E44B,4B636737B333DBC9,0,0,True,train
T07_north_lateral,4107,67,6.6,"[-20, -4.800000000000001, 55]",C:\Users\lab\Counterfactual-XAI-Verifier\experiments\yolov8_search_comparison\diverse_training_scenario_split\data\diverse_training_scenario_split_v1\dataset\images\train\T07_north_lateral__frame_0067.png,C:\Users\lab\Counterfactual-XAI-Verifier\experiments\yolov8_search_comparison\diverse_training_scenario_split\data\diverse_training_scenario_split_v1\dataset\labels\train\T07_north_lateral__frame_0067.txt,32AE42C7556C1012B7EF22018C3E85E8FFDBE1DEF49E66ECF8ACF319F410A37B,E3B0C44298FC1C149AFBF4C8996FB92427AE41E4649B934CA495991B7852B855,527889F856091FE89061FB47FBDCE835D9F07C8163D646CCBADF622FC90EF0A7,D2CE4F6F6672939B,0,0,True,train
T07_north_lateral,4107,77,7.6,"[-20, -2.8000000000000007, 55]",C:\Users\lab\Counterfactual-XAI-Verifier\experiments\yolov8_search_comparison\diverse_training_scenario_split\data\diverse_training_scenario_split_v1\dataset\images\train\T07_north_lateral__frame_0077.png,C:\Users\lab\Counterfactual-XAI-Verifier\experiments\yolov8_search_comparison\diverse_training_scenario_split\data\diverse_training_scenario_split_v1\dataset\labels\train\T07_north_lateral__frame_0077.txt,99A6C90128B78997A35164417696B967EA6EEE60C661784E3A49C9DE6DD6DC80,E3B0C44298FC1C149AFBF4C8996FB92427AE41E4649B934CA495991B7852B855,8BDD9B8280355C097B77C3CB10B9D7D8334E64BB8B7238A9F598FC63085BBF31,B595CECFC6E62637,0,0,True,train
T07_north_lateral,4107,86,8.5,"[-20, -1, 55]",C:\Users\lab\Counterfactual-XAI-Verifier\experiments\yolov8_search_comparison\diverse_training_scenario_split\data\diverse_training_scenario_split_v1\dataset\images\train\T07_north_lateral__frame_0086.png,C:\Users\lab\Counterfactual-XAI-Verifier\experiments\yolov8_search_comparison\diverse_training_scenario_split\data\diverse_training_scenario_split_v1\dataset\labels\train\T07_north_lateral__frame_0086.txt,BDFCD025206751015BC1B6AEED88EBC0152505C50D052C33915FB880F0350004,E3B0C44298FC1C149AFBF4C8996FB92427AE41E4649B934CA495991B7852B855,E499E80E43782A65D66EC897533BADC2950A12C20CBDF638E9874A967ADABBE4,2A8D9D9D8DCC6C6E,0,0,True,train
T07_north_lateral,4107,96,9.5,"[-20, 1, 55]",C:\Users\lab\Counterfactual-XAI-Verifier\experiments\yolov8_search_comparison\diverse_training_scenario_split\data\diverse_training_scenario_split_v1\dataset\images\train\T07_north_lateral__frame_0096.png,C:\Users\lab\Counterfactual-XAI-Verifier\experiments\yolov8_search_comparison\diverse_training_scenario_split\data\diverse_training_scenario_split_v1\dataset\labels\train\T07_north_lateral__frame_0096.txt,0C54381403C6A121F7523CC9BA6B5B1A24C33B71A511A10D0BA6DFE2867C8CE7,E3B0C44298FC1C149AFBF4C8996FB92427AE41E4649B934CA495991B7852B855,349FCA510B2C8870DC2CDB5AD9DD021BD501B51181D655D5292540310B9DA881,4E3A3B3B1A98D84C,0,0,True,train
T07_north_lateral,4107,105,10.4,"[-20, 2.799999999999997, 55]",C:\Users\lab\Counterfactual-XAI-Verifier\experiments\yolov8_search_comparison\diverse_training_scenario_split\data\diverse_training_scenario_split_v1\dataset\images\train\T07_north_lateral__frame_0105.png,C:\Users\lab\Counterfactual-XAI-Verifier\experiments\yolov8_search_comparison\diverse_training_scenario_split\data\diverse_training_scenario_split_v1\dataset\labels\train\T07_north_lateral__frame_0105.txt,FEDBB8D24C11D9B23B739262A4A30570972EB0472B40272E5782E30E41D975CA,E3B0C44298FC1C149AFBF4C8996FB92427AE41E4649B934CA495991B7852B855,79BAB90BA1AC1F9D03125D5136C84CA7F7F0CD872949971D979EAC4BD8DC8B46,D55432773591B898,0,0,True,train
T07_north_lateral,4107,115,11.4,"[-20, 4.799999999999997, 55]",C:\Users\lab\Counterfactual-XAI-Verifier\experiments\yolov8_search_comparison\diverse_training_scenario_split\data\diverse_training_scenario_split_v1\dataset\images\train\T07_north_lateral__frame_0115.png,C:\Users\lab\Counterfactual-XAI-Verifier\experiments\yolov8_search_comparison\diverse_training_scenario_split\data\diverse_training_scenario_split_v1\dataset\labels\train\T07_north_lateral__frame_0115.txt,D725684572944BED8DD739B0B8637DD9FDFAE38A38C706B815945EE2FEF6D74C,E3B0C44298FC1C149AFBF4C8996FB92427AE41E4649B934CA495991B7852B855,02D1F7358E2E58CAD17325124781E77378D3D12CC1FDF3FB5638854A9F100748,A92D646E2A2230B0,0,0,True,train
T07_north_lateral,4107,124,12.3,"[-20, 6.600000000000001, 55]",C:\Users\lab\Counterfactual-XAI-Verifier\experiments\yolov8_search_comparison\diverse_training_scenario_split\data\diverse_training_scenario_split_v1\dataset\images\train\T07_north_lateral__frame_0124.png,C:\Users\lab\Counterfactual-XAI-Verifier\experiments\yolov8_search_comparison\diverse_training_scenario_split\data\diverse_training_scenario_split_v1\dataset\labels\train\T07_north_lateral__frame_0124.txt,1F2E99CB90EF0783E6029FBF814C5C2F7A08FD8B917E026BB268C982CE87E404,E3B0C44298FC1C149AFBF4C8996FB92427AE41E4649B934CA495991B7852B855,0A7926B743129F32D5C4101BB7FFF678A0D95B1CEB9B66C6D223624FB9DDAC10,B2AA6D7C6C666160,0,0,True,train
T07_north_lateral,4107,134,13.3,"[-20, 8.600000000000001, 55]",C:\Users\lab\Counterfactual-XAI-Verifier\experiments\yolov8_search_comparison\diverse_training_scenario_split\data\diverse_training_scenario_split_v1\dataset\images\train\T07_north_lateral__frame_0134.png,C:\Users\lab\Counterfactual-XAI-Verifier\experiments\yolov8_search_comparison\diverse_training_scenario_split\data\diverse_training_scenario_split_v1\dataset\labels\train\T07_north_lateral__frame_0134.txt,AEA09CB996BD46B0A25CE24A7B6366E8C1A840FEDD1CAF13C89FD6D310193A3B,E3B0C44298FC1C149AFBF4C8996FB92427AE41E4649B934CA495991B7852B855,DF705E5F708188277F07EE9FCD7E9657304DF28C93E25B1E240761F9CE5E7C0C,7452DAD9D9C9C2C9,0,0,True,train
T07_north_lateral,4107,143,14.2,"[-20, 10.399999999999999, 55]",C:\Users\lab\Counterfactual-XAI-Verifier\experiments\yolov8_search_comparison\diverse_training_scenario_split\data\diverse_training_scenario_split_v1\dataset\images\train\T07_north_lateral__frame_0143.png,C:\Users\lab\Counterfactual-XAI-Verifier\experiments\yolov8_search_comparison\diverse_training_scenario_split\data\diverse_training_scenario_split_v1\dataset\labels\train\T07_north_lateral__frame_0143.txt,B59A7AE4F16C97DF81CA6C19A4CDB62EA7ADA9D60F0D0658E24B04625E44CEC9,E3B0C44298FC1C149AFBF4C8996FB92427AE41E4649B934CA495991B7852B855,A6CF96FB7520820F6369DD5EB080D81FDB46A2A38DDD7435BBC3261D77F54E85,E8A4B4B2B29A8493,0,0,True,train
T07_north_lateral,4107,153,15.2,"[-20, 12.399999999999999, 55]",C:\Users\lab\Counterfactual-XAI-Verifier\experiments\yolov8_search_comparison\diverse_training_scenario_split\data\diverse_training_scenario_split_v1\dataset\images\train\T07_north_lateral__frame_0153.png,C:\Users\lab\Counterfactual-XAI-Verifier\experiments\yolov8_search_comparison\diverse_training_scenario_split\data\diverse_training_scenario_split_v1\dataset\labels\train\T07_north_lateral__frame_0153.txt,A9E4B11D772E5CD4338463AE0FD5D1996421204E521CAC10DEDDD78BBB74FFF3,E3B0C44298FC1C149AFBF4C8996FB92427AE41E4649B934CA495991B7852B855,20678A3D440BA95441ADA0D90DD5394CFB96A078F52655C4EA300684208E42EE,C848286464250907,0,0,True,train
T07_north_lateral,4107,162,16.1,"[-20, 14.200000000000003, 55]",C:\Users\lab\Counterfactual-XAI-Verifier\experiments\yolov8_search_comparison\diverse_training_scenario_split\data\diverse_training_scenario_split_v1\dataset\images\train\T07_north_lateral__frame_0162.png,C:\Users\lab\Counterfactual-XAI-Verifier\experiments\yolov8_search_comparison\diverse_training_scenario_split\data\diverse_training_scenario_split_v1\dataset\labels\train\T07_north_lateral__frame_0162.txt,07FE36F7F1C887BAE5423AC5EFFAD62FCD195EDB1C4349F688D59B558DA9C755,E3B0C44298FC1C149AFBF4C8996FB92427AE41E4649B934CA495991B7852B855,C2374FC8C3C7B63001AC3C0934854EF35F0C15632429A20ED6C59F10AD16C750,91D048C9C969130E,0,0,True,train
T07_north_lateral,4107,172,17.1,"[-20, 16.199999999999996, 55]",C:\Users\lab\Counterfactual-XAI-Verifier\experiments\yolov8_search_comparison\diverse_training_scenario_split\data\diverse_training_scenario_split_v1\dataset\images\train\T07_north_lateral__frame_0172.png,C:\Users\lab\Counterfactual-XAI-Verifier\experiments\yolov8_search_comparison\diverse_training_scenario_split\data\diverse_training_scenario_split_v1\dataset\labels\train\T07_north_lateral__frame_0172.txt,D37F834B7F2283BB4138AE5E08F5249F06B0BE4F5AC17267331D515C119E0F74,E3B0C44298FC1C149AFBF4C8996FB92427AE41E4649B934CA495991B7852B855,DB55465F4708973EBA9375E6857C8A16AC74E4D0CC912C68A3340570B0981D34,2181919193D3261D,0,0,True,train
T07_north_lateral,4107,181,18.0,"[-20, 18, 55]",C:\Users\lab\Counterfactual-XAI-Verifier\experiments\yolov8_search_comparison\diverse_training_scenario_split\data\diverse_training_scenario_split_v1\dataset\images\train\T07_north_lateral__frame_0181.png,C:\Users\lab\Counterfactual-XAI-Verifier\experiments\yolov8_search_comparison\diverse_training_scenario_split\data\diverse_training_scenario_split_v1\dataset\labels\train\T07_north_lateral__frame_0181.txt,4D477CFF9122A1CD27D02797ECBE8123FB47E6E563B867F4E9F3458637DA971C,E3B0C44298FC1C149AFBF4C8996FB92427AE41E4649B934CA495991B7852B855,E305D1B1267D5170C81FC98E92DE97B75C078EA512192AA380C71CF376870621,4323232307A74D19,0,0,True,train
T08_south_lateral,4108,1,0.0,"[-16, 20, 62]",C:\Users\lab\Counterfactual-XAI-Verifier\experiments\yolov8_search_comparison\diverse_training_scenario_split\data\diverse_training_scenario_split_v1\dataset\images\train\T08_south_lateral__frame_0001.png,C:\Users\lab\Counterfactual-XAI-Verifier\experiments\yolov8_search_comparison\diverse_training_scenario_split\data\diverse_training_scenario_split_v1\dataset\labels\train\T08_south_lateral__frame_0001.txt,567656B2CC0281A280DACF40C70BC8E2C7A88EB8EEA33FF08AC4AB31072FB475,E3B0C44298FC1C149AFBF4C8996FB92427AE41E4649B934CA495991B7852B855,3426B639DB91014C1C01CECDC0190595D555FC471EA4AFC6C3504610267D38DF,A797972747272727,0,0,True,train
T08_south_lateral,4108,10,0.9,"[-16, 18, 62]",C:\Users\lab\Counterfactual-XAI-Verifier\experiments\yolov8_search_comparison\diverse_training_scenario_split\data\diverse_training_scenario_split_v1\dataset\images\train\T08_south_lateral__frame_0010.png,C:\Users\lab\Counterfactual-XAI-Verifier\experiments\yolov8_search_comparison\diverse_training_scenario_split\data\diverse_training_scenario_split_v1\dataset\labels\train\T08_south_lateral__frame_0010.txt,54A67488EBACE97B7D8B9335B952B7B153865072B6FBE3DB40BE921F8B83A4D9,E3B0C44298FC1C149AFBF4C8996FB92427AE41E4649B934CA495991B7852B855,EE6B054F70B35B19F3EC36576715617684026A38C8B77C6B84992B7FC03A7AFD,97D74F3723A38393,0,0,True,train
T08_south_lateral,4108,20,1.9,"[-16, 15.777777777777779, 62]",C:\Users\lab\Counterfactual-XAI-Verifier\experiments\yolov8_search_comparison\diverse_training_scenario_split\data\diverse_training_scenario_split_v1\dataset\images\train\T08_south_lateral__frame_0020.png,C:\Users\lab\Counterfactual-XAI-Verifier\experiments\yolov8_search_comparison\diverse_training_scenario_split\data\diverse_training_scenario_split_v1\dataset\labels\train\T08_south_lateral__frame_0020.txt,A6ACCB9F582B1765FC87772CEEA0A99951BE3EEB9A949540777987429C78A502,E3B0C44298FC1C149AFBF4C8996FB92427AE41E4649B934CA495991B7852B855,3FBE26F7D4B151216E9FD365BEEBCD6356E0B6675429457861376D6C1660DCA6,534B2B33939353CB,0,0,True,train
T08_south_lateral,4108,29,2.8,"[-16, 13.777777777777779, 62]",C:\Users\lab\Counterfactual-XAI-Verifier\experiments\yolov8_search_comparison\diverse_training_scenario_split\data\diverse_training_scenario_split_v1\dataset\images\train\T08_south_lateral__frame_0029.png,C:\Users\lab\Counterfactual-XAI-Verifier\experiments\yolov8_search_comparison\diverse_training_scenario_split\data\diverse_training_scenario_split_v1\dataset\labels\train\T08_south_lateral__frame_0029.txt,5518843CCE36E1A571AA24D72EE5498B514F6F7AA84B9AC6CB6AE81DD40A63D3,E3B0C44298FC1C149AFBF4C8996FB92427AE41E4649B934CA495991B7852B855,D5A455F1EEF8B7CD1E74C4C87F91C858759A90AF1ABE557BA098BE60441D43D4,4BE7A589D1C92969,0,0,True,train
T08_south_lateral,4108,39,3.8,"[-16, 11.555555555555555, 62]",C:\Users\lab\Counterfactual-XAI-Verifier\experiments\yolov8_search_comparison\diverse_training_scenario_split\data\diverse_training_scenario_split_v1\dataset\images\train\T08_south_lateral__frame_0039.png,C:\Users\lab\Counterfactual-XAI-Verifier\experiments\yolov8_search_comparison\diverse_training_scenario_split\data\diverse_training_scenario_split_v1\dataset\labels\train\T08_south_lateral__frame_0039.txt,FFF9E30AE0748AB0477861B8BFB411373D8E0ACEECBCE457CDADEBB3EBAB4CF2,E3B0C44298FC1C149AFBF4C8996FB92427AE41E4649B934CA495991B7852B855,2FD863B5EE47C522816DC937AFD3F4B349D502262F45ABBD3F32C76428E87363,25B5954948E0A4A4,0,0,True,train
T08_south_lateral,4108,48,4.7,"[-16, 9.555555555555555, 62]",C:\Users\lab\Counterfactual-XAI-Verifier\experiments\yolov8_search_comparison\diverse_training_scenario_split\data\diverse_training_scenario_split_v1\dataset\images\train\T08_south_lateral__frame_0048.png,C:\Users\lab\Counterfactual-XAI-Verifier\experiments\yolov8_search_comparison\diverse_training_scenario_split\data\diverse_training_scenario_split_v1\dataset\labels\train\T08_south_lateral__frame_0048.txt,B9ACCAA280E2ABB010102357E7767AF7FE9A93197B88FA12EC0144D3D298177F,E3B0C44298FC1C149AFBF4C8996FB92427AE41E4649B934CA495991B7852B855,ABE9D38D2A9B9BAE9DE4C84ECB4470DA8DDB62A0FC8DD487B6647708478E7A8B,3552524C64F4D4D2,0,0,True,train
T08_south_lateral,4108,58,5.7,"[-16, 7.333333333333334, 62]",C:\Users\lab\Counterfactual-XAI-Verifier\experiments\yolov8_search_comparison\diverse_training_scenario_split\data\diverse_training_scenario_split_v1\dataset\images\train\T08_south_lateral__frame_0058.png,C:\Users\lab\Counterfactual-XAI-Verifier\experiments\yolov8_search_comparison\diverse_training_scenario_split\data\diverse_training_scenario_split_v1\dataset\labels\train\T08_south_lateral__frame_0058.txt,052D271DFEA4446BDB073E13121ADE12E5C145471BD80A3764CB2185F2E94404,E3B0C44298FC1C149AFBF4C8996FB92427AE41E4649B934CA495991B7852B855,FB15C7AA8D097B6384FE1D5206B3AADA6E97C8735A0991EA9406100CDABCAB71,12796924B0726AE9,0,0,True,train
T08_south_lateral,4108,67,6.6,"[-16, 5.333333333333334, 62]",C:\Users\lab\Counterfactual-XAI-Verifier\experiments\yolov8_search_comparison\diverse_training_scenario_split\data\diverse_training_scenario_split_v1\dataset\images\train\T08_south_lateral__frame_0067.png,C:\Users\lab\Counterfactual-XAI-Verifier\experiments\yolov8_search_comparison\diverse_training_scenario_split\data\diverse_training_scenario_split_v1\dataset\labels\train\T08_south_lateral__frame_0067.txt,6172A01CE9E5CDC36F95BBEF259A31B61C1FF0B7ACDD9948DFAECFD8746CC125,E3B0C44298FC1C149AFBF4C8996FB92427AE41E4649B934CA495991B7852B855,7F26ABB24BC9A196BED38440741EB4B02FE9F097DC03F407E6C9C04743C08ECC,0929A5A6DA69256C,0,0,True,train
T08_south_lateral,4108,77,7.6,"[-16, 3.1111111111111107, 62]",C:\Users\lab\Counterfactual-XAI-Verifier\experiments\yolov8_search_comparison\diverse_training_scenario_split\data\diverse_training_scenario_split_v1\dataset\images\train\T08_south_lateral__frame_0077.png,C:\Users\lab\Counterfactual-XAI-Verifier\experiments\yolov8_search_comparison\diverse_training_scenario_split\data\diverse_training_scenario_split_v1\dataset\labels\train\T08_south_lateral__frame_0077.txt,4AB19C5080F5B5784962020FAB746270B2C93D10F3F08E14FC11AFBA81D6449E,E3B0C44298FC1C149AFBF4C8996FB92427AE41E4649B934CA495991B7852B855,D825F80D64809ED692FB7DBA788497F1327D70844A7FD4CF9D1E177E64A9C26E,8DB4D4D3593D3436,0,0,True,train
T08_south_lateral,4108,86,8.5,"[-16, 1.1111111111111107, 62]",C:\Users\lab\Counterfactual-XAI-Verifier\experiments\yolov8_search_comparison\diverse_training_scenario_split\data\diverse_training_scenario_split_v1\dataset\images\train\T08_south_lateral__frame_0086.png,C:\Users\lab\Counterfactual-XAI-Verifier\experiments\yolov8_search_comparison\diverse_training_scenario_split\data\diverse_training_scenario_split_v1\dataset\labels\train\T08_south_lateral__frame_0086.txt,7BDD46A352A5D9D0B229D30E2BA6B66540EE2E648BECA743411C083EB61C890A,E3B0C44298FC1C149AFBF4C8996FB92427AE41E4649B934CA495991B7852B855,71F86369701D85C244E7DB1F00C608F010A55586460C87C48E2CAF54C3E89763,D4965A492C9C9ABA,0,0,True,train
T08_south_lateral,4108,96,9.5,"[-16, -1.1111111111111107, 62]",C:\Users\lab\Counterfactual-XAI-Verifier\experiments\yolov8_search_comparison\diverse_training_scenario_split\data\diverse_training_scenario_split_v1\dataset\images\train\T08_south_lateral__frame_0096.png,C:\Users\lab\Counterfactual-XAI-Verifier\experiments\yolov8_search_comparison\diverse_training_scenario_split\data\diverse_training_scenario_split_v1\dataset\labels\train\T08_south_lateral__frame_0096.txt,E98D6AB83D6D08F6C0DDBD9DEF7CAA83C902B65C3F4D6A5A5375687C22556E2A,E3B0C44298FC1C149AFBF4C8996FB92427AE41E4649B934CA495991B7852B855,14EAA4E7BD9BBE3AD53DF74E7668777BBCDC8164975B6DF1CE851C9626D5BCF8,C6CA29A8AE9A99DD,0,0,True,train
T08_south_lateral,4108,105,10.4,"[-16, -3.111111111111107, 62]",C:\Users\lab\Counterfactual-XAI-Verifier\experiments\yolov8_search_comparison\diverse_training_scenario_split\data\diverse_training_scenario_split_v1\dataset\images\train\T08_south_lateral__frame_0105.png,C:\Users\lab\Counterfactual-XAI-Verifier\experiments\yolov8_search_comparison\diverse_training_scenario_split\data\diverse_training_scenario_split_v1\dataset\labels\train\T08_south_lateral__frame_0105.txt,32A011E4E3705F889EB261ED92968295AD1AD932B4464045D034748A0261DD19,E3B0C44298FC1C149AFBF4C8996FB92427AE41E4649B934CA495991B7852B855,3FBBF406B2A459322F8A5975E8BF39FCFBCAD00987E1C0EDEC571EDE661F5FD2,624FBDB4D7CDCC4D,0,0,True,train
T08_south_lateral,4108,115,11.4,"[-16, -5.333333333333332, 62]",C:\Users\lab\Counterfactual-XAI-Verifier\experiments\yolov8_search_comparison\diverse_training_scenario_split\data\diverse_training_scenario_split_v1\dataset\images\train\T08_south_lateral__frame_0115.png,C:\Users\lab\Counterfactual-XAI-Verifier\experiments\yolov8_search_comparison\diverse_training_scenario_split\data\diverse_training_scenario_split_v1\dataset\labels\train\T08_south_lateral__frame_0115.txt,481BB8973795A53492AF274D41D9265246AAE928B3EA0CC27DBA3DEB5D5B4509,E3B0C44298FC1C149AFBF4C8996FB92427AE41E4649B934CA495991B7852B855,296B88677EA082EA3F7F1C700BF1C15DEDAFF3B5070992E8C61E4EC7F80D631C,6125D4D24F666626,0,0,True,train
T08_south_lateral,4108,124,12.3,"[-16, -7.333333333333336, 62]",C:\Users\lab\Counterfactual-XAI-Verifier\experiments\yolov8_search_comparison\diverse_training_scenario_split\data\diverse_training_scenario_split_v1\dataset\images\train\T08_south_lateral__frame_0124.png,C:\Users\lab\Counterfactual-XAI-Verifier\experiments\yolov8_search_comparison\diverse_training_scenario_split\data\diverse_training_scenario_split_v1\dataset\labels\train\T08_south_lateral__frame_0124.txt,5344C5A1587571A10902D4505DB440281714E2EFE0690E8E0DA9BF5D7E13C350,E3B0C44298FC1C149AFBF4C8996FB92427AE41E4649B934CA495991B7852B855,EB7E835224EF2FFB58822C4B174D1697EABF46C5629946E55CD512FE20E61B68,B1B64A6A6AA6A7B7,0,0,True,train
T08_south_lateral,4108,134,13.3,"[-16, -9.555555555555557, 62]",C:\Users\lab\Counterfactual-XAI-Verifier\experiments\yolov8_search_comparison\diverse_training_scenario_split\data\diverse_training_scenario_split_v1\dataset\images\train\T08_south_lateral__frame_0134.png,C:\Users\lab\Counterfactual-XAI-Verifier\experiments\yolov8_search_comparison\diverse_training_scenario_split\data\diverse_training_scenario_split_v1\dataset\labels\train\T08_south_lateral__frame_0134.txt,E0E1CF0E2DA6E771E9C4C2B81E9265DD5A4995370CA4C697DF48367CBFF1E99D,E3B0C44298FC1C149AFBF4C8996FB92427AE41E4649B934CA495991B7852B855,6A5B03BFE227C384C8FCAE5776B532CA4D20651DC3CFC43E8528B35F829344E1,90932BAD35B35353,0,0,True,train
T08_south_lateral,4108,143,14.2,"[-16, -11.555555555555554, 62]",C:\Users\lab\Counterfactual-XAI-Verifier\experiments\yolov8_search_comparison\diverse_training_scenario_split\data\diverse_training_scenario_split_v1\dataset\images\train\T08_south_lateral__frame_0143.png,C:\Users\lab\Counterfactual-XAI-Verifier\experiments\yolov8_search_comparison\diverse_training_scenario_split\data\diverse_training_scenario_split_v1\dataset\labels\train\T08_south_lateral__frame_0143.txt,F3590EA331CF5222656C660B247D49A497242103E86340757A7720593AF6F006,E3B0C44298FC1C149AFBF4C8996FB92427AE41E4649B934CA495991B7852B855,7FDA105C7EACE4FA4DBC6966F6BA33C09EE6BC84559E12520D681287B323DFDC,585B35B5155B5929,0,0,True,train
T08_south_lateral,4108,153,15.2,"[-16, -13.777777777777779, 62]",C:\Users\lab\Counterfactual-XAI-Verifier\experiments\yolov8_search_comparison\diverse_training_scenario_split\data\diverse_training_scenario_split_v1\dataset\images\train\T08_south_lateral__frame_0153.png,C:\Users\lab\Counterfactual-XAI-Verifier\experiments\yolov8_search_comparison\diverse_training_scenario_split\data\diverse_training_scenario_split_v1\dataset\labels\train\T08_south_lateral__frame_0153.txt,3287ED59F397F86750D5A2490956D48D5EF7436F422A0B4BF28808E151E35EC6,E3B0C44298FC1C149AFBF4C8996FB92427AE41E4649B934CA495991B7852B855,2B580A0D54D2B934E48079C07B00B2252828FBF24D17BA92A7D16593A87ED67A,4849165A1A292D2C,0,0,True,train
T08_south_lateral,4108,162,16.1,"[-16, -15.777777777777779, 62]",C:\Users\lab\Counterfactual-XAI-Verifier\experiments\yolov8_search_comparison\diverse_training_scenario_split\data\diverse_training_scenario_split_v1\dataset\images\train\T08_south_lateral__frame_0162.png,C:\Users\lab\Counterfactual-XAI-Verifier\experiments\yolov8_search_comparison\diverse_training_scenario_split\data\diverse_training_scenario_split_v1\dataset\labels\train\T08_south_lateral__frame_0162.txt,D86AC9EAB85663DAA486394CC1B230D74BE51030A2F1EDDEAAC1F081513676CD,E3B0C44298FC1C149AFBF4C8996FB92427AE41E4649B934CA495991B7852B855,08AF7C599A5D12A8E404D9D49DC4BDB0E6AF00D097E68C93A6747ECD00D1EDA0,ACAD0A2A2D2C1416,0,0,True,train
T08_south_lateral,4108,172,17.1,"[-16, -18, 62]",C:\Users\lab\Counterfactual-XAI-Verifier\experiments\yolov8_search_comparison\diverse_training_scenario_split\data\diverse_training_scenario_split_v1\dataset\images\train\T08_south_lateral__frame_0172.png,C:\Users\lab\Counterfactual-XAI-Verifier\experiments\yolov8_search_comparison\diverse_training_scenario_split\data\diverse_training_scenario_split_v1\dataset\labels\train\T08_south_lateral__frame_0172.txt,6564FA7A0F4430EA709276ED0608326C63F7416C326ED69092AC5ACA59B34B42,E3B0C44298FC1C149AFBF4C8996FB92427AE41E4649B934CA495991B7852B855,FF3B9E9D0334E436207B8481DDA2673B1C22120B8A3CEBC98DC796510F2D22DE,A4A48DAD8496928A,0,0,True,train
T08_south_lateral,4108,181,18.0,"[-16, -20, 62]",C:\Users\lab\Counterfactual-XAI-Verifier\experiments\yolov8_search_comparison\diverse_training_scenario_split\data\diverse_training_scenario_split_v1\dataset\images\train\T08_south_lateral__frame_0181.png,C:\Users\lab\Counterfactual-XAI-Verifier\experiments\yolov8_search_comparison\diverse_training_scenario_split\data\diverse_training_scenario_split_v1\dataset\labels\train\T08_south_lateral__frame_0181.txt,06B37CDA636CA7182263628D74FDFB257F514F2870CE296EDCFA4C58B3330460,E3B0C44298FC1C149AFBF4C8996FB92427AE41E4649B934CA495991B7852B855,A786D774DB6C4576668194F050BFD1F3534F87504CE6D8B80C4D5ACAD00FEA5F,D6C6C5D4C6CBCBCB,0,0,True,train
T09_diagonal_swnE,4109,1,0.0,"[-32, -16, 56]",C:\Users\lab\Counterfactual-XAI-Verifier\experiments\yolov8_search_comparison\diverse_training_scenario_split\data\diverse_training_scenario_split_v1\dataset\images\train\T09_diagonal_swnE__frame_0001.png,C:\Users\lab\Counterfactual-XAI-Verifier\experiments\yolov8_search_comparison\diverse_training_scenario_split\data\diverse_training_scenario_split_v1\dataset\labels\train\T09_diagonal_swnE__frame_0001.txt,1DC93D89DB5FDB89AC71EA030D427E2EA55733A94796B6EEA21E18980F7A584B,E3B0C44298FC1C149AFBF4C8996FB92427AE41E4649B934CA495991B7852B855,12FDD17869378DABCA4CACBE65FF29362F7480456DE67A589AD83FD7C3EBCCF3,0B0D0D0204C0C0C0,0,0,True,train
T09_diagonal_swnE,4109,10,0.9,"[-29.8, -14.5, 56]",C:\Users\lab\Counterfactual-XAI-Verifier\experiments\yolov8_search_comparison\diverse_training_scenario_split\data\diverse_training_scenario_split_v1\dataset\images\train\T09_diagonal_swnE__frame_0010.png,C:\Users\lab\Counterfactual-XAI-Verifier\experiments\yolov8_search_comparison\diverse_training_scenario_split\data\diverse_training_scenario_split_v1\dataset\labels\train\T09_diagonal_swnE__frame_0010.txt,A9134735A60CB4B0CB1DA5796F02B876B0B3A989D0E22A162FF52907CA0978C3,E3B0C44298FC1C149AFBF4C8996FB92427AE41E4649B934CA495991B7852B855,1E8666204809F0A44244FB8DB0F7433C5EA3DBC571B099897430797A4A3C7550,061A092915088080,0,0,True,train
T09_diagonal_swnE,4109,20,1.9,"[-27.355555555555554, -12.833333333333334, 56]",C:\Users\lab\Counterfactual-XAI-Verifier\experiments\yolov8_search_comparison\diverse_training_scenario_split\data\diverse_training_scenario_split_v1\dataset\images\train\T09_diagonal_swnE__frame_0020.png,C:\Users\lab\Counterfactual-XAI-Verifier\experiments\yolov8_search_comparison\diverse_training_scenario_split\data\diverse_training_scenario_split_v1\dataset\labels\train\T09_diagonal_swnE__frame_0020.txt,FA5481577A2C7E1F073E6ABF83A71A7E0DBFE9644AFD2C06CC80A7CFF3E68B7B,F644E710C6E6B3415A444301B694404666E78F5D5F2D8B1EB5D3441719ADD46D,DF90F1D3E83AFE3BDE55EBD845984CD54AA760C712A763F7FB04AA349905ABC0,0D0C161A1B050800,1,0,False,train
T09_diagonal_swnE,4109,29,2.8,"[-25.155555555555555, -11.333333333333332, 56]",C:\Users\lab\Counterfactual-XAI-Verifier\experiments\yolov8_search_comparison\diverse_training_scenario_split\data\diverse_training_scenario_split_v1\dataset\images\train\T09_diagonal_swnE__frame_0029.png,C:\Users\lab\Counterfactual-XAI-Verifier\experiments\yolov8_search_comparison\diverse_training_scenario_split\data\diverse_training_scenario_split_v1\dataset\labels\train\T09_diagonal_swnE__frame_0029.txt,333BF6A3D82D4A70A6758BCE88407C4A1E935ABC45F018D7020C2AAE268742FA,7333C9217E97C4AC13999E547018E61AB2678EFD21D6A24421460AD1B5585243,35108503B173961E1ACE8A2A928CBCDDCDB7D66D285F9A8FB90334EB3DFD70B4,19190D3432521305,1,1,False,train
T09_diagonal_swnE,4109,39,3.8,"[-22.71111111111111, -9.666666666666668, 56]",C:\Users\lab\Counterfactual-XAI-Verifier\experiments\yolov8_search_comparison\diverse_training_scenario_split\data\diverse_training_scenario_split_v1\dataset\images\train\T09_diagonal_swnE__frame_0039.png,C:\Users\lab\Counterfactual-XAI-Verifier\experiments\yolov8_search_comparison\diverse_training_scenario_split\data\diverse_training_scenario_split_v1\dataset\labels\train\T09_diagonal_swnE__frame_0039.txt,B71012A01C47FE1EA4D72BCE017978BD94D795266B9B42D55732F406BDBF300F,8E4BD6E53F5374FDF2CA8302EED3D2D28BDE2CA55FCC6EC5A8F2BB283476F157,D0F705B1B579BFFE80BE5270C9406EFE627F115780DD4778E4D7B8FCBB835262,31131B196D653436,1,0,False,train
T09_diagonal_swnE,4109,48,4.7,"[-20.511111111111113, -8.166666666666666, 56]",C:\Users\lab\Counterfactual-XAI-Verifier\experiments\yolov8_search_comparison\diverse_training_scenario_split\data\diverse_training_scenario_split_v1\dataset\images\train\T09_diagonal_swnE__frame_0048.png,C:\Users\lab\Counterfactual-XAI-Verifier\experiments\yolov8_search_comparison\diverse_training_scenario_split\data\diverse_training_scenario_split_v1\dataset\labels\train\T09_diagonal_swnE__frame_0048.txt,1087A1E3F81EA6615CC52D8E02E8E9C8B8693FC03434E2A044BB069335E1B0BB,99D7E8C83ADF2DA7F79C2C954B0F85CFBFCCF4BF4F53E2AB0E5C2132F64DA128,726452F297B2140066CCB742054A0220EDE41D7599DB5FEE319C66CCDA957DDF,69B5B33353194D6D,1,0,False,train
T09_diagonal_swnE,4109,58,5.7,"[-18.066666666666666, -6.5, 56]",C:\Users\lab\Counterfactual-XAI-Verifier\experiments\yolov8_search_comparison\diverse_training_scenario_split\data\diverse_training_scenario_split_v1\dataset\images\train\T09_diagonal_swnE__frame_0058.png,C:\Users\lab\Counterfactual-XAI-Verifier\experiments\yolov8_search_comparison\diverse_training_scenario_split\data\diverse_training_scenario_split_v1\dataset\labels\train\T09_diagonal_swnE__frame_0058.txt,2E3F65B8EC1D4806CC390B6A4EE585F0C95D16CA51FE9349D9DE184BA444B05C,3D9BED1E6747C799D57F32E1FCBEFA0B71743DC7EC8B5A2FFB041A307E9F3A1F,682BCD8D3C325073F6F1EAD455C07E82BE6130AD642AB81CA3DF2610091C60C7,DA4A636767A7B31B,1,1,False,train
T09_diagonal_swnE,4109,67,6.6,"[-15.866666666666667, -5, 56]",C:\Users\lab\Counterfactual-XAI-Verifier\experiments\yolov8_search_comparison\diverse_training_scenario_split\data\diverse_training_scenario_split_v1\dataset\images\train\T09_diagonal_swnE__frame_0067.png,C:\Users\lab\Counterfactual-XAI-Verifier\experiments\yolov8_search_comparison\diverse_training_scenario_split\data\diverse_training_scenario_split_v1\dataset\labels\train\T09_diagonal_swnE__frame_0067.txt,41605B608C1CF3DA11F8E7C1BF8A55CED4F6B755CB2FF6DA5D79B792F936F323,81D906D301A338879BB46364E5F4F7C2D42C1C4D281D9836F908DC96BE77B808,BFBAE511A3387CE44DB57560A15B04D4F57020A2767E931C4404347FEF009F42,9692D2C2CEC76E63,0,1,False,train
T09_diagonal_swnE,4109,77,7.6,"[-13.42222222222222, -3.333333333333334, 56]",C:\Users\lab\Counterfactual-XAI-Verifier\experiments\yolov8_search_comparison\diverse_training_scenario_split\data\diverse_training_scenario_split_v1\dataset\images\train\T09_diagonal_swnE__frame_0077.png,C:\Users\lab\Counterfactual-XAI-Verifier\experiments\yolov8_search_comparison\diverse_training_scenario_split\data\diverse_training_scenario_split_v1\dataset\labels\train\T09_diagonal_swnE__frame_0077.txt,F33A8018A7DC00151F45ECB83AA337067FE7ADDF70A1A2C7DB94F2C375713A8E,28332838CE3C9AEEF94C5185EA64EB139A8EBAD7BA3325559560859686636A7F,1CB3BBBBEF7A590CAA7F361EFBBBE6CBB51A5490DC9773A0CE7EF647AF422CBF,8434343696CE8E8F,0,1,False,train
T09_diagonal_swnE,4109,86,8.5,"[-11.222222222222221, -1.833333333333334, 56]",C:\Users\lab\Counterfactual-XAI-Verifier\experiments\yolov8_search_comparison\diverse_training_scenario_split\data\diverse_training_scenario_split_v1\dataset\images\train\T09_diagonal_swnE__frame_0086.png,C:\Users\lab\Counterfactual-XAI-Verifier\experiments\yolov8_search_comparison\diverse_training_scenario_split\data\diverse_training_scenario_split_v1\dataset\labels\train\T09_diagonal_swnE__frame_0086.txt,EB7E01B9550787C431B2CF0C601961EDD0E7C5BB950B6414B31ECA993EF466CD,FB45DAC33C4619BC68D8DB95DEDCA9904C38ED872C3533F957838A93CC2EB69A,DAFB9D5B7716C21C982420AA8B48098EC1A2F8E8D42BBC3EB1EBDFB457DDC2BB,C91DEC6C6C251D9E,0,1,False,train
T09_diagonal_swnE,4109,96,9.5,"[-8.777777777777779, -0.16666666666666607, 56]",C:\Users\lab\Counterfactual-XAI-Verifier\experiments\yolov8_search_comparison\diverse_training_scenario_split\data\diverse_training_scenario_split_v1\dataset\images\train\T09_diagonal_swnE__frame_0096.png,C:\Users\lab\Counterfactual-XAI-Verifier\experiments\yolov8_search_comparison\diverse_training_scenario_split\data\diverse_training_scenario_split_v1\dataset\labels\train\T09_diagonal_swnE__frame_0096.txt,FAA1F05100D8069F4D107B6315A8EE5F79692F065087914169FE62DC73A86512,05778466A9E851A4F38265FCFA93EF03B9D5B2DD98A6C62B720ECBF267A10194,73455480FFE15ABC3661E6DCCF3A20B7A3D2176F05EBAE8F6F97BD66294C4F9E,939B2B29C84C6C4D,1,1,False,train
T09_diagonal_swnE,4109,105,10.4,"[-6.577777777777779, 1.3333333333333321, 56]",C:\Users\lab\Counterfactual-XAI-Verifier\experiments\yolov8_search_comparison\diverse_training_scenario_split\data\diverse_training_scenario_split_v1\dataset\images\train\T09_diagonal_swnE__frame_0105.png,C:\Users\lab\Counterfactual-XAI-Verifier\experiments\yolov8_search_comparison\diverse_training_scenario_split\data\diverse_training_scenario_split_v1\dataset\labels\train\T09_diagonal_swnE__frame_0105.txt,D75B736D2DA3E62D8797DE11737FAC88431A66CEE01436AFD854677682FF15FC,E72012A4E389F3DF77C0A40D4DE5C054C34DFA51F6556003C685F45B975F051E,1E6D9483DA6F8D986AE96A76C68E70B689BE711D20098E7CBE78C6AC05345748,66A61B7B1B999898,1,1,False,train
T09_diagonal_swnE,4109,115,11.4,"[-4.133333333333333, 3, 56]",C:\Users\lab\Counterfactual-XAI-Verifier\experiments\yolov8_search_comparison\diverse_training_scenario_split\data\diverse_training_scenario_split_v1\dataset\images\train\T09_diagonal_swnE__frame_0115.png,C:\Users\lab\Counterfactual-XAI-Verifier\experiments\yolov8_search_comparison\diverse_training_scenario_split\data\diverse_training_scenario_split_v1\dataset\labels\train\T09_diagonal_swnE__frame_0115.txt,9CEF6EB6979A7A162D2AA8EDE70A824CA24FAA3804C91D2FC922716B0F3F78E6,67B2A669E7817383C760D2CF054069B3868EA196EC1F036BEB55DF1FAAD47863,23A462DC4A5A75530BAE0A2A73838A6CFAF15C66AE1738E0112F2ADFDB97CCF5,D14C443672363331,1,1,False,train
T09_diagonal_swnE,4109,124,12.3,"[-1.9333333333333336, 4.5, 56]",C:\Users\lab\Counterfactual-XAI-Verifier\experiments\yolov8_search_comparison\diverse_training_scenario_split\data\diverse_training_scenario_split_v1\dataset\images\train\T09_diagonal_swnE__frame_0124.png,C:\Users\lab\Counterfactual-XAI-Verifier\experiments\yolov8_search_comparison\diverse_training_scenario_split\data\diverse_training_scenario_split_v1\dataset\labels\train\T09_diagonal_swnE__frame_0124.txt,0E9ED16C0EA121E2441D9849A61719F8AD197F52348E0D0AEE2A3EF909DF7495,AE14F7404B3B3D9D9440717DC2FE95CD11F34E8C98E551D5B946C01883543D40,A99B7A6A708936EB6AB3175BCF9527D2941133EED3E0FDE8D773AA5004CE66A6,B0A2D9CC6C246466,1,1,False,train
T09_diagonal_swnE,4109,134,13.3,"[0.5111111111111128, 6.166666666666668, 56]",C:\Users\lab\Counterfactual-XAI-Verifier\experiments\yolov8_search_comparison\diverse_training_scenario_split\data\diverse_training_scenario_split_v1\dataset\images\train\T09_diagonal_swnE__frame_0134.png,C:\Users\lab\Counterfactual-XAI-Verifier\experiments\yolov8_search_comparison\diverse_training_scenario_split\data\diverse_training_scenario_split_v1\dataset\labels\train\T09_diagonal_swnE__frame_0134.txt,234F6E06FDC1BDBE4AAFA3F9A4765F6960C2A0B4410B31E82F03AC81F4423964,0FD884AEA20E57EDF2F9BCF071F6A62629576EE89AB278DCC84FB85AD59EE4CC,D9F6881CB5E3A74EAAFB82732314F87D32A963EAEF69357BC9D4F058B0237CED,253422929AB9696D,1,1,False,train
T09_diagonal_swnE,4109,143,14.2,"[2.7111111111111086, 7.666666666666664, 56]",C:\Users\lab\Counterfactual-XAI-Verifier\experiments\yolov8_search_comparison\diverse_training_scenario_split\data\diverse_training_scenario_split_v1\dataset\images\train\T09_diagonal_swnE__frame_0143.png,C:\Users\lab\Counterfactual-XAI-Verifier\experiments\yolov8_search_comparison\diverse_training_scenario_split\data\diverse_training_scenario_split_v1\dataset\labels\train\T09_diagonal_swnE__frame_0143.txt,59056E7867912A12167C21CF934B1782C0690249662F382AE04EB6AD86A2BA2E,31CDB008AEB6DAE808B74C33EA645D3284D2E836A367530876A4C70FA6131226,8669FE7F2FBC6BE56723BED1F10AAFFB1A5326D6BC8216F37C825B1F4E71C9A8,5A296146243432D2,1,1,False,train
T09_diagonal_swnE,4109,153,15.2,"[5.1555555555555586, 9.333333333333332, 56]",C:\Users\lab\Counterfactual-XAI-Verifier\experiments\yolov8_search_comparison\diverse_training_scenario_split\data\diverse_training_scenario_split_v1\dataset\images\train\T09_diagonal_swnE__frame_0153.png,C:\Users\lab\Counterfactual-XAI-Verifier\experiments\yolov8_search_comparison\diverse_training_scenario_split\data\diverse_training_scenario_split_v1\dataset\labels\train\T09_diagonal_swnE__frame_0153.txt,D2A62351606230DDC378E9A78AB317271DB1F3C41BCD1F9669BBAF3BF0B75513,6DF383F09981F3BD90F3551D486F134218C35E8BE69ACEA50E1524A59F0AE273,F43807282BEAA6D61097F9F10913178BE68AF68D23656ABD1CD492DE4E70B9C4,72524D4A84884868,1,1,False,train
T09_diagonal_swnE,4109,162,16.1,"[7.355555555555554, 10.833333333333336, 56]",C:\Users\lab\Counterfactual-XAI-Verifier\experiments\yolov8_search_comparison\diverse_training_scenario_split\data\diverse_training_scenario_split_v1\dataset\images\train\T09_diagonal_swnE__frame_0162.png,C:\Users\lab\Counterfactual-XAI-Verifier\experiments\yolov8_search_comparison\diverse_training_scenario_split\data\diverse_training_scenario_split_v1\dataset\labels\train\T09_diagonal_swnE__frame_0162.txt,A837FE7AA39FAC3C4982B3D30D145971178856FB7435D45743DBA94810580B3F,CC8F27938E4DBCD38951C065D33DBA2EC4E659DAE9BEF149F6DA7FC5A9BCEC3F,E0AA9D3B20F15279A897D133FD993931D9B468E35E2A47959AED537B4FD67843,68E4B4C8D2000890,0,1,False,train
T09_diagonal_swnE,4109,172,17.1,"[9.799999999999997, 12.5, 56]",C:\Users\lab\Counterfactual-XAI-Verifier\experiments\yolov8_search_comparison\diverse_training_scenario_split\data\diverse_training_scenario_split_v1\dataset\images\train\T09_diagonal_swnE__frame_0172.png,C:\Users\lab\Counterfactual-XAI-Verifier\experiments\yolov8_search_comparison\diverse_training_scenario_split\data\diverse_training_scenario_split_v1\dataset\labels\train\T09_diagonal_swnE__frame_0172.txt,A85C0F42047E70A68791F8024EF74A8B0D36980E286A873748CE08CFA64D2934,3C90B79DC3CA21B555BD4DF66D38476C12977F40149061DCCB96D514604DBCBA,16BD71A6138AC7B859AD6100FD2EFD77B54F41E61C9E0831B43C28F7512641BF,48C8C864A89AA498,0,1,False,train
T09_diagonal_swnE,4109,181,18.0,"[12, 14, 56]",C:\Users\lab\Counterfactual-XAI-Verifier\experiments\yolov8_search_comparison\diverse_training_scenario_split\data\diverse_training_scenario_split_v1\dataset\images\train\T09_diagonal_swnE__frame_0181.png,C:\Users\lab\Counterfactual-XAI-Verifier\experiments\yolov8_search_comparison\diverse_training_scenario_split\data\diverse_training_scenario_split_v1\dataset\labels\train\T09_diagonal_swnE__frame_0181.txt,3E84DF06B940ACD9101371E4EFB591743E403E579CCBFAE3B15661A8B6147083,E3B0C44298FC1C149AFBF4C8996FB92427AE41E4649B934CA495991B7852B855,24AF9FFA6FC361180E4C95D61C2057C98D560A32754C280677572D0AC9D35BD0,819190C8C8483424,0,0,True,train
T10_diagonal_nwse,4110,1,0.0,"[-30, 16, 51]",C:\Users\lab\Counterfactual-XAI-Verifier\experiments\yolov8_search_comparison\diverse_training_scenario_split\data\diverse_training_scenario_split_v1\dataset\images\train\T10_diagonal_nwse__frame_0001.png,C:\Users\lab\Counterfactual-XAI-Verifier\experiments\yolov8_search_comparison\diverse_training_scenario_split\data\diverse_training_scenario_split_v1\dataset\labels\train\T10_diagonal_nwse__frame_0001.txt,75006214204161842214ABC8221D976320E55CF8AE1FD359C65608091607A1AE,E3B0C44298FC1C149AFBF4C8996FB92427AE41E4649B934CA495991B7852B855,2F94D48FBFC8F0E77E7C6B76ED72B7A6BDD9C60CCCA6BB4D2AF3EEA1D2153442,0101010101010101,0,0,True,train
T10_diagonal_nwse,4110,10,0.9,"[-27.8, 14.5, 51.5]",C:\Users\lab\Counterfactual-XAI-Verifier\experiments\yolov8_search_comparison\diverse_training_scenario_split\data\diverse_training_scenario_split_v1\dataset\images\train\T10_diagonal_nwse__frame_0010.png,C:\Users\lab\Counterfactual-XAI-Verifier\experiments\yolov8_search_comparison\diverse_training_scenario_split\data\diverse_training_scenario_split_v1\dataset\labels\train\T10_diagonal_nwse__frame_0010.txt,13000A8DE52B123D50C325103E8D2129DC2BAEA59782DE0DC02174B186313A46,E3B0C44298FC1C149AFBF4C8996FB92427AE41E4649B934CA495991B7852B855,340BCCFDBC4B4B38CF564B245DB77DC02CC90A0EB8B983A93A416FF9BEF15DAD,070C000000000000,0,0,True,train
T10_diagonal_nwse,4110,20,1.9,"[-25.355555555555554, 12.833333333333334, 52.05555555555556]",C:\Users\lab\Counterfactual-XAI-Verifier\experiments\yolov8_search_comparison\diverse_training_scenario_split\data\diverse_training_scenario_split_v1\dataset\images\train\T10_diagonal_nwse__frame_0020.png,C:\Users\lab\Counterfactual-XAI-Verifier\experiments\yolov8_search_comparison\diverse_training_scenario_split\data\diverse_training_scenario_split_v1\dataset\labels\train\T10_diagonal_nwse__frame_0020.txt,4E72672EB6944B2305D21DE9694173AF05699B844BC9F312605644C45BE2C92E,E3B0C44298FC1C149AFBF4C8996FB92427AE41E4649B934CA495991B7852B855,B6089497DD64BC853BA4C168FF4314EFEE99AE08F8FAB4BE8F31679AECC084A3,2505830420000000,0,0,True,train
T10_diagonal_nwse,4110,29,2.8,"[-23.155555555555555, 11.333333333333332, 52.55555555555556]",C:\Users\lab\Counterfactual-XAI-Verifier\experiments\yolov8_search_comparison\diverse_training_scenario_split\data\diverse_training_scenario_split_v1\dataset\images\train\T10_diagonal_nwse__frame_0029.png,C:\Users\lab\Counterfactual-XAI-Verifier\experiments\yolov8_search_comparison\diverse_training_scenario_split\data\diverse_training_scenario_split_v1\dataset\labels\train\T10_diagonal_nwse__frame_0029.txt,AF129552433DF507C2713E19F4BA3C1BB1857131C6B07514EB21FA5278B4D0A7,E3B0C44298FC1C149AFBF4C8996FB92427AE41E4649B934CA495991B7852B855,EC81D901BA5965E49CA288F391442A46C2024051D699183D0433AA8B0477A1D1,F2B2128D83808080,0,0,True,train
T10_diagonal_nwse,4110,39,3.8,"[-20.71111111111111, 9.666666666666668, 53.111111111111114]",C:\Users\lab\Counterfactual-XAI-Verifier\experiments\yolov8_search_comparison\diverse_training_scenario_split\data\diverse_training_scenario_split_v1\dataset\images\train\T10_diagonal_nwse__frame_0039.png,C:\Users\lab\Counterfactual-XAI-Verifier\experiments\yolov8_search_comparison\diverse_training_scenario_split\data\diverse_training_scenario_split_v1\dataset\labels\train\T10_diagonal_nwse__frame_0039.txt,DD028AF73C284E8488DE0E6D9BC983706DAC70CA4F124D9A6364845AEE34CC34,04F729A1C140BF5DE127FF8C7B8495FA3657B10C109F1875E22DE832384AF421,146CFE37FDEB9DC76EDC2B67C7BAC3062E5828FD0B4BF8C25349F29615B94D18,B492F999898681C0,1,1,False,train
T10_diagonal_nwse,4110,48,4.7,"[-18.511111111111113, 8.166666666666666, 53.611111111111114]",C:\Users\lab\Counterfactual-XAI-Verifier\experiments\yolov8_search_comparison\diverse_training_scenario_split\data\diverse_training_scenario_split_v1\dataset\images\train\T10_diagonal_nwse__frame_0048.png,C:\Users\lab\Counterfactual-XAI-Verifier\experiments\yolov8_search_comparison\diverse_training_scenario_split\data\diverse_training_scenario_split_v1\dataset\labels\train\T10_diagonal_nwse__frame_0048.txt,3CCFDA33C1F3C2FD2CF24EFB088167FEB3857D46C25B69D19E6BF04E0433CFB4,0A233CF7DD447A7DC3D1775EE8F11D7210052A6E3F96F3BBCD8F0B95D9DA264F,9E59FCE25826F6155D9F61305BFC970CACE181F53A1DA24783BD90EEE8FFA9BC,7550DAD9FCCCC4C3,1,1,False,train
T10_diagonal_nwse,4110,58,5.7,"[-16.066666666666666, 6.5, 54.166666666666664]",C:\Users\lab\Counterfactual-XAI-Verifier\experiments\yolov8_search_comparison\diverse_training_scenario_split\data\diverse_training_scenario_split_v1\dataset\images\train\T10_diagonal_nwse__frame_0058.png,C:\Users\lab\Counterfactual-XAI-Verifier\experiments\yolov8_search_comparison\diverse_training_scenario_split\data\diverse_training_scenario_split_v1\dataset\labels\train\T10_diagonal_nwse__frame_0058.txt,2C744FEE180DAF9D68595B39069867318472D8D5CF9B05F07F1A49E9B7825507,645956DB3E0701E255C5C121C30ED13398C56ACDE04B07A5DCCBF0728385DE9B,D695BC6EC0D9F4E3198BA50EE65EC053EEB666976262E07EC12EF5E8F2C4A79F,6374746969ECEE46,1,1,False,train
T10_diagonal_nwse,4110,67,6.6,"[-13.866666666666667, 5, 54.666666666666664]",C:\Users\lab\Counterfactual-XAI-Verifier\experiments\yolov8_search_comparison\diverse_training_scenario_split\data\diverse_training_scenario_split_v1\dataset\images\train\T10_diagonal_nwse__frame_0067.png,C:\Users\lab\Counterfactual-XAI-Verifier\experiments\yolov8_search_comparison\diverse_training_scenario_split\data\diverse_training_scenario_split_v1\dataset\labels\train\T10_diagonal_nwse__frame_0067.txt,8BDD8B408BBBB38DC0206F181723C7AADC5EC61FD096B87F3077F033F3A5984B,56984F13D5147C4CA2E23B7604417C310A70CA2249B63299CDF62570E5EA5650,8A9197816C1320715B7AA4951CA493688A52397B3820274AFE5915884007AAE5,662432AA6C656676,1,1,False,train
T10_diagonal_nwse,4110,77,7.6,"[-11.42222222222222, 3.333333333333334, 55.22222222222222]",C:\Users\lab\Counterfactual-XAI-Verifier\experiments\yolov8_search_comparison\diverse_training_scenario_split\data\diverse_training_scenario_split_v1\dataset\images\train\T10_diagonal_nwse__frame_0077.png,C:\Users\lab\Counterfactual-XAI-Verifier\experiments\yolov8_search_comparison\diverse_training_scenario_split\data\diverse_training_scenario_split_v1\dataset\labels\train\T10_diagonal_nwse__frame_0077.txt,0D654A0D44D76B2B1E4E3921BDD1A1EDAF1B3C04814A4AE42107F2F0E58E01AA,96900E8B956E7155543AC39616A9341A98CC8A149476064D777AF1CA80560FDF,F4D7859BCF8AA2A9B7551102249C7E3416347162642465205A26D3CBF72F872E,34F6B2B091B53632,1,1,False,train
T10_diagonal_nwse,4110,86,8.5,"[-9.222222222222221, 1.833333333333334, 55.72222222222222]",C:\Users\lab\Counterfactual-XAI-Verifier\experiments\yolov8_search_comparison\diverse_training_scenario_split\data\diverse_training_scenario_split_v1\dataset\images\train\T10_diagonal_nwse__frame_0086.png,C:\Users\lab\Counterfactual-XAI-Verifier\experiments\yolov8_search_comparison\diverse_training_scenario_split\data\diverse_training_scenario_split_v1\dataset\labels\train\T10_diagonal_nwse__frame_0086.txt,061E53C8630B64E36EACC1E3CA191782B541AE0D80F8B473829858E2BEA2697C,DC0FBD433AC63FBADBD9DBB041ABD1AD784FC8934CB97EB887BCD35CBC4E3FDC,FADC389FCE5C6DF81A2F0983C604E2739F8132A39DFF66841D8E64A831AA163A,261253939198DA3A,0,1,False,train
T10_diagonal_nwse,4110,96,9.5,"[-6.777777777777779, 0.16666666666666607, 56.27777777777778]",C:\Users\lab\Counterfactual-XAI-Verifier\experiments\yolov8_search_comparison\diverse_training_scenario_split\data\diverse_training_scenario_split_v1\dataset\images\train\T10_diagonal_nwse__frame_0096.png,C:\Users\lab\Counterfactual-XAI-Verifier\experiments\yolov8_search_comparison\diverse_training_scenario_split\data\diverse_training_scenario_split_v1\dataset\labels\train\T10_diagonal_nwse__frame_0096.txt,7DEFA8B6A346DAF7253FB9BA281AAC070204DD3CCC58D83625E21D396FD0B02D,CF93166C88D784B96BEDF3A880F3CF4258FA6DC4AEA1A3688B26006274DDCD23,B36994C147BDF50CE279FEAB80F7FF84E3FF008DC7C05C852688DE63290C7525,A6A39B7B39C8C8CC,1,0,False,train
T10_diagonal_nwse,4110,105,10.4,"[-4.577777777777779, -1.3333333333333321, 56.77777777777778]",C:\Users\lab\Counterfactual-XAI-Verifier\experiments\yolov8_search_comparison\diverse_training_scenario_split\data\diverse_training_scenario_split_v1\dataset\images\train\T10_diagonal_nwse__frame_0105.png,C:\Users\lab\Counterfactual-XAI-Verifier\experiments\yolov8_search_comparison\diverse_training_scenario_split\data\diverse_training_scenario_split_v1\dataset\labels\train\T10_diagonal_nwse__frame_0105.txt,05F23052A40E83208891B230A37B1D37F5D64F7D6CE140F5DEF7ED21D6E8409A,C07707C22D7E14BEE051C7FB0C6BFEF63EB86EFF69394D5E680B0AE629B1615C,717E79E313F396BB13BC22A1D7602FBBE7534986C2A80D839F9E6F7D61CEF9D1,A4B3938DAC4D2C6C,1,1,False,train
T10_diagonal_nwse,4110,115,11.4,"[-2.133333333333333, -3, 57.333333333333336]",C:\Users\lab\Counterfactual-XAI-Verifier\experiments\yolov8_search_comparison\diverse_training_scenario_split\data\diverse_training_scenario_split_v1\dataset\images\train\T10_diagonal_nwse__frame_0115.png,C:\Users\lab\Counterfactual-XAI-Verifier\experiments\yolov8_search_comparison\diverse_training_scenario_split\data\diverse_training_scenario_split_v1\dataset\labels\train\T10_diagonal_nwse__frame_0115.txt,515092D79D8E9A761BC13091BE8430415EC98928A021DA7EA716764DC53445D7,86D885EFB6C3F5302CDE79FBAFCA109AF1E97431C5A887B051BFDEA72146958A,2CE7A638A17C692A3FA19F1987A8B3071A85A045C258EEADE64E506B9CF529C1,ACB497D1CDCC3C8E,1,1,False,train
T10_diagonal_nwse,4110,124,12.3,"[0.06666666666666643, -4.5, 57.833333333333336]",C:\Users\lab\Counterfactual-XAI-Verifier\experiments\yolov8_search_comparison\diverse_training_scenario_split\data\diverse_training_scenario_split_v1\dataset\images\train\T10_diagonal_nwse__frame_0124.png,C:\Users\lab\Counterfactual-XAI-Verifier\experiments\yolov8_search_comparison\diverse_training_scenario_split\data\diverse_training_scenario_split_v1\dataset\labels\train\T10_diagonal_nwse__frame_0124.txt,0930623F65E8C2097C95F64ED7829AFF6D33C7475700F74160593CEFBBFB93AE,6632A4918C6A474D98CE6CEE1E64F4F38EF83A4E10A95418FF51D4696BABE65B,459CF088056E43488C5AB6379F28BF4D336470771D8B3E93D5CC5E40CF10AC9E,6634D4D2494AC6DE,1,1,False,train
T10_diagonal_nwse,4110,134,13.3,"[2.511111111111113, -6.166666666666668, 58.388888888888886]",C:\Users\lab\Counterfactual-XAI-Verifier\experiments\yolov8_search_comparison\diverse_training_scenario_split\data\diverse_training_scenario_split_v1\dataset\images\train\T10_diagonal_nwse__frame_0134.png,C:\Users\lab\Counterfactual-XAI-Verifier\experiments\yolov8_search_comparison\diverse_training_scenario_split\data\diverse_training_scenario_split_v1\dataset\labels\train\T10_diagonal_nwse__frame_0134.txt,8D046B83B80306465F7CBAEB2DEF8A2B8B1CE3AC047C04425674E0AB3B80640F,86CF909EF67114599402DBD926BE5CC6188F3A9347358EE8C6263F97E40948C2,6C846A6E325D48EBF7D85F96FEE06B978CD5739B642F58E7307FF1A1B32D2DBF,B7B2365A4B6C6D62,1,1,False,train
T10_diagonal_nwse,4110,143,14.2,"[4.711111111111109, -7.666666666666664, 58.888888888888886]",C:\Users\lab\Counterfactual-XAI-Verifier\experiments\yolov8_search_comparison\diverse_training_scenario_split\data\diverse_training_scenario_split_v1\dataset\images\train\T10_diagonal_nwse__frame_0143.png,C:\Users\lab\Counterfactual-XAI-Verifier\experiments\yolov8_search_comparison\diverse_training_scenario_split\data\diverse_training_scenario_split_v1\dataset\labels\train\T10_diagonal_nwse__frame_0143.txt,104FC13311B73F16052BF03735C46C8EB19692271C2F3617AF5D5833E66AA8D8,4C3DF9D2CC6156F91012013C6DDD2912F23D461C48D64BAF079B930E093C5490,554F308047D60E25E4A033864A1680FC9699C80A827E7B05D391BA8FBD54E3C4,B3B2B3135A6969A4,1,1,False,train
T10_diagonal_nwse,4110,153,15.2,"[7.1555555555555586, -9.333333333333332, 59.44444444444444]",C:\Users\lab\Counterfactual-XAI-Verifier\experiments\yolov8_search_comparison\diverse_training_scenario_split\data\diverse_training_scenario_split_v1\dataset\images\train\T10_diagonal_nwse__frame_0153.png,C:\Users\lab\Counterfactual-XAI-Verifier\experiments\yolov8_search_comparison\diverse_training_scenario_split\data\diverse_training_scenario_split_v1\dataset\labels\train\T10_diagonal_nwse__frame_0153.txt,2291D4029E1E2CB43C9E7D9EEF5FE0EE3838974763627C141F2CB297B0D049E9,2E9B6A64E7CADED50E9D4DD7CB75CBFE9FEAABC5CAD5532E710904F417D25335,D84CC63BE6FF8CF56A85E0FF149C8AB26A8328140E695C5E6D9DBA3BC7D1EADE,A65353591B09A5A4,1,1,False,train
T10_diagonal_nwse,4110,162,16.1,"[9.355555555555554, -10.833333333333336, 59.94444444444444]",C:\Users\lab\Counterfactual-XAI-Verifier\experiments\yolov8_search_comparison\diverse_training_scenario_split\data\diverse_training_scenario_split_v1\dataset\images\train\T10_diagonal_nwse__frame_0162.png,C:\Users\lab\Counterfactual-XAI-Verifier\experiments\yolov8_search_comparison\diverse_training_scenario_split\data\diverse_training_scenario_split_v1\dataset\labels\train\T10_diagonal_nwse__frame_0162.txt,06249097546E0A4485D34D3DFDDC3545B171CDBF69072C06509EDF1D39962B29,C863E8C18482DB5C3D23310F78C9D4DC76C6417DFE61ACBB9B8676B6B5D57C3D,40B6890EDE01DF16D1D86B2A765D22B3B83DEC4039BA392C2064F518610470D4,B3B55B5959290DB4,1,2,False,train
T10_diagonal_nwse,4110,172,17.1,"[11.799999999999997, -12.5, 60.5]",C:\Users\lab\Counterfactual-XAI-Verifier\experiments\yolov8_search_comparison\diverse_training_scenario_split\data\diverse_training_scenario_split_v1\dataset\images\train\T10_diagonal_nwse__frame_0172.png,C:\Users\lab\Counterfactual-XAI-Verifier\experiments\yolov8_search_comparison\diverse_training_scenario_split\data\diverse_training_scenario_split_v1\dataset\labels\train\T10_diagonal_nwse__frame_0172.txt,133950D7C086523AC22D389C886A9A45BC74971C767355768078D275337FFB89,29CF9CFBA4307C3D923D300E0F09E3AF88BD7CBC56942CC90F536A10E31F6950,FBB8AC36D29C8038BECD5A58C13DAA8A97A0CC0C00C0338CE1A40C0B6F797E7D,28515329292C0D05,0,1,False,train
T10_diagonal_nwse,4110,181,18.0,"[14, -14, 61]",C:\Users\lab\Counterfactual-XAI-Verifier\experiments\yolov8_search_comparison\diverse_training_scenario_split\data\diverse_training_scenario_split_v1\dataset\images\train\T10_diagonal_nwse__frame_0181.png,C:\Users\lab\Counterfactual-XAI-Verifier\experiments\yolov8_search_comparison\diverse_training_scenario_split\data\diverse_training_scenario_split_v1\dataset\labels\train\T10_diagonal_nwse__frame_0181.txt,B62A69439620FCAD8E2307637D4CE8D97AA5B53D72D775F77144959FF7D59D2F,8A6A6FE2BD3AF679CA975C772F476D01C220E5F376097A143EFBC4860B7F2777,A17897BD881358E911C8DE0E6303A7C8EDEAF2DC674B29B2006EF9C599FDBE65,2E2D595A2D2C2C2C,0,1,False,train
T11_far_to_near,4111,1,0.0,"[-48, -2, 64]",C:\Users\lab\Counterfactual-XAI-Verifier\experiments\yolov8_search_comparison\diverse_training_scenario_split\data\diverse_training_scenario_split_v1\dataset\images\train\T11_far_to_near__frame_0001.png,C:\Users\lab\Counterfactual-XAI-Verifier\experiments\yolov8_search_comparison\diverse_training_scenario_split\data\diverse_training_scenario_split_v1\dataset\labels\train\T11_far_to_near__frame_0001.txt,9C26B63017FB37491D7B6625EFABA63FDDA088C7180FFFC2E924877D695342F6,E3B0C44298FC1C149AFBF4C8996FB92427AE41E4649B934CA495991B7852B855,8BCCB251F01E1B84DC5E8D9FBF6CD49FCBDCEFB2471CA8A4CC402170188C955D,180808080C080808,0,0,True,train
T11_far_to_near,4111,10,0.9,"[-45.6, -2, 63.4]",C:\Users\lab\Counterfactual-XAI-Verifier\experiments\yolov8_search_comparison\diverse_training_scenario_split\data\diverse_training_scenario_split_v1\dataset\images\train\T11_far_to_near__frame_0010.png,C:\Users\lab\Counterfactual-XAI-Verifier\experiments\yolov8_search_comparison\diverse_training_scenario_split\data\diverse_training_scenario_split_v1\dataset\labels\train\T11_far_to_near__frame_0010.txt,A23F020EA1D1D99A4F63FC9BD91E314071631D89133A3007516B9229CEAB89DB,336604BA10587DD0E49441162AF6D3932CD32B5B4E0745DB2AA25588533B352E,2B1F5A142D41AB3C220BB92D28E3C8AB8FBE33663B6E3DA8B775FB72B2915DF2,74080C080C0C0C0C,1,0,False,train
T11_far_to_near,4111,20,1.9,"[-42.93333333333334, -2, 62.733333333333334]",C:\Users\lab\Counterfactual-XAI-Verifier\experiments\yolov8_search_comparison\diverse_training_scenario_split\data\diverse_training_scenario_split_v1\dataset\images\train\T11_far_to_near__frame_0020.png,C:\Users\lab\Counterfactual-XAI-Verifier\experiments\yolov8_search_comparison\diverse_training_scenario_split\data\diverse_training_scenario_split_v1\dataset\labels\train\T11_far_to_near__frame_0020.txt,78B079D8B82F29EB917097646A4700F7844D6A36CD3EDA9228F93AB8054E5708,8BD0EB643E69E59C505FF84BC1F7A3E5F21174820FA9132D56824E3C8FE867F2,999F3220E438AEE2D6D41C36F6AEDAC7AC81A8E5A50E3A473523748176110169,D4380C0C0C0C0C0C,1,1,False,train
T11_far_to_near,4111,29,2.8,"[-40.53333333333333, -2, 62.13333333333333]",C:\Users\lab\Counterfactual-XAI-Verifier\experiments\yolov8_search_comparison\diverse_training_scenario_split\data\diverse_training_scenario_split_v1\dataset\images\train\T11_far_to_near__frame_0029.png,C:\Users\lab\Counterfactual-XAI-Verifier\experiments\yolov8_search_comparison\diverse_training_scenario_split\data\diverse_training_scenario_split_v1\dataset\labels\train\T11_far_to_near__frame_0029.txt,73D5284EB377675FD8304FBA1C5A901683B82034EC2D2E056CDDCA71696ACCBE,9FF546803AF77F60AA809B3AE451708E46DD9DA39E0DF2399181241A3B030399,8DA2F923E5DDF25AE827F338C50F67BEFD01E16CDCEECEF8F527A1357A6528E1,D4D4080C0C0C0C0C,1,1,False,train
T11_far_to_near,4111,39,3.8,"[-37.86666666666667, -2, 61.46666666666667]",C:\Users\lab\Counterfactual-XAI-Verifier\experiments\yolov8_search_comparison\diverse_training_scenario_split\data\diverse_training_scenario_split_v1\dataset\images\train\T11_far_to_near__frame_0039.png,C:\Users\lab\Counterfactual-XAI-Verifier\experiments\yolov8_search_comparison\diverse_training_scenario_split\data\diverse_training_scenario_split_v1\dataset\labels\train\T11_far_to_near__frame_0039.txt,C4AA0A43D1C6C166758D89C384ACE5F705DDF2D88F5D548DC0B8E9CB8FB18278,60326F827F355E6803591CAC8D964AC41FDB851DE5572472D96C01DF22FE8297,A51A6D00F35D4A3159250FCA550B91330DF28A1CF56645E829932C5B4FFE8FD2,ACD4340C0C0C0C0C,1,1,False,train
T11_far_to_near,4111,48,4.7,"[-35.46666666666667, -2, 60.86666666666667]",C:\Users\lab\Counterfactual-XAI-Verifier\experiments\yolov8_search_comparison\diverse_training_scenario_split\data\diverse_training_scenario_split_v1\dataset\images\train\T11_far_to_near__frame_0048.png,C:\Users\lab\Counterfactual-XAI-Verifier\experiments\yolov8_search_comparison\diverse_training_scenario_split\data\diverse_training_scenario_split_v1\dataset\labels\train\T11_far_to_near__frame_0048.txt,A426CD5E0CBC4110EFD0FAB256836F5A48EB84B479E6AE9162C5E9393344F722,CE90A4661C352A6427DDD7ABE5DDED3B70B939B6578D8C7E4177E7146D3AD01D,EA3F8981CABDC266986DEB0A1D7A942C38BDA2A50C2487E295DD509EE6F46EDA,E9B4D4280C0C0C0C,1,1,False,train
T11_far_to_near,4111,58,5.7,"[-32.8, -2, 60.2]",C:\Users\lab\Counterfactual-XAI-Verifier\experiments\yolov8_search_comparison\diverse_training_scenario_split\data\diverse_training_scenario_split_v1\dataset\images\train\T11_far_to_near__frame_0058.png,C:\Users\lab\Counterfactual-XAI-Verifier\experiments\yolov8_search_comparison\diverse_training_scenario_split\data\diverse_training_scenario_split_v1\dataset\labels\train\T11_far_to_near__frame_0058.txt,727F7B89DEEA583A65C885E15E73214A085D028B66E18C79F598DF3E330DFC3C,912CABCF8B00C782E8043BD10238B8AF3B98DB39D9145EFC154740F8F39F3029,5372B7C32407668E0E436590AF4420668536CF9EFB8E69C7822353CA3F827272,6DAD94944C0C0C0C,1,1,False,train
T11_far_to_near,4111,67,6.6,"[-30.400000000000002, -2, 59.6]",C:\Users\lab\Counterfactual-XAI-Verifier\experiments\yolov8_search_comparison\diverse_training_scenario_split\data\diverse_training_scenario_split_v1\dataset\images\train\T11_far_to_near__frame_0067.png,C:\Users\lab\Counterfactual-XAI-Verifier\experiments\yolov8_search_comparison\diverse_training_scenario_split\data\diverse_training_scenario_split_v1\dataset\labels\train\T11_far_to_near__frame_0067.txt,AA664C85BDC7C98788CD6F9ED389A40E86087C0C09FCC44AC6333A0BB05E0306,99447304127808622D2F231A14A7284C9DF3534AC406AA182003CBA4AB7BDFF3,69E33224C1737E707A2ECEF6DB8D212A9D27A7E6D00AF74E0A9B60A4775951FB,4B6DACB4B64C1C0C,1,1,False,train
T11_far_to_near,4111,77,7.6,"[-27.733333333333334, -2, 58.93333333333334]",C:\Users\lab\Counterfactual-XAI-Verifier\experiments\yolov8_search_comparison\diverse_training_scenario_split\data\diverse_training_scenario_split_v1\dataset\images\train\T11_far_to_near__frame_0077.png,C:\Users\lab\Counterfactual-XAI-Verifier\experiments\yolov8_search_comparison\diverse_training_scenario_split\data\diverse_training_scenario_split_v1\dataset\labels\train\T11_far_to_near__frame_0077.txt,28FB0A5522C2F8B8E4933CC062D6DD07B0BC2D9D0C9C8F408E45BD2E6C7D3323,A3B608E4729FD5D9F3C90B4C84271E5A9CA54E0B2B98DCD1D5839BC89F6CF584,F075E6E7B30BD50ED9AE99750A6BE10F3DAC7B0DF1369739264A432ACFB7EA8D,CB4F6DA4B6B64C1C,1,1,False,train
T11_far_to_near,4111,86,8.5,"[-25.333333333333336, -2, 58.333333333333336]",C:\Users\lab\Counterfactual-XAI-Verifier\experiments\yolov8_search_comparison\diverse_training_scenario_split\data\diverse_training_scenario_split_v1\dataset\images\train\T11_far_to_near__frame_0086.png,C:\Users\lab\Counterfactual-XAI-Verifier\experiments\yolov8_search_comparison\diverse_training_scenario_split\data\diverse_training_scenario_split_v1\dataset\labels\train\T11_far_to_near__frame_0086.txt,B862CFF13586D5958B0B7DAD5125FA50BEBA4AABBDF0551CBDE5E14888C1D6BF,98454D220B5C51672E248F4FA76788750CC05CB5CE94E82043D53581E82595E9,52273865529F2CE2B0889207F1019274A2A38D93EB380BBEE7EC129E0D32B4D5,CACD4F6CA4B6B64C,1,1,False,train
T11_far_to_near,4111,96,9.5,"[-22.666666666666664, -2, 57.666666666666664]",C:\Users\lab\Counterfactual-XAI-Verifier\experiments\yolov8_search_comparison\diverse_training_scenario_split\data\diverse_training_scenario_split_v1\dataset\images\train\T11_far_to_near__frame_0096.png,C:\Users\lab\Counterfactual-XAI-Verifier\experiments\yolov8_search_comparison\diverse_training_scenario_split\data\diverse_training_scenario_split_v1\dataset\labels\train\T11_far_to_near__frame_0096.txt,413BF64146CE305910E127B2CBABDE0E86A3B29F817724680BA5BE6E7AC58166,5CBC3010FAA62FF165328A8E524EA18248FF5F9796738F3DFA0EC58CF726F190,7791E982066FBB2A8C74ABF4DCC90002EB2E96EA502C8E07BF80E289DFA8E4DB,B2DDCDCFEC24A6B6,1,1,False,train
T11_far_to_near,4111,105,10.4,"[-20.26666666666667, -2, 57.06666666666667]",C:\Users\lab\Counterfactual-XAI-Verifier\experiments\yolov8_search_comparison\diverse_training_scenario_split\data\diverse_training_scenario_split_v1\dataset\images\train\T11_far_to_near__frame_0105.png,C:\Users\lab\Counterfactual-XAI-Verifier\experiments\yolov8_search_comparison\diverse_training_scenario_split\data\diverse_training_scenario_split_v1\dataset\labels\train\T11_far_to_near__frame_0105.txt,A30B6CB6B0C946C5517E6E52E65517B03B7D4902C3C0B9CCD6A0842FDAB3FF7D,A0A75AF3861C3D38F91B7BD984FE7990BEB92A61F98F880900D6E3DB40CFA3CC,BA002C1053422D95DA53F6847D9FA13CF56164D8686E00B7E2700B90D89DC912,A4979DCDCDCC2426,1,1,False,train
T11_far_to_near,4111,115,11.4,"[-17.6, -2, 56.4]",C:\Users\lab\Counterfactual-XAI-Verifier\experiments\yolov8_search_comparison\diverse_training_scenario_split\data\diverse_training_scenario_split_v1\dataset\images\train\T11_far_to_near__frame_0115.png,C:\Users\lab\Counterfactual-XAI-Verifier\experiments\yolov8_search_comparison\diverse_training_scenario_split\data\diverse_training_scenario_split_v1\dataset\labels\train\T11_far_to_near__frame_0115.txt,3AEE4FD6B7A9A3CBFEC1F0751107B2200D8310BE9ECF315E7DC80A161D7D7B9A,D7B89E2A213AD3C88C8395D84BA0E5776E2DC0946CF5BA010EE50992DB733078,60C02362496FD318F4A127ADA8E041AFD00D6C64F3F6AFAB9270E23D3F5F7FAB,2C25B59D8CDFCCE4,0,1,False,train
T11_far_to_near,4111,124,12.3,"[-15.200000000000003, -2, 55.8]",C:\Users\lab\Counterfactual-XAI-Verifier\experiments\yolov8_search_comparison\diverse_training_scenario_split\data\diverse_training_scenario_split_v1\dataset\images\train\T11_far_to_near__frame_0124.png,C:\Users\lab\Counterfactual-XAI-Verifier\experiments\yolov8_search_comparison\diverse_training_scenario_split\data\diverse_training_scenario_split_v1\dataset\labels\train\T11_far_to_near__frame_0124.txt,C4505FDDF0DCDF40839E66A540FA74537A5B6A3F47E0EA2ED20F5E8736768573,E3B0C44298FC1C149AFBF4C8996FB92427AE41E4649B934CA495991B7852B855,7EA2ADFC53AF420B76A829820AE80D64581DD2570765A5E8B392E35A4A38BBA4,6D2C25A59C8E9E8D,0,0,True,train
T11_far_to_near,4111,134,13.3,"[-12.533333333333331, -2, 55.13333333333333]",C:\Users\lab\Counterfactual-XAI-Verifier\experiments\yolov8_search_comparison\diverse_training_scenario_split\data\diverse_training_scenario_split_v1\dataset\images\train\T11_far_to_near__frame_0134.png,C:\Users\lab\Counterfactual-XAI-Verifier\experiments\yolov8_search_comparison\diverse_training_scenario_split\data\diverse_training_scenario_split_v1\dataset\labels\train\T11_far_to_near__frame_0134.txt,4630C22B10E865F1A520C6229DC2F2C8B66B3F55D4097DC522E19BA0FDFC9220,E3B0C44298FC1C149AFBF4C8996FB92427AE41E4649B934CA495991B7852B855,40CA60ADE75CE8ACCF25D023591F59868E030F87E0B5FEAF23FC644B1A91E641,1D6C6C6C241C9E0E,0,0,True,train
T11_far_to_near,4111,143,14.2,"[-10.133333333333333, -2, 54.53333333333333]",C:\Users\lab\Counterfactual-XAI-Verifier\experiments\yolov8_search_comparison\diverse_training_scenario_split\data\diverse_training_scenario_split_v1\dataset\images\train\T11_far_to_near__frame_0143.png,C:\Users\lab\Counterfactual-XAI-Verifier\experiments\yolov8_search_comparison\diverse_training_scenario_split\data\diverse_training_scenario_split_v1\dataset\labels\train\T11_far_to_near__frame_0143.txt,CBC40E36BD45275C8905761D41C4E8A035332D6F732055CEBD0B5303381A44AB,9EA27E3A01CCDF706774C14DD0253A95291A35C161A6B536EEA00436DE6DB47F,880C1279D4B6633BEB4CFC8F06BCCEFE3361D5C734CE5D88098142B84F55C050,CD3DEC6C6C240E9E,1,0,False,train
T11_far_to_near,4111,153,15.2,"[-7.466666666666669, -2, 53.86666666666667]",C:\Users\lab\Counterfactual-XAI-Verifier\experiments\yolov8_search_comparison\diverse_training_scenario_split\data\diverse_training_scenario_split_v1\dataset\images\train\T11_far_to_near__frame_0153.png,C:\Users\lab\Counterfactual-XAI-Verifier\experiments\yolov8_search_comparison\diverse_training_scenario_split\data\diverse_training_scenario_split_v1\dataset\labels\train\T11_far_to_near__frame_0153.txt,D8B7E546E8AA8770D9F782D53C981043FB85BCEEAA9FE243F9A8E4B7A285C67C,E8B262F4350A812BA83DED21D9F99A0DEB6A15FCE255654B6735388B4BA1C1E9,6894BAF77303BD2D67091608505B524D624A1BA6EACF3C4A345A0887B69F7755,D2843C94646C2626,1,1,False,train
T11_far_to_near,4111,162,16.1,"[-5.066666666666663, -2, 53.266666666666666]",C:\Users\lab\Counterfactual-XAI-Verifier\experiments\yolov8_search_comparison\diverse_training_scenario_split\data\diverse_training_scenario_split_v1\dataset\images\train\T11_far_to_near__frame_0162.png,C:\Users\lab\Counterfactual-XAI-Verifier\experiments\yolov8_search_comparison\diverse_training_scenario_split\data\diverse_training_scenario_split_v1\dataset\labels\train\T11_far_to_near__frame_0162.txt,95652A0176426D4F9EAF108E5A7D411E8BF88CE6812EDC4ACC15B7188F746D81,70A07D267594ACA7E879BAEC033379697F928875DD7C53570A352DC4DF4AF2B3,48F21CEB2CDB0F115C5A37ABD6E1C432D8CBD2D120EE0CF441B3883204833D40,9992866C96666E6C,1,1,False,train
T11_far_to_near,4111,172,17.1,"[-2.4000000000000057, -2, 52.6]",C:\Users\lab\Counterfactual-XAI-Verifier\experiments\yolov8_search_comparison\diverse_training_scenario_split\data\diverse_training_scenario_split_v1\dataset\images\train\T11_far_to_near__frame_0172.png,C:\Users\lab\Counterfactual-XAI-Verifier\experiments\yolov8_search_comparison\diverse_training_scenario_split\data\diverse_training_scenario_split_v1\dataset\labels\train\T11_far_to_near__frame_0172.txt,875D0E8142280EAE597FD4058BB7EEC2CB9EA3367F1136414F437290C7343417,0E5EFA1E8521F1ED7193E8A6BDC8236E3A395A30CD5F95142AECDF3718F5ABE8,5A4242B165B402481155D0FCD4B2C04D19ECF90DE4BDA40534601E47FBA0CFB2,25B892962EC40646,1,1,False,train
T11_far_to_near,4111,181,18.0,"[0, -2, 52]",C:\Users\lab\Counterfactual-XAI-Verifier\experiments\yolov8_search_comparison\diverse_training_scenario_split\data\diverse_training_scenario_split_v1\dataset\images\train\T11_far_to_near__frame_0181.png,C:\Users\lab\Counterfactual-XAI-Verifier\experiments\yolov8_search_comparison\diverse_training_scenario_split\data\diverse_training_scenario_split_v1\dataset\labels\train\T11_far_to_near__frame_0181.txt,D7AF10EE44E3D079F9BCB15D426A5C3A7B0E219B20DDC2F0F52EE84CA751BB6D,751815A2235DDF046728E050832BAD2DD13858BBE1366ECA228AF88C3E9C84BA,84C3851F5EDB011F85DBAB1D96360F4FD1F146B55652C8B6BA780CF2B417A9D8,262739929616CE06,1,1,False,train
T12_near_to_far,4112,1,0.0,"[0, 3, 50]",C:\Users\lab\Counterfactual-XAI-Verifier\experiments\yolov8_search_comparison\diverse_training_scenario_split\data\diverse_training_scenario_split_v1\dataset\images\train\T12_near_to_far__frame_0001.png,C:\Users\lab\Counterfactual-XAI-Verifier\experiments\yolov8_search_comparison\diverse_training_scenario_split\data\diverse_training_scenario_split_v1\dataset\labels\train\T12_near_to_far__frame_0001.txt,AB68D7102B7702587843A5D285AC2C55117B3240AABA5004D4DD8E1CADB7596A,E3B0C44298FC1C149AFBF4C8996FB92427AE41E4649B934CA495991B7852B855,C6ADDBF921F792578B37D6EDA34C12129A385CE2FDA203807C0B0DDFA54E42FE,96D6D33373307171,0,0,True,train
T12_near_to_far,4112,10,0.9,"[-1.8, 3, 50.75]",C:\Users\lab\Counterfactual-XAI-Verifier\experiments\yolov8_search_comparison\diverse_training_scenario_split\data\diverse_training_scenario_split_v1\dataset\images\train\T12_near_to_far__frame_0010.png,C:\Users\lab\Counterfactual-XAI-Verifier\experiments\yolov8_search_comparison\diverse_training_scenario_split\data\diverse_training_scenario_split_v1\dataset\labels\train\T12_near_to_far__frame_0010.txt,CD4BF169F452CB3E131EAED85A512101A277A999104CD47824AAC8A1CAFF92FA,E3B0C44298FC1C149AFBF4C8996FB92427AE41E4649B934CA495991B7852B855,31A01B7F0A389FA06E8707D1C632276B71FEEDCC10F48A6A70E7938A5A597005,D6D77331313331B0,0,0,True,train
T12_near_to_far,4112,20,1.9,"[-3.8, 3, 51.583333333333336]",C:\Users\lab\Counterfactual-XAI-Verifier\experiments\yolov8_search_comparison\diverse_training_scenario_split\data\diverse_training_scenario_split_v1\dataset\images\train\T12_near_to_far__frame_0020.png,C:\Users\lab\Counterfactual-XAI-Verifier\experiments\yolov8_search_comparison\diverse_training_scenario_split\data\diverse_training_scenario_split_v1\dataset\labels\train\T12_near_to_far__frame_0020.txt,A2643FA38621C403622624A83A000B6D3049F539BCD143AC19856D636D2FD01D,E3B0C44298FC1C149AFBF4C8996FB92427AE41E4649B934CA495991B7852B855,40C5F464A84723ACEEECCE9FEE1A2E2CACE251F6EEEC56C05E0B219FE41CF62C,C65333F333B13070,0,0,True,train
T12_near_to_far,4112,29,2.8,"[-5.6, 3, 52.333333333333336]",C:\Users\lab\Counterfactual-XAI-Verifier\experiments\yolov8_search_comparison\diverse_training_scenario_split\data\diverse_training_scenario_split_v1\dataset\images\train\T12_near_to_far__frame_0029.png,C:\Users\lab\Counterfactual-XAI-Verifier\experiments\yolov8_search_comparison\diverse_training_scenario_split\data\diverse_training_scenario_split_v1\dataset\labels\train\T12_near_to_far__frame_0029.txt,2E150640559EAED7C2557F4D531193D0B26896C3CBCB9745A740E8234B5947CC,E3B0C44298FC1C149AFBF4C8996FB92427AE41E4649B934CA495991B7852B855,4C1AC9EF1D61A934CB1968E07884FE874A83C2A0E647A627F003EEF8A4680AAC,4633F23331303830,0,0,True,train
T12_near_to_far,4112,39,3.8,"[-7.6, 3, 53.166666666666664]",C:\Users\lab\Counterfactual-XAI-Verifier\experiments\yolov8_search_comparison\diverse_training_scenario_split\data\diverse_training_scenario_split_v1\dataset\images\train\T12_near_to_far__frame_0039.png,C:\Users\lab\Counterfactual-XAI-Verifier\experiments\yolov8_search_comparison\diverse_training_scenario_split\data\diverse_training_scenario_split_v1\dataset\labels\train\T12_near_to_far__frame_0039.txt,4B29CA2251513B839770DCC2A72F86815E3F7721F80090928245C352C3A8B77F,E3B0C44298FC1C149AFBF4C8996FB92427AE41E4649B934CA495991B7852B855,26DB1DBD00BC846F914EE288FB1A6482136280261DF95E622582BBA4CE65B388,3632B7313138B0B2,0,0,True,train
T12_near_to_far,4112,48,4.7,"[-9.4, 3, 53.916666666666664]",C:\Users\lab\Counterfactual-XAI-Verifier\experiments\yolov8_search_comparison\diverse_training_scenario_split\data\diverse_training_scenario_split_v1\dataset\images\train\T12_near_to_far__frame_0048.png,C:\Users\lab\Counterfactual-XAI-Verifier\experiments\yolov8_search_comparison\diverse_training_scenario_split\data\diverse_training_scenario_split_v1\dataset\labels\train\T12_near_to_far__frame_0048.txt,EF6E11F915E3E880FA9EB21F401DF04DDFD5BC0D1003CB55C0FB5CF22062A9F9,E3B0C44298FC1C149AFBF4C8996FB92427AE41E4649B934CA495991B7852B855,AD243560B8CC80C4E7C5C9D0DE8F10EBFD138E32601BCFDE7BA4990CB1923953,36F6333130B1B676,0,0,True,train
T12_near_to_far,4112,58,5.7,"[-11.399999999999999, 3, 54.75]",C:\Users\lab\Counterfactual-XAI-Verifier\experiments\yolov8_search_comparison\diverse_training_scenario_split\data\diverse_training_scenario_split_v1\dataset\images\train\T12_near_to_far__frame_0058.png,C:\Users\lab\Counterfactual-XAI-Verifier\experiments\yolov8_search_comparison\diverse_training_scenario_split\data\diverse_training_scenario_split_v1\dataset\labels\train\T12_near_to_far__frame_0058.txt,BAEE67BB3471B5BD4780374E83D9B02319B65506F91C1F6873F56E772BD3EEA2,E3B0C44298FC1C149AFBF4C8996FB92427AE41E4649B934CA495991B7852B855,D63DC3BCC6109F4F30C26DB073068D82884568BCE3C024C7ADE22180316BDDD9,36B6B3B090947232,0,0,True,train
T12_near_to_far,4112,67,6.6,"[-13.2, 3, 55.5]",C:\Users\lab\Counterfactual-XAI-Verifier\experiments\yolov8_search_comparison\diverse_training_scenario_split\data\diverse_training_scenario_split_v1\dataset\images\train\T12_near_to_far__frame_0067.png,C:\Users\lab\Counterfactual-XAI-Verifier\experiments\yolov8_search_comparison\diverse_training_scenario_split\data\diverse_training_scenario_split_v1\dataset\labels\train\T12_near_to_far__frame_0067.txt,8CAC94F154E7DE7CA818F3838523061181C9C35B1D4B64DEA9BF01D1860BFA48,E3B0C44298FC1C149AFBF4C8996FB92427AE41E4649B934CA495991B7852B855,08E1306A55DACE7E9210B031790ACB95DF5DBC5262B15011AC1D6E1EB1432940,76B29090D4767273,0,0,True,train
T12_near_to_far,4112,77,7.6,"[-15.2, 3, 56.333333333333336]",C:\Users\lab\Counterfactual-XAI-Verifier\experiments\yolov8_search_comparison\diverse_training_scenario_split\data\diverse_training_scenario_split_v1\dataset\images\train\T12_near_to_far__frame_0077.png,C:\Users\lab\Counterfactual-XAI-Verifier\experiments\yolov8_search_comparison\diverse_training_scenario_split\data\diverse_training_scenario_split_v1\dataset\labels\train\T12_near_to_far__frame_0077.txt,13E96ACA134B51AFFDFD2CC473C32CFD552326E88F538062652432095931EF85,E3B0C44298FC1C149AFBF4C8996FB92427AE41E4649B934CA495991B7852B855,CCB32DD8B86087FEA71EAE4A1AFF940E535764019A487154DEADA14B4FADCF9D,B69291D474323337,0,0,True,train
T12_near_to_far,4112,86,8.5,"[-17, 3, 57.083333333333336]",C:\Users\lab\Counterfactual-XAI-Verifier\experiments\yolov8_search_comparison\diverse_training_scenario_split\data\diverse_training_scenario_split_v1\dataset\images\train\T12_near_to_far__frame_0086.png,C:\Users\lab\Counterfactual-XAI-Verifier\experiments\yolov8_search_comparison\diverse_training_scenario_split\data\diverse_training_scenario_split_v1\dataset\labels\train\T12_near_to_far__frame_0086.txt,3A3371911671E6A8CEBE43D2A8C18FB0EA6574421F739D98F6ECA54827E8F46B,E3B0C44298FC1C149AFBF4C8996FB92427AE41E4649B934CA495991B7852B855,831434E5B670ED39E63E23E13810AAE786A230B8ECA9A9805089C2E550A7454C,9292DD1434323731,0,0,True,train
T12_near_to_far,4112,96,9.5,"[-19, 3, 57.916666666666664]",C:\Users\lab\Counterfactual-XAI-Verifier\experiments\yolov8_search_comparison\diverse_training_scenario_split\data\diverse_training_scenario_split_v1\dataset\images\train\T12_near_to_far__frame_0096.png,C:\Users\lab\Counterfactual-XAI-Verifier\experiments\yolov8_search_comparison\diverse_training_scenario_split\data\diverse_training_scenario_split_v1\dataset\labels\train\T12_near_to_far__frame_0096.txt,D4C39CCDF5C5B9DDE3A94E19E98B5C2673A878AE916044C1C9F0B705822AFB7B,E3B0C44298FC1C149AFBF4C8996FB92427AE41E4649B934CA495991B7852B855,392B1C55326C679F4AA0A611D5E26EDA0D56B848A8107EB5D9E7B71B3E87C316,D2D95D3436361391,0,0,True,train
T12_near_to_far,4112,105,10.4,"[-20.799999999999997, 3, 58.666666666666664]",C:\Users\lab\Counterfactual-XAI-Verifier\experiments\yolov8_search_comparison\diverse_training_scenario_split\data\diverse_training_scenario_split_v1\dataset\images\train\T12_near_to_far__frame_0105.png,C:\Users\lab\Counterfactual-XAI-Verifier\experiments\yolov8_search_comparison\diverse_training_scenario_split\data\diverse_training_scenario_split_v1\dataset\labels\train\T12_near_to_far__frame_0105.txt,4DD441AD82150E55712887F4488A7F2C41E95A8EF2B2CC3AE5D29BC4FB158277,E3B0C44298FC1C149AFBF4C8996FB92427AE41E4649B934CA495991B7852B855,72A6D9859C6CD6BC76399514182898EA00B1D1FC520D698AEE84C5C10564F8DB,D0593536361390D8,0,0,True,train
T12_near_to_far,4112,115,11.4,"[-22.799999999999997, 3, 59.5]",C:\Users\lab\Counterfactual-XAI-Verifier\experiments\yolov8_search_comparison\diverse_training_scenario_split\data\diverse_training_scenario_split_v1\dataset\images\train\T12_near_to_far__frame_0115.png,C:\Users\lab\Counterfactual-XAI-Verifier\experiments\yolov8_search_comparison\diverse_training_scenario_split\data\diverse_training_scenario_split_v1\dataset\labels\train\T12_near_to_far__frame_0115.txt,18763F821F22C8B7AE0D33B14563FF21430AC83E66B9A73F88579608A641906F,E3B0C44298FC1C149AFBF4C8996FB92427AE41E4649B934CA495991B7852B855,5DE3E43A8B871DF9F9939DE393006B39A59EE545E9281C841DB44D3CEADBE5B2,591D34369292D8D8,0,0,True,train
T12_near_to_far,4112,124,12.3,"[-24.6, 3, 60.25]",C:\Users\lab\Counterfactual-XAI-Verifier\experiments\yolov8_search_comparison\diverse_training_scenario_split\data\diverse_training_scenario_split_v1\dataset\images\train\T12_near_to_far__frame_0124.png,C:\Users\lab\Counterfactual-XAI-Verifier\experiments\yolov8_search_comparison\diverse_training_scenario_split\data\diverse_training_scenario_split_v1\dataset\labels\train\T12_near_to_far__frame_0124.txt,8158DEA13F85DF519AD4CCA154623591CBC58415D45FFE835D840CDDB6E80DB0,E3B0C44298FC1C149AFBF4C8996FB92427AE41E4649B934CA495991B7852B855,76969D7B4AD0213A984526A15A30976C1AA537C507D375D0F6466B883EA277DA,593D34B692515858,0,0,True,train
T12_near_to_far,4112,134,13.3,"[-26.6, 3, 61.083333333333336]",C:\Users\lab\Counterfactual-XAI-Verifier\experiments\yolov8_search_comparison\diverse_training_scenario_split\data\diverse_training_scenario_split_v1\dataset\images\train\T12_near_to_far__frame_0134.png,C:\Users\lab\Counterfactual-XAI-Verifier\experiments\yolov8_search_comparison\diverse_training_scenario_split\data\diverse_training_scenario_split_v1\dataset\labels\train\T12_near_to_far__frame_0134.txt,CB76E856DA5702D25C9E9CA1C728F1ACCE95A794576AF225B084132E74643135,E3B0C44298FC1C149AFBF4C8996FB92427AE41E4649B934CA495991B7852B855,6385E96F707E1B8E91BED8680601A832E0578B6A4ABB513B58AC406ECAE02747,29B4BE92515858B0,0,0,True,train
T12_near_to_far,4112,143,14.2,"[-28.4, 3, 61.83333333333333]",C:\Users\lab\Counterfactual-XAI-Verifier\experiments\yolov8_search_comparison\diverse_training_scenario_split\data\diverse_training_scenario_split_v1\dataset\images\train\T12_near_to_far__frame_0143.png,C:\Users\lab\Counterfactual-XAI-Verifier\experiments\yolov8_search_comparison\diverse_training_scenario_split\data\diverse_training_scenario_split_v1\dataset\labels\train\T12_near_to_far__frame_0143.txt,F846F28A576258F825C688E91E2403D1EB6835F85F8169F65120CAE37B1A23D8,E3B0C44298FC1C149AFBF4C8996FB92427AE41E4649B934CA495991B7852B855,A41AD9B5BC966A017A87D35742DFE6EAEB183E4740B55A19E84C46B2494FB466,B99496D25948B030,0,0,True,train
T12_near_to_far,4112,153,15.2,"[-30.4, 3, 62.666666666666664]",C:\Users\lab\Counterfactual-XAI-Verifier\experiments\yolov8_search_comparison\diverse_training_scenario_split\data\diverse_training_scenario_split_v1\dataset\images\train\T12_near_to_far__frame_0153.png,C:\Users\lab\Counterfactual-XAI-Verifier\experiments\yolov8_search_comparison\diverse_training_scenario_split\data\diverse_training_scenario_split_v1\dataset\labels\train\T12_near_to_far__frame_0153.txt,DECCA9BAB6E62BFA9AB62C5504A0EF80F1F9DBB3D43854EE949DC8CAB815DBD1,E3B0C44298FC1C149AFBF4C8996FB92427AE41E4649B934CA495991B7852B855,5E59651A23B8AC9EB7E620FE775E0422EF7362FA91E7CBA8E9CBFDBBF9D4416B,9C9CD45158783030,0,0,True,train
T12_near_to_far,4112,162,16.1,"[-32.2, 3, 63.41666666666667]",C:\Users\lab\Counterfactual-XAI-Verifier\experiments\yolov8_search_comparison\diverse_training_scenario_split\data\diverse_training_scenario_split_v1\dataset\images\train\T12_near_to_far__frame_0162.png,C:\Users\lab\Counterfactual-XAI-Verifier\experiments\yolov8_search_comparison\diverse_training_scenario_split\data\diverse_training_scenario_split_v1\dataset\labels\train\T12_near_to_far__frame_0162.txt,6D320635A49C7D38ECD628FDD1AC470B3E2F5356073AA7538F36D75E99B06183,E3B0C44298FC1C149AFBF4C8996FB92427AE41E4649B934CA495991B7852B855,E7D716EDABA45BEBE406F197FE51661D000EDD7BF70D1CB8E53DBC4F96E47BA4,9C94D05B68B03030,0,0,True,train
T12_near_to_far,4112,172,17.1,"[-34.199999999999996, 3, 64.25]",C:\Users\lab\Counterfactual-XAI-Verifier\experiments\yolov8_search_comparison\diverse_training_scenario_split\data\diverse_training_scenario_split_v1\dataset\images\train\T12_near_to_far__frame_0172.png,C:\Users\lab\Counterfactual-XAI-Verifier\experiments\yolov8_search_comparison\diverse_training_scenario_split\data\diverse_training_scenario_split_v1\dataset\labels\train\T12_near_to_far__frame_0172.txt,5FA9314A1E98529B69D870FD5297C063D318F3C718437479A8D7E467A006BE33,E3B0C44298FC1C149AFBF4C8996FB92427AE41E4649B934CA495991B7852B855,37F4C2E9DBA851A4E853FC8845CCD7EF87846504CBACD7B35F79ACDD45170722,9CD4533A78103030,0,0,True,train
T12_near_to_far,4112,181,18.0,"[-36, 3, 65]",C:\Users\lab\Counterfactual-XAI-Verifier\experiments\yolov8_search_comparison\diverse_training_scenario_split\data\diverse_training_scenario_split_v1\dataset\images\train\T12_near_to_far__frame_0181.png,C:\Users\lab\Counterfactual-XAI-Verifier\experiments\yolov8_search_comparison\diverse_training_scenario_split\data\diverse_training_scenario_split_v1\dataset\labels\train\T12_near_to_far__frame_0181.txt,2C5DF0E177EEE4A3AF38544727D66EA1CA7192E52455A045E2C6F80E7E5F54AC,E3B0C44298FC1C149AFBF4C8996FB92427AE41E4649B934CA495991B7852B855,996FF3FFABF4AD66D481402E1094AD677BF4DEE38984BF3A65F22C1502FA34FC,DCD433AA30303030,0,0,True,train
T13_high_short,4113,1,0.0,"[-20, -11, 70]",C:\Users\lab\Counterfactual-XAI-Verifier\experiments\yolov8_search_comparison\diverse_training_scenario_split\data\diverse_training_scenario_split_v1\dataset\images\train\T13_high_short__frame_0001.png,C:\Users\lab\Counterfactual-XAI-Verifier\experiments\yolov8_search_comparison\diverse_training_scenario_split\data\diverse_training_scenario_split_v1\dataset\labels\train\T13_high_short__frame_0001.txt,6D35204DB80AE1E7DF4A5AB4F60AFBD6B26310F1BE8EE63C0195C36BFCC2C2FD,A2103EC401DC2C75DADDD6207765185210B5F0870DE99ED3D55C6007819631F7,5D861FFD9D920E781283BEBA75F789238F59B5E6F54DB5BC335E317FF48413B6,F1D91A3235525B1B,1,0,False,train
T13_high_short,4113,10,0.9,"[-18.5, -11, 70]",C:\Users\lab\Counterfactual-XAI-Verifier\experiments\yolov8_search_comparison\diverse_training_scenario_split\data\diverse_training_scenario_split_v1\dataset\images\train\T13_high_short__frame_0010.png,C:\Users\lab\Counterfactual-XAI-Verifier\experiments\yolov8_search_comparison\diverse_training_scenario_split\data\diverse_training_scenario_split_v1\dataset\labels\train\T13_high_short__frame_0010.txt,AD75006B33119BD6595B41011EA5335375A223C3854D097171D6954A2F0BD845,0B143B406DEA1D7862EC22FA6D37EA98BB648C3B3947D7D79D20C86D4422D38A,63F750DB42BF0E0FF32FE554398BF893B1212310DD4B4FA8F396B72274625994,B1D91A2AB4525B1B,1,0,False,train
T13_high_short,4113,20,1.9,"[-16.833333333333332, -11, 70]",C:\Users\lab\Counterfactual-XAI-Verifier\experiments\yolov8_search_comparison\diverse_training_scenario_split\data\diverse_training_scenario_split_v1\dataset\images\train\T13_high_short__frame_0020.png,C:\Users\lab\Counterfactual-XAI-Verifier\experiments\yolov8_search_comparison\diverse_training_scenario_split\data\diverse_training_scenario_split_v1\dataset\labels\train\T13_high_short__frame_0020.txt,73872B064EF031F63383E520E9498583D454D2AE7BA961BB4F065A487DA04B4A,A99859E3DB293620DA2EC993E0D704EBB42F693690BC1902691DC7C4203A74E9,CAC62E9E2F0D937D35E3597690E296FA86FBFCF7F56B96DE68A8B07DED26D312,B0D1590A3635535B,1,1,False,train
T13_high_short,4113,29,2.8,"[-15.333333333333332, -11, 70]",C:\Users\lab\Counterfactual-XAI-Verifier\experiments\yolov8_search_comparison\diverse_training_scenario_split\data\diverse_training_scenario_split_v1\dataset\images\train\T13_high_short__frame_0029.png,C:\Users\lab\Counterfactual-XAI-Verifier\experiments\yolov8_search_comparison\diverse_training_scenario_split\data\diverse_training_scenario_split_v1\dataset\labels\train\T13_high_short__frame_0029.txt,D894E43BEA6F76923A9E3F71D5BA3A49552228327809F9DAE8A0BB64C0173FB0,C53436A0D54B552C6C7981902B34A798F9A98CC1C7A8C93C673DBCE995D6EB3B,8B187C6D0772DE515F40C180348F28B4473EE4CACDDA1AA7D0F87C395129C5AD,B0F559122AB5535B,1,1,False,train
T13_high_short,4113,39,3.8,"[-13.666666666666668, -11, 70]",C:\Users\lab\Counterfactual-XAI-Verifier\experiments\yolov8_search_comparison\diverse_training_scenario_split\data\diverse_training_scenario_split_v1\dataset\images\train\T13_high_short__frame_0039.png,C:\Users\lab\Counterfactual-XAI-Verifier\experiments\yolov8_search_comparison\diverse_training_scenario_split\data\diverse_training_scenario_split_v1\dataset\labels\train\T13_high_short__frame_0039.txt,38004A915C1E7C9F0302675FF388128B28EC2516FA3A76C366F8FC3ACFE470C2,34FCD1D7A9C880ABEE92D55A7AC8381E0B94BC0DAA1DA4A070A5E25F7841A6D7,209C7337CC45CF374B54FA288971B17AF338166793B08C8147729EB29CC2F077,93B1595A0A3E3553,1,1,False,train
T13_high_short,4113,48,4.7,"[-12.166666666666666, -11, 70]",C:\Users\lab\Counterfactual-XAI-Verifier\experiments\yolov8_search_comparison\diverse_training_scenario_split\data\diverse_training_scenario_split_v1\dataset\images\train\T13_high_short__frame_0048.png,C:\Users\lab\Counterfactual-XAI-Verifier\experiments\yolov8_search_comparison\diverse_training_scenario_split\data\diverse_training_scenario_split_v1\dataset\labels\train\T13_high_short__frame_0048.txt,12E124A7CABDB3D0360C82C30D7966A6FC3EA88365F8F38709CF98CBBF5E7013,4F7B5D5F2E72559CED667FA62FF52C703A342C76326D862AC46D9588487AAF83,6092B1A61BFA181B922A8DE15BFA9956B22FD65175573E8D326535C317F752CC,9BB05559122BB537,1,1,False,train
T13_high_short,4113,58,5.7,"[-10.5, -11, 70]",C:\Users\lab\Counterfactual-XAI-Verifier\experiments\yolov8_search_comparison\diverse_training_scenario_split\data\diverse_training_scenario_split_v1\dataset\images\train\T13_high_short__frame_0058.png,C:\Users\lab\Counterfactual-XAI-Verifier\experiments\yolov8_search_comparison\diverse_training_scenario_split\data\diverse_training_scenario_split_v1\dataset\labels\train\T13_high_short__frame_0058.txt,4A6794E262DB4F82B205D1EC959FE4A3655E3BA71FA1855BF4C79523D167C381,04EF9D594103A1B509CFA0E8955446FEA5310BAFED5B4C7786B7364B3D93CFC5,7332F4912AA4EE4E0A2C3EEC5C6C501F4DA55F7238D826E1D5C41257BB839D63,9BB075595A033FB5,1,1,False,train
T13_high_short,4113,67,6.6,"[-9, -11, 70]",C:\Users\lab\Counterfactual-XAI-Verifier\experiments\yolov8_search_comparison\diverse_training_scenario_split\data\diverse_training_scenario_split_v1\dataset\images\train\T13_high_short__frame_0067.png,C:\Users\lab\Counterfactual-XAI-Verifier\experiments\yolov8_search_comparison\diverse_training_scenario_split\data\diverse_training_scenario_split_v1\dataset\labels\train\T13_high_short__frame_0067.txt,E9A72C0E05E6243DFD832E5C28040CEC555123A68D838AFD824B5040F1A62863,216C18D123AF53283F05F2828308DAFFABD965284EABD64E273D9BFE0E79CCD9,6DA974F58474E0552E623357CC5CA62313151BE4C0D18B42A74597AF532388BE,9B9B70555A120B35,1,1,False,train
T13_high_short,4113,77,7.6,"[-7.333333333333334, -11, 70]",C:\Users\lab\Counterfactual-XAI-Verifier\experiments\yolov8_search_comparison\diverse_training_scenario_split\data\diverse_training_scenario_split_v1\dataset\images\train\T13_high_short__frame_0077.png,C:\Users\lab\Counterfactual-XAI-Verifier\experiments\yolov8_search_comparison\diverse_training_scenario_split\data\diverse_training_scenario_split_v1\dataset\labels\train\T13_high_short__frame_0077.txt,C895C7EB0991CA500C963D9D21D0EFFB94EAD9D9A2779F9ACE81EBED68ADDC80,A75F4AB6818912280D0BCABB76F7BFEC2FD578BAD564218A9E15D26B913646EE,05D0160639DCD33F631ED5CA3EC5AC21BE746B422DF93D08C854A9D79E9835F7,9B9B3075595A070B,1,2,False,train
T13_high_short,4113,86,8.5,"[-5.833333333333334, -11, 70]",C:\Users\lab\Counterfactual-XAI-Verifier\experiments\yolov8_search_comparison\diverse_training_scenario_split\data\diverse_training_scenario_split_v1\dataset\images\train\T13_high_short__frame_0086.png,C:\Users\lab\Counterfactual-XAI-Verifier\experiments\yolov8_search_comparison\diverse_training_scenario_split\data\diverse_training_scenario_split_v1\dataset\labels\train\T13_high_short__frame_0086.txt,E6DE6F069B6077C94E5E8566FE45371CBAF92667E5828B3C60AB98804B8B21F2,50D798989F3EA02ABD00F2B7D1119F0BA3EE10052208DA3BE3474E858A46E1B2,2A94C3F1CEE10A0A6585F700671A770C86429390BDB2B88C41C84550EDF3BD68,939B1A70555A1A07,2,2,False,train
T13_high_short,4113,96,9.5,"[-4.166666666666666, -11, 70]",C:\Users\lab\Counterfactual-XAI-Verifier\experiments\yolov8_search_comparison\diverse_training_scenario_split\data\diverse_training_scenario_split_v1\dataset\images\train\T13_high_short__frame_0096.png,C:\Users\lab\Counterfactual-XAI-Verifier\experiments\yolov8_search_comparison\diverse_training_scenario_split\data\diverse_training_scenario_split_v1\dataset\labels\train\T13_high_short__frame_0096.txt,B647BAC576503E83EFD8926A5CB28445505403DD9F547781C21407449392ACE8,B5C33FED309A1008A7B305578B5BE03CA0BAB1698AB2FF519ED4BFA309CD272B,BE812634B72A55289A755D5A91F864CCFB58C3D32FC7A690BF0673947F8C51A1,929B1A7075585A07,2,2,False,train
T13_high_short,4113,105,10.4,"[-2.666666666666668, -11, 70]",C:\Users\lab\Counterfactual-XAI-Verifier\experiments\yolov8_search_comparison\diverse_training_scenario_split\data\diverse_training_scenario_split_v1\dataset\images\train\T13_high_short__frame_0105.png,C:\Users\lab\Counterfactual-XAI-Verifier\experiments\yolov8_search_comparison\diverse_training_scenario_split\data\diverse_training_scenario_split_v1\dataset\labels\train\T13_high_short__frame_0105.txt,2DE8EDC2621691F11BD5669398988459C2F7EDC9BA0DA334C387450AC1AE1FF8,E6E1B307A155835510BFCE3238299B530991304E41714FD687FED2A0866682D5,8B4CD0F5D5802A136F7A2B0D1DCD50D24B68550173F72960D7FA4820534D326E,B29B5B3A7454585B,2,2,False,train
T13_high_short,4113,115,11.4,"[-1, -11, 70]",C:\Users\lab\Counterfactual-XAI-Verifier\experiments\yolov8_search_comparison\diverse_training_scenario_split\data\diverse_training_scenario_split_v1\dataset\images\train\T13_high_short__frame_0115.png,C:\Users\lab\Counterfactual-XAI-Verifier\experiments\yolov8_search_comparison\diverse_training_scenario_split\data\diverse_training_scenario_split_v1\dataset\labels\train\T13_high_short__frame_0115.txt,AF92E909840A88FB24CC702290B134E02CD2D7A1294E526E68BDF4A4D4A7FDC6,76F5D4FB42C85EF4005217B72FF744CFC7E7F5C73352688D319930C0615AB0E7,8B36100C92749AAE3ADDF8DFB753ADA5F6D30F0C54DB6D1C8BF1629AE6DED9DF,B2935B1A7074545B,1,2,False,train
T13_high_short,4113,124,12.3,"[0.5, -11, 70]",C:\Users\lab\Counterfactual-XAI-Verifier\experiments\yolov8_search_comparison\diverse_training_scenario_split\data\diverse_training_scenario_split_v1\dataset\images\train\T13_high_short__frame_0124.png,C:\Users\lab\Counterfactual-XAI-Verifier\experiments\yolov8_search_comparison\diverse_training_scenario_split\data\diverse_training_scenario_split_v1\dataset\labels\train\T13_high_short__frame_0124.txt,8B11232FA3AE6CAC00419025BA67CC5B8DC13D862DFEF2C9A9BC21269793A2E5,26AB9BFBD161370B3CDB4652EF92197ECEBD23EE8C39FA191264D51E70FEBAA0,BB3521CE364B1500AFA033471B6FB0704C8B3D8E1C04CBCCCFADA15EBFB612C9,BAB25B5A32755458,1,2,False,train
T13_high_short,4113,134,13.3,"[2.166666666666668, -11, 70]",C:\Users\lab\Counterfactual-XAI-Verifier\experiments\yolov8_search_comparison\diverse_training_scenario_split\data\diverse_training_scenario_split_v1\dataset\images\train\T13_high_short__frame_0134.png,C:\Users\lab\Counterfactual-XAI-Verifier\experiments\yolov8_search_comparison\diverse_training_scenario_split\data\diverse_training_scenario_split_v1\dataset\labels\train\T13_high_short__frame_0134.txt,9701FA4D075B9086908177B15DFED7CA8CF7F892CF3F2136EB3B2B1FF18C5CF5,EF86F908DC51708F52D611417F69BE39CE970B11BAA017FDD587D7D87CBBFFC6,E7929EF5579C524ACAED506BE96B11AB888F45B6BB78982BDECB498C32DDCC45,99B25B5B1A307554,1,2,False,train
T13_high_short,4113,143,14.2,"[3.6666666666666643, -11, 70]",C:\Users\lab\Counterfactual-XAI-Verifier\experiments\yolov8_search_comparison\diverse_training_scenario_split\data\diverse_training_scenario_split_v1\dataset\images\train\T13_high_short__frame_0143.png,C:\Users\lab\Counterfactual-XAI-Verifier\experiments\yolov8_search_comparison\diverse_training_scenario_split\data\diverse_training_scenario_split_v1\dataset\labels\train\T13_high_short__frame_0143.txt,4B0A873155AE3993A3AC5464250A4BA3FDDE14AF8802DF207CB967A82F86D976,160C70C306A2154DFF702D371FBF7DA9BDE5A5C84229ED7E8437F342DEE06757,6251A9A4A0819CCFB6714C87065F082AC90D6F9881ADDBC2A4C0EDEADF4B9BF8,D9B2335B5A127555,3,2,False,train
T13_high_short,4113,153,15.2,"[5.333333333333332, -11, 70]",C:\Users\lab\Counterfactual-XAI-Verifier\experiments\yolov8_search_comparison\diverse_training_scenario_split\data\diverse_training_scenario_split_v1\dataset\images\train\T13_high_short__frame_0153.png,C:\Users\lab\Counterfactual-XAI-Verifier\experiments\yolov8_search_comparison\diverse_training_scenario_split\data\diverse_training_scenario_split_v1\dataset\labels\train\T13_high_short__frame_0153.txt,DF33C04C2142D16B9FD36F9BA6CF8821790177C82119A39E333246E004578B02,21DDEC0A5DA4C9DC449B58B2E5D8311EB849D11AF7E538C8775C62C620E52267,8732A8B2D29246A1FC9712C782A6784D55C3F7145FAA1E9C75D7171A82090AB0,5D39325B5B1A3175,3,3,False,train
T13_high_short,4113,162,16.1,"[6.833333333333336, -11, 70]",C:\Users\lab\Counterfactual-XAI-Verifier\experiments\yolov8_search_comparison\diverse_training_scenario_split\data\diverse_training_scenario_split_v1\dataset\images\train\T13_high_short__frame_0162.png,C:\Users\lab\Counterfactual-XAI-Verifier\experiments\yolov8_search_comparison\diverse_training_scenario_split\data\diverse_training_scenario_split_v1\dataset\labels\train\T13_high_short__frame_0162.txt,C54A72670DEE8CACF43347EC698FB56C24C31E9BB4A1BCA5824DC329F6A11389,AFCB028E7AFCCF245DA3576348A4606EAA14631488DB55B75E1C93C03DCA6ECB,309A2BA50D8B3FCBDB2FF436A4BA26AEA63B17E88BBB6391E718BDDC889D95B3,561932135B5A3275,3,3,False,train
T13_high_short,4113,172,17.1,"[8.5, -11, 70]",C:\Users\lab\Counterfactual-XAI-Verifier\experiments\yolov8_search_comparison\diverse_training_scenario_split\data\diverse_training_scenario_split_v1\dataset\images\train\T13_high_short__frame_0172.png,C:\Users\lab\Counterfactual-XAI-Verifier\experiments\yolov8_search_comparison\diverse_training_scenario_split\data\diverse_training_scenario_split_v1\dataset\labels\train\T13_high_short__frame_0172.txt,533BAF80E27B8DACD4D86279A3359F3B36B316ED024A15596A018518BD1284CE,2F2D97F21064095026C8E955C84B9B36253D2D4AC5FB3C4C6147DEF95321ED87,C7A7AFC68FE947B966D821055C6208587701E45FB733CE25BE1B6E0AB123E68D,D6193A365B5B1A31,2,3,False,train
T13_high_short,4113,181,18.0,"[10, -11, 70]",C:\Users\lab\Counterfactual-XAI-Verifier\experiments\yolov8_search_comparison\diverse_training_scenario_split\data\diverse_training_scenario_split_v1\dataset\images\train\T13_high_short__frame_0181.png,C:\Users\lab\Counterfactual-XAI-Verifier\experiments\yolov8_search_comparison\diverse_training_scenario_split\data\diverse_training_scenario_split_v1\dataset\labels\train\T13_high_short__frame_0181.txt,E77556B47460BD88B70A94E14C11015388683064A8CDFAC87F5F8C4DB3AC024B,31FD7F76D49043D2F07FAB4A6FCB7771C9D00C1F2CBE1012C2336CAA2E0322E7,221C7C0992C18351899909A4399869AA0381B36ACBF34EC9AAE8D8029D04B796,D65D3B32175B593B,2,3,False,train
T14_low_close,4114,1,0.0,"[-25, 12, 44]",C:\Users\lab\Counterfactual-XAI-Verifier\experiments\yolov8_search_comparison\diverse_training_scenario_split\data\diverse_training_scenario_split_v1\dataset\images\train\T14_low_close__frame_0001.png,C:\Users\lab\Counterfactual-XAI-Verifier\experiments\yolov8_search_comparison\diverse_training_scenario_split\data\diverse_training_scenario_split_v1\dataset\labels\train\T14_low_close__frame_0001.txt,200360222B8675F80A426B02DB2704665B9B6B4DBAB9C79A2AD0AE2F1027DFBF,E3B0C44298FC1C149AFBF4C8996FB92427AE41E4649B934CA495991B7852B855,B9E4BB014D3D5954AA4C37E0FC8D22C894750B5AF16F607669161FDD81B1C347,0404040404040404,0,0,True,train
T14_low_close,4114,10,0.9,"[-23, 12, 44.15]",C:\Users\lab\Counterfactual-XAI-Verifier\experiments\yolov8_search_comparison\diverse_training_scenario_split\data\diverse_training_scenario_split_v1\dataset\images\train\T14_low_close__frame_0010.png,C:\Users\lab\Counterfactual-XAI-Verifier\experiments\yolov8_search_comparison\diverse_training_scenario_split\data\diverse_training_scenario_split_v1\dataset\labels\train\T14_low_close__frame_0010.txt,B860FE311207F3B725DAF3DF7CBA10D33611A7DFB8689FF7D7604F0F3C757E0A,E3B0C44298FC1C149AFBF4C8996FB92427AE41E4649B934CA495991B7852B855,55712B31FEED23567B13BE185B284C6682DBB9DFF370330E2C5B5A4893EA300E,0404040404040404,0,0,True,train
T14_low_close,4114,20,1.9,"[-20.77777777777778, 12, 44.31666666666667]",C:\Users\lab\Counterfactual-XAI-Verifier\experiments\yolov8_search_comparison\diverse_training_scenario_split\data\diverse_training_scenario_split_v1\dataset\images\train\T14_low_close__frame_0020.png,C:\Users\lab\Counterfactual-XAI-Verifier\experiments\yolov8_search_comparison\diverse_training_scenario_split\data\diverse_training_scenario_split_v1\dataset\labels\train\T14_low_close__frame_0020.txt,4DCF16C4B6E3C844DE9EB87378D6F6A425FFD9C88A6D5152DE90000A36133FEC,E3B0C44298FC1C149AFBF4C8996FB92427AE41E4649B934CA495991B7852B855,F61153D3D550FE1B1597E5D1E0E52C02C11CFD4FC1C220ACFD3A3A9404941A27,4800010004040404,0,0,True,train
T14_low_close,4114,29,2.8,"[-18.77777777777778, 12, 44.46666666666667]",C:\Users\lab\Counterfactual-XAI-Verifier\experiments\yolov8_search_comparison\diverse_training_scenario_split\data\diverse_training_scenario_split_v1\dataset\images\train\T14_low_close__frame_0029.png,C:\Users\lab\Counterfactual-XAI-Verifier\experiments\yolov8_search_comparison\diverse_training_scenario_split\data\diverse_training_scenario_split_v1\dataset\labels\train\T14_low_close__frame_0029.txt,7B8602E1CAE942FCF6D679C3A238E0EC0726203FD02571AE015506176916F4B3,E3B0C44298FC1C149AFBF4C8996FB92427AE41E4649B934CA495991B7852B855,D9C88046C216AA4074857139740DE0553672303BC782C736B47B378D6024A10D,3404080000000004,0,0,True,train
T14_low_close,4114,39,3.8,"[-16.555555555555557, 12, 44.63333333333333]",C:\Users\lab\Counterfactual-XAI-Verifier\experiments\yolov8_search_comparison\diverse_training_scenario_split\data\diverse_training_scenario_split_v1\dataset\images\train\T14_low_close__frame_0039.png,C:\Users\lab\Counterfactual-XAI-Verifier\experiments\yolov8_search_comparison\diverse_training_scenario_split\data\diverse_training_scenario_split_v1\dataset\labels\train\T14_low_close__frame_0039.txt,2A824960ED9ACC7FD13BC194F1177241DD2F375E322FEE52B4E050C55CDFB24A,E3B0C44298FC1C149AFBF4C8996FB92427AE41E4649B934CA495991B7852B855,B9C5343DB3DF38E4FE00E2CCCB34843139F3C507FBF32E2AD9D23E16FF409042,61C2622424000000,0,0,True,train
T14_low_close,4114,48,4.7,"[-14.555555555555555, 12, 44.78333333333333]",C:\Users\lab\Counterfactual-XAI-Verifier\experiments\yolov8_search_comparison\diverse_training_scenario_split\data\diverse_training_scenario_split_v1\dataset\images\train\T14_low_close__frame_0048.png,C:\Users\lab\Counterfactual-XAI-Verifier\experiments\yolov8_search_comparison\diverse_training_scenario_split\data\diverse_training_scenario_split_v1\dataset\labels\train\T14_low_close__frame_0048.txt,38554B6D4DB121F1F7457F6D2E751EBF760A8699956E5B12318D970E28F63F1E,E3B0C44298FC1C149AFBF4C8996FB92427AE41E4649B934CA495991B7852B855,9ED48BDAB334F9BC866BA5B4501AE97562FB5684CBCCE97B59F215E6292AD567,9292C0499991C1D2,0,0,True,train
T14_low_close,4114,58,5.7,"[-12.333333333333334, 12, 44.95]",C:\Users\lab\Counterfactual-XAI-Verifier\experiments\yolov8_search_comparison\diverse_training_scenario_split\data\diverse_training_scenario_split_v1\dataset\images\train\T14_low_close__frame_0058.png,C:\Users\lab\Counterfactual-XAI-Verifier\experiments\yolov8_search_comparison\diverse_training_scenario_split\data\diverse_training_scenario_split_v1\dataset\labels\train\T14_low_close__frame_0058.txt,283226BBF85BEC3C89FE79CEE6DECF2EF91E5602D8841B8FF5597D64190D2158,E3B0C44298FC1C149AFBF4C8996FB92427AE41E4649B934CA495991B7852B855,7D0EB824C7F5226D4E5C9721D6A43205BD4F6EBCB32B3BA73AE81D1A61AB55BB,909090C848840432,0,0,True,train
T14_low_close,4114,67,6.6,"[-10.333333333333334, 12, 45.1]",C:\Users\lab\Counterfactual-XAI-Verifier\experiments\yolov8_search_comparison\diverse_training_scenario_split\data\diverse_training_scenario_split_v1\dataset\images\train\T14_low_close__frame_0067.png,C:\Users\lab\Counterfactual-XAI-Verifier\experiments\yolov8_search_comparison\diverse_training_scenario_split\data\diverse_training_scenario_split_v1\dataset\labels\train\T14_low_close__frame_0067.txt,544A4B88BBB909E92C75B920201F4DE62C680BE762996BE8B10BB92F5D7897FF,A686E5B1C23317862DDE41D47EC320AD4CED952977F97A81538CD34FA93D07BB,7A35C4C0821757102833D1821A71C4B61E5293976C9F38D2E6125930E6E3D679,644404981020C0C0,1,1,False,train
T14_low_close,4114,77,7.6,"[-8.11111111111111, 12, 45.266666666666666]",C:\Users\lab\Counterfactual-XAI-Verifier\experiments\yolov8_search_comparison\diverse_training_scenario_split\data\diverse_training_scenario_split_v1\dataset\images\train\T14_low_close__frame_0077.png,C:\Users\lab\Counterfactual-XAI-Verifier\experiments\yolov8_search_comparison\diverse_training_scenario_split\data\diverse_training_scenario_split_v1\dataset\labels\train\T14_low_close__frame_0077.txt,3BABF83E815CA96171B1F5ADE72E595A1BB59EC2499492624922B50BA6488CA1,7152CA01B4EC4CBE19562E94CC737A709D82F45134BD813C4078DD1AAE9E58EA,E455801BFA804E51D3679D3F4051366C67D68FF9D06567D1DBAB245F98D892D8,3844444444D42030,0,1,False,train
T14_low_close,4114,86,8.5,"[-6.111111111111111, 12, 45.416666666666664]",C:\Users\lab\Counterfactual-XAI-Verifier\experiments\yolov8_search_comparison\diverse_training_scenario_split\data\diverse_training_scenario_split_v1\dataset\images\train\T14_low_close__frame_0086.png,C:\Users\lab\Counterfactual-XAI-Verifier\experiments\yolov8_search_comparison\diverse_training_scenario_split\data\diverse_training_scenario_split_v1\dataset\labels\train\T14_low_close__frame_0086.txt,C6E92925B68644D571369289A7AB5252031E0BA427D55275FCF06C8346997E2E,6703E37480B9A036416BC459E772529E371005BE67273AB344E306F26DCF11D4,B2FFA13BD6EA48A0EC53BF301C133D24EF0214EC660D60E3FF2EB06F429281FA,2418200050C4C4C4,0,1,False,train
T14_low_close,4114,96,9.5,"[-3.8888888888888893, 12, 45.583333333333336]",C:\Users\lab\Counterfactual-XAI-Verifier\experiments\yolov8_search_comparison\diverse_training_scenario_split\data\diverse_training_scenario_split_v1\dataset\images\train\T14_low_close__frame_0096.png,C:\Users\lab\Counterfactual-XAI-Verifier\experiments\yolov8_search_comparison\diverse_training_scenario_split\data\diverse_training_scenario_split_v1\dataset\labels\train\T14_low_close__frame_0096.txt,E6F26996704F756BAA701A75B75B13E6EE66C2072D51BFE937A9ED9EA72A2093,E3B0C44298FC1C149AFBF4C8996FB92427AE41E4649B934CA495991B7852B855,915585492EEFAF506DEAA49571FD2A5F00EEBD24F00E76C5A1D156563245AF5F,F272646408080000,0,0,True,train
T14_low_close,4114,105,10.4,"[-1.8888888888888928, 12, 45.733333333333334]",C:\Users\lab\Counterfactual-XAI-Verifier\experiments\yolov8_search_comparison\diverse_training_scenario_split\data\diverse_training_scenario_split_v1\dataset\images\train\T14_low_close__frame_0105.png,C:\Users\lab\Counterfactual-XAI-Verifier\experiments\yolov8_search_comparison\diverse_training_scenario_split\data\diverse_training_scenario_split_v1\dataset\labels\train\T14_low_close__frame_0105.txt,FEC5CDFB7DA967545C36A285F1E09D2D691823C5DA5D4CDD6DDD26DCE4CEA32A,E3B0C44298FC1C149AFBF4C8996FB92427AE41E4649B934CA495991B7852B855,F9AB987DBC0DD3002009C59E4EAF789A7F8FA4D50D96CCFA7861008B2DE112D3,900402E272646464,0,0,True,train
T14_low_close,4114,115,11.4,"[0.33333333333333215, 12, 45.9]",C:\Users\lab\Counterfactual-XAI-Verifier\experiments\yolov8_search_comparison\diverse_training_scenario_split\data\diverse_training_scenario_split_v1\dataset\images\train\T14_low_close__frame_0115.png,C:\Users\lab\Counterfactual-XAI-Verifier\experiments\yolov8_search_comparison\diverse_training_scenario_split\data\diverse_training_scenario_split_v1\dataset\labels\train\T14_low_close__frame_0115.txt,ED455EA47E46DB70A49005CF925BE0D5C2DAAFD64759D0A762DF5029209D5ABF,E3B0C44298FC1C149AFBF4C8996FB92427AE41E4649B934CA495991B7852B855,92F07F1CD4E8971B2DCAC460DA59357EAD67175521804F6395E463AF7A24CB7D,20101090180402C2,0,0,True,train
T14_low_close,4114,124,12.3,"[2.3333333333333357, 12, 46.05]",C:\Users\lab\Counterfactual-XAI-Verifier\experiments\yolov8_search_comparison\diverse_training_scenario_split\data\diverse_training_scenario_split_v1\dataset\images\train\T14_low_close__frame_0124.png,C:\Users\lab\Counterfactual-XAI-Verifier\experiments\yolov8_search_comparison\diverse_training_scenario_split\data\diverse_training_scenario_split_v1\dataset\labels\train\T14_low_close__frame_0124.txt,86E4FA0EA69B02DE5A340E0F89E17B4F307169C974E37C1DDFE17FD91D3F151B,E3B0C44298FC1C149AFBF4C8996FB92427AE41E4649B934CA495991B7852B855,56DCEF658E9373059E6E7BC85A4D126C1105240E300648B4DADF880BF09C242F,2020202020901020,0,0,True,train
T14_low_close,4114,134,13.3,"[4.555555555555557, 12, 46.21666666666667]",C:\Users\lab\Counterfactual-XAI-Verifier\experiments\yolov8_search_comparison\diverse_training_scenario_split\data\diverse_training_scenario_split_v1\dataset\images\train\T14_low_close__frame_0134.png,C:\Users\lab\Counterfactual-XAI-Verifier\experiments\yolov8_search_comparison\diverse_training_scenario_split\data\diverse_training_scenario_split_v1\dataset\labels\train\T14_low_close__frame_0134.txt,5617AE9FDB94C0A09FF12810E72DB1083828996D96A22B58873EB67714FF4DDB,828AEE19FF7807F79A222F124EA67F2CC0C92D201B7A5CE26FFD11ED19027300,086F915805052AC54CFB0EAE1C7E5BBC2C58F4108FA93C690AF6C757BC28EC6F,1A1B444020202020,1,1,False,train
T14_low_close,4114,143,14.2,"[6.555555555555554, 12, 46.36666666666667]",C:\Users\lab\Counterfactual-XAI-Verifier\experiments\yolov8_search_comparison\diverse_training_scenario_split\data\diverse_training_scenario_split_v1\dataset\images\train\T14_low_close__frame_0143.png,C:\Users\lab\Counterfactual-XAI-Verifier\experiments\yolov8_search_comparison\diverse_training_scenario_split\data\diverse_training_scenario_split_v1\dataset\labels\train\T14_low_close__frame_0143.txt,22A6A4957D87B737F996448648648B76AD3C27F790F92754A572CE7C20588A22,B1D13E9C3DB00569DED5D7C01F7F3455F42DB1A2F24D1209861DE6D3FDC13EC8,E6C355B9D0B909EF03E915FA3F4529DADAD771880951CC1A67EA6403F9EF6A1E,1606525210000000,1,1,False,train
T14_low_close,4114,153,15.2,"[8.777777777777779, 12, 46.53333333333333]",C:\Users\lab\Counterfactual-XAI-Verifier\experiments\yolov8_search_comparison\diverse_training_scenario_split\data\diverse_training_scenario_split_v1\dataset\images\train\T14_low_close__frame_0153.png,C:\Users\lab\Counterfactual-XAI-Verifier\experiments\yolov8_search_comparison\diverse_training_scenario_split\data\diverse_training_scenario_split_v1\dataset\labels\train\T14_low_close__frame_0153.txt,6621B131DA4183207EBAFDA3EE1EE6FFB2601AA3A0A1C8EE38A3E40EEAF66DB9,FF48F5C9989E5A0C5761934223C423B2EB4125140C9EA7635A64BC9030DD9069,F31A7FE1CD0CD3A4E161721E8F4DB4EF27C1F240DDE478F6F8452922001786E9,6023161606060613,1,1,False,train
T14_low_close,4114,162,16.1,"[10.777777777777779, 12, 46.68333333333334]",C:\Users\lab\Counterfactual-XAI-Verifier\experiments\yolov8_search_comparison\diverse_training_scenario_split\data\diverse_training_scenario_split_v1\dataset\images\train\T14_low_close__frame_0162.png,C:\Users\lab\Counterfactual-XAI-Verifier\experiments\yolov8_search_comparison\diverse_training_scenario_split\data\diverse_training_scenario_split_v1\dataset\labels\train\T14_low_close__frame_0162.txt,EEE001AB9C346230E772D1720CDA5AADD945F698A62B46F9D2458C29CBD7E61B,06D8E8ACDE863C4F5696D3B012912EC27C0A8637AB9B10E21D656E0DF3028D7A,30238568B1EC14CB04D57188D21531A1A52F5F9EAE8C7C96F5116AE8A935474F,1A5A622459270603,0,1,False,train
T14_low_close,4114,172,17.1,"[13, 12, 46.85]",C:\Users\lab\Counterfactual-XAI-Verifier\experiments\yolov8_search_comparison\diverse_training_scenario_split\data\diverse_training_scenario_split_v1\dataset\images\train\T14_low_close__frame_0172.png,C:\Users\lab\Counterfactual-XAI-Verifier\experiments\yolov8_search_comparison\diverse_training_scenario_split\data\diverse_training_scenario_split_v1\dataset\labels\train\T14_low_close__frame_0172.txt,DC856DAE4DDE54F33991FA841564916FE2A80E9FAF853EA8345C7EC96FCF6B97,E3B0C44298FC1C149AFBF4C8996FB92427AE41E4649B934CA495991B7852B855,83EC57B499F23DC0CD0D9273ED87490A9FB8C8CBB97346CD6DA96F9213877FF2,C8C81A1ADA526418,0,0,True,train
T14_low_close,4114,181,18.0,"[15, 12, 47]",C:\Users\lab\Counterfactual-XAI-Verifier\experiments\yolov8_search_comparison\diverse_training_scenario_split\data\diverse_training_scenario_split_v1\dataset\images\train\T14_low_close__frame_0181.png,C:\Users\lab\Counterfactual-XAI-Verifier\experiments\yolov8_search_comparison\diverse_training_scenario_split\data\diverse_training_scenario_split_v1\dataset\labels\train\T14_low_close__frame_0181.txt,8C0690E0D2E335BD4094207382EA934357D135B8C371F90D6FE93DBAF6F0C8FF,E3B0C44298FC1C149AFBF4C8996FB92427AE41E4649B934CA495991B7852B855,3B916D108D0B0670D5536CEC526B9D901D45B3E311720B6139373C4FE7C380F1,8888C8C8C8181A18,0,0,True,train
T15_lateral_ascending,4115,1,0.0,"[-22, -16, 48]",C:\Users\lab\Counterfactual-XAI-Verifier\experiments\yolov8_search_comparison\diverse_training_scenario_split\data\diverse_training_scenario_split_v1\dataset\images\train\T15_lateral_ascending__frame_0001.png,C:\Users\lab\Counterfactual-XAI-Verifier\experiments\yolov8_search_comparison\diverse_training_scenario_split\data\diverse_training_scenario_split_v1\dataset\labels\train\T15_lateral_ascending__frame_0001.txt,7AD1856C123E1B7E1BFFEFAE8ED5D093176D227D247F2D2304D2511D45F8F13C,E3B0C44298FC1C149AFBF4C8996FB92427AE41E4649B934CA495991B7852B855,7445471F128D7953F0DA1E2B614F83B4425475C86723D376B2845F99CDA9339C,05010406030B0100,0,0,True,train
T15_lateral_ascending,4115,10,0.9,"[-22, -14.4, 48.75]",C:\Users\lab\Counterfactual-XAI-Verifier\experiments\yolov8_search_comparison\diverse_training_scenario_split\data\diverse_training_scenario_split_v1\dataset\images\train\T15_lateral_ascending__frame_0010.png,C:\Users\lab\Counterfactual-XAI-Verifier\experiments\yolov8_search_comparison\diverse_training_scenario_split\data\diverse_training_scenario_split_v1\dataset\labels\train\T15_lateral_ascending__frame_0010.txt,0DA5B8E3DFC5B1B91B0F431F6B7A1113EE7F6CEF2474162020F4DDF9101EC630,E3B0C44298FC1C149AFBF4C8996FB92427AE41E4649B934CA495991B7852B855,AAD461FAB8875925D0F1D3B952F09D46C4C9EFAE3D85490563773A1089B967AF,0B03090C04040401,0,0,True,train
T15_lateral_ascending,4115,20,1.9,"[-22, -12.622222222222222, 49.583333333333336]",C:\Users\lab\Counterfactual-XAI-Verifier\experiments\yolov8_search_comparison\diverse_training_scenario_split\data\diverse_training_scenario_split_v1\dataset\images\train\T15_lateral_ascending__frame_0020.png,C:\Users\lab\Counterfactual-XAI-Verifier\experiments\yolov8_search_comparison\diverse_training_scenario_split\data\diverse_training_scenario_split_v1\dataset\labels\train\T15_lateral_ascending__frame_0020.txt,A2405A783158B6E32F326B61E437E12CA1F954C9CB85F5C7090ED501A7D725D0,E3B0C44298FC1C149AFBF4C8996FB92427AE41E4649B934CA495991B7852B855,AC89DDE2099471FE898C5B6AFB030F615DB3DB2CB9A2A4AB619EEF920967333B,0606031119190906,0,0,True,train
T15_lateral_ascending,4115,29,2.8,"[-22, -11.022222222222222, 50.333333333333336]",C:\Users\lab\Counterfactual-XAI-Verifier\experiments\yolov8_search_comparison\diverse_training_scenario_split\data\diverse_training_scenario_split_v1\dataset\images\train\T15_lateral_ascending__frame_0029.png,C:\Users\lab\Counterfactual-XAI-Verifier\experiments\yolov8_search_comparison\diverse_training_scenario_split\data\diverse_training_scenario_split_v1\dataset\labels\train\T15_lateral_ascending__frame_0029.txt,E8047A05D2EEFA2E88EE25D62E6FFDDA265EA9FAA548DCE7CA84E73F8856FC2B,E3B0C44298FC1C149AFBF4C8996FB92427AE41E4649B934CA495991B7852B855,7006DC3D502DA5F55F62B2B2D9A2DE9E3D8885B1E576E313A36961284DF71555,2C2C06223333330D,0,0,True,train
T15_lateral_ascending,4115,39,3.8,"[-22, -9.244444444444444, 51.166666666666664]",C:\Users\lab\Counterfactual-XAI-Verifier\experiments\yolov8_search_comparison\diverse_training_scenario_split\data\diverse_training_scenario_split_v1\dataset\images\train\T15_lateral_ascending__frame_0039.png,C:\Users\lab\Counterfactual-XAI-Verifier\experiments\yolov8_search_comparison\diverse_training_scenario_split\data\diverse_training_scenario_split_v1\dataset\labels\train\T15_lateral_ascending__frame_0039.txt,D8D43490FD0AB70E393EC13460FA2738A73CC6777CEB83B6742DB102DF6DA262,E3B0C44298FC1C149AFBF4C8996FB92427AE41E4649B934CA495991B7852B855,C980191348596A4CB7E03A64B2185A15F6075FB4129FF690DB8B39BAC50525FE,1959184C6626662B,0,0,True,train
T15_lateral_ascending,4115,48,4.7,"[-22, -7.644444444444444, 51.916666666666664]",C:\Users\lab\Counterfactual-XAI-Verifier\experiments\yolov8_search_comparison\diverse_training_scenario_split\data\diverse_training_scenario_split_v1\dataset\images\train\T15_lateral_ascending__frame_0048.png,C:\Users\lab\Counterfactual-XAI-Verifier\experiments\yolov8_search_comparison\diverse_training_scenario_split\data\diverse_training_scenario_split_v1\dataset\labels\train\T15_lateral_ascending__frame_0048.txt,EB0A92DB7FAE0E936C703ACDCE4C90E14D96B18DDB9A7FCE3D17FDB71F3FF054,E3B0C44298FC1C149AFBF4C8996FB92427AE41E4649B934CA495991B7852B855,6D14273E46B03D92EED44B71843CF8CAADFAB7F94B207C54B96CFDDA39A4D081,B3333399CD4D4C46,0,0,True,train
T15_lateral_ascending,4115,58,5.7,"[-22, -5.866666666666667, 52.75]",C:\Users\lab\Counterfactual-XAI-Verifier\experiments\yolov8_search_comparison\diverse_training_scenario_split\data\diverse_training_scenario_split_v1\dataset\images\train\T15_lateral_ascending__frame_0058.png,C:\Users\lab\Counterfactual-XAI-Verifier\experiments\yolov8_search_comparison\diverse_training_scenario_split\data\diverse_training_scenario_split_v1\dataset\labels\train\T15_lateral_ascending__frame_0058.txt,6522752F04BE245887D164EBE168AEC677FE99CC442DC546218DBEABEF9CBCA5,E3B0C44298FC1C149AFBF4C8996FB92427AE41E4649B934CA495991B7852B855,DC83248058F3FB2E78BCA45080911443712C3BFD15CEE533F6767CB9860713B5,6726A7339BDBD9CD,0,0,True,train
T15_lateral_ascending,4115,67,6.6,"[-22, -4.2666666666666675, 53.5]",C:\Users\lab\Counterfactual-XAI-Verifier\experiments\yolov8_search_comparison\diverse_training_scenario_split\data\diverse_training_scenario_split_v1\dataset\images\train\T15_lateral_ascending__frame_0067.png,C:\Users\lab\Counterfactual-XAI-Verifier\experiments\yolov8_search_comparison\diverse_training_scenario_split\data\diverse_training_scenario_split_v1\dataset\labels\train\T15_lateral_ascending__frame_0067.txt,4A4EB1CB04D47E796F6FA869D72BD67A09742EC5E316301331ADA172EAE121CE,E3B0C44298FC1C149AFBF4C8996FB92427AE41E4649B934CA495991B7852B855,A3C512230DCD6FFF98A75DEB122E08C4D74F8C642DC651A069003DB0DBD6FBD3,CE4F6E663693939A,0,0,True,train
T15_lateral_ascending,4115,77,7.6,"[-22, -2.488888888888889, 54.333333333333336]",C:\Users\lab\Counterfactual-XAI-Verifier\experiments\yolov8_search_comparison\diverse_training_scenario_split\data\diverse_training_scenario_split_v1\dataset\images\train\T15_lateral_ascending__frame_0077.png,C:\Users\lab\Counterfactual-XAI-Verifier\experiments\yolov8_search_comparison\diverse_training_scenario_split\data\diverse_training_scenario_split_v1\dataset\labels\train\T15_lateral_ascending__frame_0077.txt,DB8389A36283201CBAFFC926672A38C48E87D040C5E4244C28E757845B0F5C3A,E3B0C44298FC1C149AFBF4C8996FB92427AE41E4649B934CA495991B7852B855,424DF0F37F820925FE1282EA06F1B04CBDEE51F59D24FD0AA10A58B34F69398F,9DCCCFC464263737,0,0,True,train
T15_lateral_ascending,4115,86,8.5,"[-22, -0.8888888888888893, 55.083333333333336]",C:\Users\lab\Counterfactual-XAI-Verifier\experiments\yolov8_search_comparison\diverse_training_scenario_split\data\diverse_training_scenario_split_v1\dataset\images\train\T15_lateral_ascending__frame_0086.png,C:\Users\lab\Counterfactual-XAI-Verifier\experiments\yolov8_search_comparison\diverse_training_scenario_split\data\diverse_training_scenario_split_v1\dataset\labels\train\T15_lateral_ascending__frame_0086.txt,CDD59D8DEC5953C31056FD3CAD4CD4BB89E562E9631DC9884038720D00A44A09,E3B0C44298FC1C149AFBF4C8996FB92427AE41E4649B934CA495991B7852B855,3AA9BAADE0675187E49ABD30DBB168CC36A5E8E5B026D28AD96EC4739A7E664E,8B9D9F8DCC6C6666,0,0,True,train
T15_lateral_ascending,4115,96,9.5,"[-22, 0.8888888888888893, 55.916666666666664]",C:\Users\lab\Counterfactual-XAI-Verifier\experiments\yolov8_search_comparison\diverse_training_scenario_split\data\diverse_training_scenario_split_v1\dataset\images\train\T15_lateral_ascending__frame_0096.png,C:\Users\lab\Counterfactual-XAI-Verifier\experiments\yolov8_search_comparison\diverse_training_scenario_split\data\diverse_training_scenario_split_v1\dataset\labels\train\T15_lateral_ascending__frame_0096.txt,B4F7888C02650BF1A5C89C7FAA227310D9A0C4269FCE07CCE5F9E5366E1C4975,E3B0C44298FC1C149AFBF4C8996FB92427AE41E4649B934CA495991B7852B855,2BB73C1F79021E3EF0B95F8E74904B4174A3D52427A658E2EF2F96DD8DC15ABB,2E1A9B9BD9D84C4C,0,0,True,train
T15_lateral_ascending,4115,105,10.4,"[-22, 2.488888888888887, 56.666666666666664]",C:\Users\lab\Counterfactual-XAI-Verifier\experiments\yolov8_search_comparison\diverse_training_scenario_split\data\diverse_training_scenario_split_v1\dataset\images\train\T15_lateral_ascending__frame_0105.png,C:\Users\lab\Counterfactual-XAI-Verifier\experiments\yolov8_search_comparison\diverse_training_scenario_split\data\diverse_training_scenario_split_v1\dataset\labels\train\T15_lateral_ascending__frame_0105.txt,978AC90B5A1A65685186872183BD2698A9B1E6677996AE1BAAEF99F4A16A5E9D,E3B0C44298FC1C149AFBF4C8996FB92427AE41E4649B934CA495991B7852B855,DA0432B2F198185FE34A820269E0D7F6FE14748FD1DB62251589F3EA3CD7BEEB,5D3432379398D8C9,0,0,True,train
T15_lateral_ascending,4115,115,11.4,"[-22, 4.266666666666666, 57.5]",C:\Users\lab\Counterfactual-XAI-Verifier\experiments\yolov8_search_comparison\diverse_training_scenario_split\data\diverse_training_scenario_split_v1\dataset\images\train\T15_lateral_ascending__frame_0115.png,C:\Users\lab\Counterfactual-XAI-Verifier\experiments\yolov8_search_comparison\diverse_training_scenario_split\data\diverse_training_scenario_split_v1\dataset\labels\train\T15_lateral_ascending__frame_0115.txt,BCF9EEF03F8BB5F19D8C206375DC8B73D18BC24FC2435D62C69ABF39E8B38572,E3B0C44298FC1C149AFBF4C8996FB92427AE41E4649B934CA495991B7852B855,606421706E835DFF9E2846779600E2038E2E8BA01A2FDB6C5C7B7D4A9FA4DC12,D939347E36B2B092,0,0,True,train
T15_lateral_ascending,4115,124,12.3,"[-22, 5.866666666666667, 58.25]",C:\Users\lab\Counterfactual-XAI-Verifier\experiments\yolov8_search_comparison\diverse_training_scenario_split\data\diverse_training_scenario_split_v1\dataset\images\train\T15_lateral_ascending__frame_0124.png,C:\Users\lab\Counterfactual-XAI-Verifier\experiments\yolov8_search_comparison\diverse_training_scenario_split\data\diverse_training_scenario_split_v1\dataset\labels\train\T15_lateral_ascending__frame_0124.txt,337D038512C01ACFAB995E211F2CC0DD93824B2F6742BCCFA92105C1430DC55B,E3B0C44298FC1C149AFBF4C8996FB92427AE41E4649B934CA495991B7852B855,840FACB0277A11CA500B46D12ACD56E86B53232F84D0C6395C034841A540BFAE,B23A696C2424A1B0,0,0,True,train
T15_lateral_ascending,4115,134,13.3,"[-22, 7.644444444444446, 59.083333333333336]",C:\Users\lab\Counterfactual-XAI-Verifier\experiments\yolov8_search_comparison\diverse_training_scenario_split\data\diverse_training_scenario_split_v1\dataset\images\train\T15_lateral_ascending__frame_0134.png,C:\Users\lab\Counterfactual-XAI-Verifier\experiments\yolov8_search_comparison\diverse_training_scenario_split\data\diverse_training_scenario_split_v1\dataset\labels\train\T15_lateral_ascending__frame_0134.txt,5173B872C2DCE7BB570F889E163B429F02DCC570FFDA4B0CD2366BE891499CC1,E3B0C44298FC1C149AFBF4C8996FB92427AE41E4649B934CA495991B7852B855,14F947E8AD086BA028DCF9BED62941965D246E388DE5A34B418FFD4723D340C6,24B25259696D6221,0,0,True,train
T15_lateral_ascending,4115,143,14.2,"[-22, 9.244444444444444, 59.83333333333333]",C:\Users\lab\Counterfactual-XAI-Verifier\experiments\yolov8_search_comparison\diverse_training_scenario_split\data\diverse_training_scenario_split_v1\dataset\images\train\T15_lateral_ascending__frame_0143.png,C:\Users\lab\Counterfactual-XAI-Verifier\experiments\yolov8_search_comparison\diverse_training_scenario_split\data\diverse_training_scenario_split_v1\dataset\labels\train\T15_lateral_ascending__frame_0143.txt,ADCD974D368662E5B53BE5C43C974ECE92C9E0EBEE2490BE55A97F0CA4C7B465,E3B0C44298FC1C149AFBF4C8996FB92427AE41E4649B934CA495991B7852B855,5E19A0178C78F05FC4B5C5D3B2F5515332888777DBD3726731E864528AC2E6F0,442454D259494543,0,0,True,train
T15_lateral_ascending,4115,153,15.2,"[-22, 11.022222222222222, 60.666666666666664]",C:\Users\lab\Counterfactual-XAI-Verifier\experiments\yolov8_search_comparison\diverse_training_scenario_split\data\diverse_training_scenario_split_v1\dataset\images\train\T15_lateral_ascending__frame_0153.png,C:\Users\lab\Counterfactual-XAI-Verifier\experiments\yolov8_search_comparison\diverse_training_scenario_split\data\diverse_training_scenario_split_v1\dataset\labels\train\T15_lateral_ascending__frame_0153.txt,E8D279C42B8F3BF92470CCB07974A3CED9AF8D56628D48DC0F8BC61DEB52B9DD,E3B0C44298FC1C149AFBF4C8996FB92427AE41E4649B934CA495991B7852B855,50857345A675839383D3183F1A8CC4B33577D1D2AAA1CB4E20EB10B26F897277,5169E5B4F393C7C2,0,0,True,train
T15_lateral_ascending,4115,162,16.1,"[-22, 12.622222222222224, 61.41666666666667]",C:\Users\lab\Counterfactual-XAI-Verifier\experiments\yolov8_search_comparison\diverse_training_scenario_split\data\diverse_training_scenario_split_v1\dataset\images\train\T15_lateral_ascending__frame_0162.png,C:\Users\lab\Counterfactual-XAI-Verifier\experiments\yolov8_search_comparison\diverse_training_scenario_split\data\diverse_training_scenario_split_v1\dataset\labels\train\T15_lateral_ascending__frame_0162.txt,DF276B203AB87FA32DB3221BB146746D9D2024DCDD89003B4AC1B6CA245D9E05,E3B0C44298FC1C149AFBF4C8996FB92427AE41E4649B934CA495991B7852B855,66A2868AA6062B04424D47B9EED3D5B9A09B551C069D0BDD00222FEEC136F16C,954949A5E5A78786,0,0,True,train
T15_lateral_ascending,4115,172,17.1,"[-22, 14.399999999999999, 62.25]",C:\Users\lab\Counterfactual-XAI-Verifier\experiments\yolov8_search_comparison\diverse_training_scenario_split\data\diverse_training_scenario_split_v1\dataset\images\train\T15_lateral_ascending__frame_0172.png,C:\Users\lab\Counterfactual-XAI-Verifier\experiments\yolov8_search_comparison\diverse_training_scenario_split\data\diverse_training_scenario_split_v1\dataset\labels\train\T15_lateral_ascending__frame_0172.txt,E93E0742EA36C806898B1FE36B9DE73C14D4CCB0198DDCAB5962342C0A57D2F8,E3B0C44298FC1C149AFBF4C8996FB92427AE41E4649B934CA495991B7852B855,EA9B89C077EBE0DF714B46CC1E1AA12671F48A9F6EDFFFB2C1CCF585012A5513,A393CBCBCBE7A78D,0,0,True,train
T15_lateral_ascending,4115,181,18.0,"[-22, 16, 63]",C:\Users\lab\Counterfactual-XAI-Verifier\experiments\yolov8_search_comparison\diverse_training_scenario_split\data\diverse_training_scenario_split_v1\dataset\images\train\T15_lateral_ascending__frame_0181.png,C:\Users\lab\Counterfactual-XAI-Verifier\experiments\yolov8_search_comparison\diverse_training_scenario_split\data\diverse_training_scenario_split_v1\dataset\labels\train\T15_lateral_ascending__frame_0181.txt,1B3115F0792FF90E9519F1F62E9D09D43971420B821966A1F67E3E2F80E5592F,E3B0C44298FC1C149AFBF4C8996FB92427AE41E4649B934CA495991B7852B855,0F3D56A0B287755BC29E898857F21AC79BA9E09A5C47FB86ECA33FBA13C01916,AB839353CB4F0F1F,0,0,True,train
T16_lateral_descending,4116,1,0.0,"[-14, 18, 65]",C:\Users\lab\Counterfactual-XAI-Verifier\experiments\yolov8_search_comparison\diverse_training_scenario_split\data\diverse_training_scenario_split_v1\dataset\images\train\T16_lateral_descending__frame_0001.png,C:\Users\lab\Counterfactual-XAI-Verifier\experiments\yolov8_search_comparison\diverse_training_scenario_split\data\diverse_training_scenario_split_v1\dataset\labels\train\T16_lateral_descending__frame_0001.txt,D0A5BD99606AA9D64629578F589ABD2BE580CC0D84E6BBF369146DA57D74F8AC,C3688430BF2337F7211D1A34110EB38260EBCEEADDD2434E0B8081C7FE4AD989,17F5E1831C24539537832794BA58C552D0F741D81A77D308A6DD9071362B0ADF,9797974F4727A793,1,1,False,train
T16_lateral_descending,4116,10,0.9,"[-14, 16.2, 64.15]",C:\Users\lab\Counterfactual-XAI-Verifier\experiments\yolov8_search_comparison\diverse_training_scenario_split\data\diverse_training_scenario_split_v1\dataset\images\train\T16_lateral_descending__frame_0010.png,C:\Users\lab\Counterfactual-XAI-Verifier\experiments\yolov8_search_comparison\diverse_training_scenario_split\data\diverse_training_scenario_split_v1\dataset\labels\train\T16_lateral_descending__frame_0010.txt,5594822587C1F580D776A61E0590FCF7458135C181B6FD43E753E8028A1C747B,383E07DB414C3F76B9CF0A65A96BE92BD0EFB6D1D13743209D456D1CE8529AE7,93D3E599A327289A0CF8666DA1E1C4541B50D8F73F3B83898E971484E8C46EDF,57D3CB4B2B9393D3,1,0,False,train
T16_lateral_descending,4116,20,1.9,"[-14, 14.2, 63.205555555555556]",C:\Users\lab\Counterfactual-XAI-Verifier\experiments\yolov8_search_comparison\diverse_training_scenario_split\data\diverse_training_scenario_split_v1\dataset\images\train\T16_lateral_descending__frame_0020.png,C:\Users\lab\Counterfactual-XAI-Verifier\experiments\yolov8_search_comparison\diverse_training_scenario_split\data\diverse_training_scenario_split_v1\dataset\labels\train\T16_lateral_descending__frame_0020.txt,9B6740C9A195FB537DF669611173ACBE044458EDE59B4BF0CEE6D3BF9DDB9B56,E3B0C44298FC1C149AFBF4C8996FB92427AE41E4649B934CA495991B7852B855,D2EB588CA0DFDCBBAD9A8C5E1B4E810DC43E3525C5B931560051BB6463439B2F,4B4BE3A78191C149,0,0,True,train
T16_lateral_descending,4116,29,2.8,"[-14, 12.4, 62.355555555555554]",C:\Users\lab\Counterfactual-XAI-Verifier\experiments\yolov8_search_comparison\diverse_training_scenario_split\data\diverse_training_scenario_split_v1\dataset\images\train\T16_lateral_descending__frame_0029.png,C:\Users\lab\Counterfactual-XAI-Verifier\experiments\yolov8_search_comparison\diverse_training_scenario_split\data\diverse_training_scenario_split_v1\dataset\labels\train\T16_lateral_descending__frame_0029.txt,B184D3733B1FC7048CBF99CC5C9C96DCF41529C89816B1B762B14538513F3BD4,E3B0C44298FC1C149AFBF4C8996FB92427AE41E4649B934CA495991B7852B855,214DF2059632148749E15103E34EBA2DA9B7DBC79831944E0E27315B02648C7E,EBE9A59589C9C8A8,0,0,True,train
T16_lateral_descending,4116,39,3.8,"[-14, 10.4, 61.41111111111111]",C:\Users\lab\Counterfactual-XAI-Verifier\experiments\yolov8_search_comparison\diverse_training_scenario_split\data\diverse_training_scenario_split_v1\dataset\images\train\T16_lateral_descending__frame_0039.png,C:\Users\lab\Counterfactual-XAI-Verifier\experiments\yolov8_search_comparison\diverse_training_scenario_split\data\diverse_training_scenario_split_v1\dataset\labels\train\T16_lateral_descending__frame_0039.txt,F24A278C7CDB096631341F51B93240827164BD16D1AA30A95D5CCEB30C912139,E3B0C44298FC1C149AFBF4C8996FB92427AE41E4649B934CA495991B7852B855,F7408600EAB137F88CAA6E13A788D9926A0DE00EEF26132C5EDDC476607C914F,A575D2D24460E494,0,0,True,train
T16_lateral_descending,4116,48,4.7,"[-14, 8.6, 60.56111111111111]",C:\Users\lab\Counterfactual-XAI-Verifier\experiments\yolov8_search_comparison\diverse_training_scenario_split\data\diverse_training_scenario_split_v1\dataset\images\train\T16_lateral_descending__frame_0048.png,C:\Users\lab\Counterfactual-XAI-Verifier\experiments\yolov8_search_comparison\diverse_training_scenario_split\data\diverse_training_scenario_split_v1\dataset\labels\train\T16_lateral_descending__frame_0048.txt,AB54C77E55B968384A1BBDC54A89940DF8DD2F87759C532777A430289815E6C5,E3B0C44298FC1C149AFBF4C8996FB92427AE41E4649B934CA495991B7852B855,289B1FEAD2A43A5EF41A5C57675DADCEEB21ECE0EC011107179CA7D4D2DD0F1D,52525A486474D2D0,0,0,True,train
T16_lateral_descending,4116,58,5.7,"[-14, 6.600000000000001, 59.61666666666667]",C:\Users\lab\Counterfactual-XAI-Verifier\experiments\yolov8_search_comparison\diverse_training_scenario_split\data\diverse_training_scenario_split_v1\dataset\images\train\T16_lateral_descending__frame_0058.png,C:\Users\lab\Counterfactual-XAI-Verifier\experiments\yolov8_search_comparison\diverse_training_scenario_split\data\diverse_training_scenario_split_v1\dataset\labels\train\T16_lateral_descending__frame_0058.txt,EB975ED55E40B28B926182B354D605FA40B9D5A63D365D0694C06695AD345BA5,E3B0C44298FC1C149AFBF4C8996FB92427AE41E4649B934CA495991B7852B855,56000CA21A9DFF720CBE781B68F39FFE7D705A6C939569E5BC6F8CEBD7A21D85,1A696D24B2F26A68,0,0,True,train
T16_lateral_descending,4116,67,6.6,"[-14, 4.800000000000001, 58.766666666666666]",C:\Users\lab\Counterfactual-XAI-Verifier\experiments\yolov8_search_comparison\diverse_training_scenario_split\data\diverse_training_scenario_split_v1\dataset\images\train\T16_lateral_descending__frame_0067.png,C:\Users\lab\Counterfactual-XAI-Verifier\experiments\yolov8_search_comparison\diverse_training_scenario_split\data\diverse_training_scenario_split_v1\dataset\labels\train\T16_lateral_descending__frame_0067.txt,E03079C9ADBD0A4715D2E999821CCA46B7041B4D86BF2ED571B253AD100A3248,E3B0C44298FC1C149AFBF4C8996FB92427AE41E4649B934CA495991B7852B855,C49C5B89E1F035F2D04E370EBDF8598EAE4871608F4D00795075673B11215206,296CA4B3B9696566,0,0,True,train
T16_lateral_descending,4116,77,7.6,"[-14, 2.8000000000000007, 57.82222222222222]",C:\Users\lab\Counterfactual-XAI-Verifier\experiments\yolov8_search_comparison\diverse_training_scenario_split\data\diverse_training_scenario_split_v1\dataset\images\train\T16_lateral_descending__frame_0077.png,C:\Users\lab\Counterfactual-XAI-Verifier\experiments\yolov8_search_comparison\diverse_training_scenario_split\data\diverse_training_scenario_split_v1\dataset\labels\train\T16_lateral_descending__frame_0077.txt,21D90FF8B3AA050E99B31C1C37B642B7D3C1B0C1B918BAFAC255FA03EAA98358,E3B0C44298FC1C149AFBF4C8996FB92427AE41E4649B934CA495991B7852B855,33EC37E9B54635A7C042A55F0A866AA8C4D4ADA3FCFF6A4B187FFC184EC26F11,14769291D4343633,0,0,True,train
T16_lateral_descending,4116,86,8.5,"[-14, 1, 56.97222222222222]",C:\Users\lab\Counterfactual-XAI-Verifier\experiments\yolov8_search_comparison\diverse_training_scenario_split\data\diverse_training_scenario_split_v1\dataset\images\train\T16_lateral_descending__frame_0086.png,C:\Users\lab\Counterfactual-XAI-Verifier\experiments\yolov8_search_comparison\diverse_training_scenario_split\data\diverse_training_scenario_split_v1\dataset\labels\train\T16_lateral_descending__frame_0086.txt,B72EB27FC8D68846EA456E83B8C645E58602BBA0D733311844B09BA78B13FC85,E3B0C44298FC1C149AFBF4C8996FB92427AE41E4649B934CA495991B7852B855,ABD7774BD3BC91A7029427A39A947654557A4DE546FE965FF8147498BCFDC427,9ADBD9485A3A3B19,0,0,True,train
T16_lateral_descending,4116,96,9.5,"[-14, -1, 56.02777777777778]",C:\Users\lab\Counterfactual-XAI-Verifier\experiments\yolov8_search_comparison\diverse_training_scenario_split\data\diverse_training_scenario_split_v1\dataset\images\train\T16_lateral_descending__frame_0096.png,C:\Users\lab\Counterfactual-XAI-Verifier\experiments\yolov8_search_comparison\diverse_training_scenario_split\data\diverse_training_scenario_split_v1\dataset\labels\train\T16_lateral_descending__frame_0096.txt,4DC6CEF8F285E26BB0EE36C7353FFC8D574703B33FA06762C29B147B30C5A986,E3B0C44298FC1C149AFBF4C8996FB92427AE41E4649B934CA495991B7852B855,7161F148835C87AD4F08DBC88D25369B1FF6AA69ADEDCE848E5D59724E9296F8,8969686D2D9D1CAC,0,0,True,train
T16_lateral_descending,4116,105,10.4,"[-14, -2.799999999999997, 55.17777777777778]",C:\Users\lab\Counterfactual-XAI-Verifier\experiments\yolov8_search_comparison\diverse_training_scenario_split\data\diverse_training_scenario_split_v1\dataset\images\train\T16_lateral_descending__frame_0105.png,C:\Users\lab\Counterfactual-XAI-Verifier\experiments\yolov8_search_comparison\diverse_training_scenario_split\data\diverse_training_scenario_split_v1\dataset\labels\train\T16_lateral_descending__frame_0105.txt,B85518A1E1DB8AC291BACD59021F2529EBADFA4EDDE3BA10E526E7DD2B881C0C,E3B0C44298FC1C149AFBF4C8996FB92427AE41E4649B934CA495991B7852B855,6F5487F90C4D0BDAAFCD1E8B4FC7B7F5C15D3A5B2197C8681913A0AC75120805,E42424B4869E8ED7,0,0,True,train
T16_lateral_descending,4116,115,11.4,"[-14, -4.799999999999997, 54.233333333333334]",C:\Users\lab\Counterfactual-XAI-Verifier\experiments\yolov8_search_comparison\diverse_training_scenario_split\data\diverse_training_scenario_split_v1\dataset\images\train\T16_lateral_descending__frame_0115.png,C:\Users\lab\Counterfactual-XAI-Verifier\experiments\yolov8_search_comparison\diverse_training_scenario_split\data\diverse_training_scenario_split_v1\dataset\labels\train\T16_lateral_descending__frame_0115.txt,51436C30FD55F6AE7190400B835ABBAC861EE8AFF4BD9E9BDF4D15FBD2B9803B,E3B0C44298FC1C149AFBF4C8996FB92427AE41E4649B934CA495991B7852B855,2AE77B54AAB7FEF00AFC9AA80084F2158CE85A42289A225AF234849C7A9FA455,B6929292CFCFC74F,0,0,True,train
T16_lateral_descending,4116,124,12.3,"[-14, -6.600000000000001, 53.38333333333333]",C:\Users\lab\Counterfactual-XAI-Verifier\experiments\yolov8_search_comparison\diverse_training_scenario_split\data\diverse_training_scenario_split_v1\dataset\images\train\T16_lateral_descending__frame_0124.png,C:\Users\lab\Counterfactual-XAI-Verifier\experiments\yolov8_search_comparison\diverse_training_scenario_split\data\diverse_training_scenario_split_v1\dataset\labels\train\T16_lateral_descending__frame_0124.txt,1A23A04DE7BCA76675DDFF82F2CAA93496FEC1D2836D514381126B2143D2690B,E3B0C44298FC1C149AFBF4C8996FB92427AE41E4649B934CA495991B7852B855,9BE5D7ED13D20251B76B53247A0A76EAD5B108A93AAA217AFBB38B8B27427B07,9BDBCB4B67676727,0,0,True,train
T16_lateral_descending,4116,134,13.3,"[-14, -8.600000000000001, 52.43888888888889]",C:\Users\lab\Counterfactual-XAI-Verifier\experiments\yolov8_search_comparison\diverse_training_scenario_split\data\diverse_training_scenario_split_v1\dataset\images\train\T16_lateral_descending__frame_0134.png,C:\Users\lab\Counterfactual-XAI-Verifier\experiments\yolov8_search_comparison\diverse_training_scenario_split\data\diverse_training_scenario_split_v1\dataset\labels\train\T16_lateral_descending__frame_0134.txt,13BE4EE023CD4C69A51CDCD568C0DD0BE7875F657CA01DBD8D7E3EADE71B2BFF,E3B0C44298FC1C149AFBF4C8996FB92427AE41E4649B934CA495991B7852B855,B76A9DA9CFF740A7A70F729D1DAD628DDF8CF062CC57F9D417ED1CEA83ABD831,4D4D2521B3B31311,0,0,True,train
T16_lateral_descending,4116,143,14.2,"[-14, -10.399999999999999, 51.58888888888889]",C:\Users\lab\Counterfactual-XAI-Verifier\experiments\yolov8_search_comparison\diverse_training_scenario_split\data\diverse_training_scenario_split_v1\dataset\images\train\T16_lateral_descending__frame_0143.png,C:\Users\lab\Counterfactual-XAI-Verifier\experiments\yolov8_search_comparison\diverse_training_scenario_split\data\diverse_training_scenario_split_v1\dataset\labels\train\T16_lateral_descending__frame_0143.txt,3D1E6AEDCBD3DC22B5AFBBEFBA1877046C0732E31C5FDB78D7086EF708BE04B1,E3B0C44298FC1C149AFBF4C8996FB92427AE41E4649B934CA495991B7852B855,EAFBE72C619D17B48FD04AED865141DC863251920333EE07DFD4956EBAEBAB1C,26A612115919092C,0,0,True,train
T16_lateral_descending,4116,153,15.2,"[-14, -12.399999999999999, 50.644444444444446]",C:\Users\lab\Counterfactual-XAI-Verifier\experiments\yolov8_search_comparison\diverse_training_scenario_split\data\diverse_training_scenario_split_v1\dataset\images\train\T16_lateral_descending__frame_0153.png,C:\Users\lab\Counterfactual-XAI-Verifier\experiments\yolov8_search_comparison\diverse_training_scenario_split\data\diverse_training_scenario_split_v1\dataset\labels\train\T16_lateral_descending__frame_0153.txt,A6F2096592F8BD5561B1E2A5FA105B0A0DAEA3EAD9838FB2602D4F21D8C4BE2E,E3B0C44298FC1C149AFBF4C8996FB92427AE41E4649B934CA495991B7852B855,D6F8A1E700B32B5CA2B0EFADC6176D5DD49385A3BFD8492B1F6C68CD0E2B5A54,5309082C2C041606,0,0,True,train
T16_lateral_descending,4116,162,16.1,"[-14, -14.200000000000003, 49.794444444444444]",C:\Users\lab\Counterfactual-XAI-Verifier\experiments\yolov8_search_comparison\diverse_training_scenario_split\data\diverse_training_scenario_split_v1\dataset\images\train\T16_lateral_descending__frame_0162.png,C:\Users\lab\Counterfactual-XAI-Verifier\experiments\yolov8_search_comparison\diverse_training_scenario_split\data\diverse_training_scenario_split_v1\dataset\labels\train\T16_lateral_descending__frame_0162.txt,E702FAD7C99BD93D77F0B698BAA89ECA973B767DD43DC0888BDCF20DDF5491C6,E3B0C44298FC1C149AFBF4C8996FB92427AE41E4649B934CA495991B7852B855,4E5340F37766F77405F64E5DBB6D659F8E097BCC2B85E54E5180287449B82CDF,0806161603030B01,0,0,True,train
T16_lateral_descending,4116,172,17.1,"[-14, -16.199999999999996, 48.85]",C:\Users\lab\Counterfactual-XAI-Verifier\experiments\yolov8_search_comparison\diverse_training_scenario_split\data\diverse_training_scenario_split_v1\dataset\images\train\T16_lateral_descending__frame_0172.png,C:\Users\lab\Counterfactual-XAI-Verifier\experiments\yolov8_search_comparison\diverse_training_scenario_split\data\diverse_training_scenario_split_v1\dataset\labels\train\T16_lateral_descending__frame_0172.txt,57665FEE6E20BE41FB6558C278F5F99540208E8F397C8B98342C7A9CBCD31660,E3B0C44298FC1C149AFBF4C8996FB92427AE41E4649B934CA495991B7852B855,4600CDEF7A6DF14CD74CBCF3C75C81A0004CABA6DC833E066F89EC9722904D96,07030B0501000100,0,0,True,train
T16_lateral_descending,4116,181,18.0,"[-14, -18, 48]",C:\Users\lab\Counterfactual-XAI-Verifier\experiments\yolov8_search_comparison\diverse_training_scenario_split\data\diverse_training_scenario_split_v1\dataset\images\train\T16_lateral_descending__frame_0181.png,C:\Users\lab\Counterfactual-XAI-Verifier\experiments\yolov8_search_comparison\diverse_training_scenario_split\data\diverse_training_scenario_split_v1\dataset\labels\train\T16_lateral_descending__frame_0181.txt,804A5A25030F495F2999D1AEC614A591414352AC7C00BDE257B2C243D6843D2E,E3B0C44298FC1C149AFBF4C8996FB92427AE41E4649B934CA495991B7852B855,A0EF848AD1D01305B3A30C726396ACFDA5FDEB792990939EED5C44F4FD8D6ED9,0301000000000000,0,0,True,train
T17_partial_occlusion,4117,1,0.0,"[-36, 0, 57]",C:\Users\lab\Counterfactual-XAI-Verifier\experiments\yolov8_search_comparison\diverse_training_scenario_split\data\diverse_training_scenario_split_v1\dataset\images\train\T17_partial_occlusion__frame_0001.png,C:\Users\lab\Counterfactual-XAI-Verifier\experiments\yolov8_search_comparison\diverse_training_scenario_split\data\diverse_training_scenario_split_v1\dataset\labels\train\T17_partial_occlusion__frame_0001.txt,A00C189EE0F819DFB26577215DCA13A6C5FBA72C2862945164FCF3DF1ED99930,E3B0C44298FC1C149AFBF4C8996FB92427AE41E4649B934CA495991B7852B855,2D8A593B98A3821265F094EDC23BD601BC2D075A011124DA657F5A8000E27107,ACA4581818181818,0,0,True,train
T17_partial_occlusion,4117,10,0.9,"[-33.8, 0, 57]",C:\Users\lab\Counterfactual-XAI-Verifier\experiments\yolov8_search_comparison\diverse_training_scenario_split\data\diverse_training_scenario_split_v1\dataset\images\train\T17_partial_occlusion__frame_0010.png,C:\Users\lab\Counterfactual-XAI-Verifier\experiments\yolov8_search_comparison\diverse_training_scenario_split\data\diverse_training_scenario_split_v1\dataset\labels\train\T17_partial_occlusion__frame_0010.txt,EEE46A867E89EBDF62D5F43838ADCE3DD286E399567E11D072A9AE3A6536AAA1,71E9668CD76E9B37C769CACBA98736A41CDCE5B0159413579441EC452922F25D,E2C1B92D5BC6B6A8E309C8B383E59521657F77105CC8AD9E73E7E23E5E86BC9B,28ACA45818181818,0,1,False,train
T17_partial_occlusion,4117,20,1.9,"[-31.355555555555554, 0, 57]",C:\Users\lab\Counterfactual-XAI-Verifier\experiments\yolov8_search_comparison\diverse_training_scenario_split\data\diverse_training_scenario_split_v1\dataset\images\train\T17_partial_occlusion__frame_0020.png,C:\Users\lab\Counterfactual-XAI-Verifier\experiments\yolov8_search_comparison\diverse_training_scenario_split\data\diverse_training_scenario_split_v1\dataset\labels\train\T17_partial_occlusion__frame_0020.txt,B31026A24C835A8151EA337B230E3B965C85C3BC8BCD3A736090B7DFCBB7183E,92D13AAB33CD3425CA1EC9DB38CD23AEFB09444EAD043C054CA01F825AB1E8A7,52CA47DB2E97356C195EC0C2A8545EFFAA96806C969483EE988311E676705724,D9682C2C581C1818,1,1,False,train
T17_partial_occlusion,4117,29,2.8,"[-29.155555555555555, 0, 57]",C:\Users\lab\Counterfactual-XAI-Verifier\experiments\yolov8_search_comparison\diverse_training_scenario_split\data\diverse_training_scenario_split_v1\dataset\images\train\T17_partial_occlusion__frame_0029.png,C:\Users\lab\Counterfactual-XAI-Verifier\experiments\yolov8_search_comparison\diverse_training_scenario_split\data\diverse_training_scenario_split_v1\dataset\labels\train\T17_partial_occlusion__frame_0029.txt,05C0F411F95516A822CC5D3227EB5EEB05DE6534A9ADF2D45BF2A132152F367A,1F1C5B0F548E8E5D2DFB0825B4D1D69923648B0D2FD552D0B3C07AB8DC9377B6,1ADADDF68577BAE91D989813FF816101B32F09D9B99669E8C8D94F3E3B4F84DB,D9C9682C2C981C1C,1,1,False,train
T17_partial_occlusion,4117,39,3.8,"[-26.71111111111111, 0, 57]",C:\Users\lab\Counterfactual-XAI-Verifier\experiments\yolov8_search_comparison\diverse_training_scenario_split\data\diverse_training_scenario_split_v1\dataset\images\train\T17_partial_occlusion__frame_0039.png,C:\Users\lab\Counterfactual-XAI-Verifier\experiments\yolov8_search_comparison\diverse_training_scenario_split\data\diverse_training_scenario_split_v1\dataset\labels\train\T17_partial_occlusion__frame_0039.txt,DB26AA721695D2BA45B6860C3993EDCAD8CF44DF887D1C47AB69FA0844E8C8AB,7F885E7BC3BD29B318F4CB456F15663D147E357EF530F429FC2D96BF46364DB9,B2D500DAE0B5B75CF742B7EBD8F411493B59E7280E5DB40D08175D26DFDAD986,9B9BC9682C24981C,1,1,False,train
T17_partial_occlusion,4117,48,4.7,"[-24.511111111111113, 0, 57]",C:\Users\lab\Counterfactual-XAI-Verifier\experiments\yolov8_search_comparison\diverse_training_scenario_split\data\diverse_training_scenario_split_v1\dataset\images\train\T17_partial_occlusion__frame_0048.png,C:\Users\lab\Counterfactual-XAI-Verifier\experiments\yolov8_search_comparison\diverse_training_scenario_split\data\diverse_training_scenario_split_v1\dataset\labels\train\T17_partial_occlusion__frame_0048.txt,21C947365CCE612D6F3F5804CAEA871EA9283AF7C10D1AF975D5800917D3A582,478F63242BC2671F3B473F784BACD678E325143DDAA0EAFD61869934CB2AA16A,7E69A0E4724DF7F7B7421C32B0A70013254D843FF3E288B69A668957A9495848,9A9B9BC9486C64BC,1,1,False,train
T17_partial_occlusion,4117,58,5.7,"[-22.066666666666666, 0, 57]",C:\Users\lab\Counterfactual-XAI-Verifier\experiments\yolov8_search_comparison\diverse_training_scenario_split\data\diverse_training_scenario_split_v1\dataset\images\train\T17_partial_occlusion__frame_0058.png,C:\Users\lab\Counterfactual-XAI-Verifier\experiments\yolov8_search_comparison\diverse_training_scenario_split\data\diverse_training_scenario_split_v1\dataset\labels\train\T17_partial_occlusion__frame_0058.txt,F1FACA1C7434CEF377186203E17AC43BDD9CBC958B97F363CD9E2533EF304A83,CA66ACADB2565ADB6D518BF14155BD077414BD1DE5DDE40AABA5125A33C8DDB1,8753B2B28805A6BE7DF1EA2E1B3CD385D17C278279C8F832F43B5BADA421279A,2E9A999FC8486C6C,1,1,False,train
T17_partial_occlusion,4117,67,6.6,"[-19.866666666666667, 0, 57]",C:\Users\lab\Counterfactual-XAI-Verifier\experiments\yolov8_search_comparison\diverse_training_scenario_split\data\diverse_training_scenario_split_v1\dataset\images\train\T17_partial_occlusion__frame_0067.png,C:\Users\lab\Counterfactual-XAI-Verifier\experiments\yolov8_search_comparison\diverse_training_scenario_split\data\diverse_training_scenario_split_v1\dataset\labels\train\T17_partial_occlusion__frame_0067.txt,C1EE280D3C7C118D42F437F1AD450EA0C7926FE0FC7A8493CD37793D65A83564,A66F59DFDDA9C9B0355703179E3EE5F2F954EB2974FB5B3F541DD2BE28344649,0E5C08F2412275B74706EBD9396FA669E764067F3B5083DFB2F9F841DA20BEBC,682E9A999798C86C,1,1,False,train
T17_partial_occlusion,4117,77,7.6,"[-17.42222222222222, 0, 57]",C:\Users\lab\Counterfactual-XAI-Verifier\experiments\yolov8_search_comparison\diverse_training_scenario_split\data\diverse_training_scenario_split_v1\dataset\images\train\T17_partial_occlusion__frame_0077.png,C:\Users\lab\Counterfactual-XAI-Verifier\experiments\yolov8_search_comparison\diverse_training_scenario_split\data\diverse_training_scenario_split_v1\dataset\labels\train\T17_partial_occlusion__frame_0077.txt,C5E499BD2599483419307522686E2FCC526B0267114CF4DDEA3CB118045E80F8,41DB0C9869284F2D633493FCD7647776125A93FE9627FF6F3A5789739A79C0A6,B22336C94BE1C42DC1ADEFEC50FE0C7031E2C7160313A34834CC23705FE93DFF,49482A1A19BD95C8,1,1,False,train
T17_partial_occlusion,4117,86,8.5,"[-15.222222222222221, 0, 57]",C:\Users\lab\Counterfactual-XAI-Verifier\experiments\yolov8_search_comparison\diverse_training_scenario_split\data\diverse_training_scenario_split_v1\dataset\images\train\T17_partial_occlusion__frame_0086.png,C:\Users\lab\Counterfactual-XAI-Verifier\experiments\yolov8_search_comparison\diverse_training_scenario_split\data\diverse_training_scenario_split_v1\dataset\labels\train\T17_partial_occlusion__frame_0086.txt,A57B383325FCD854750E94585FF1712D4A2B27827C7D646704C00458B7D55C39,103E6E98D1DD3A2C19F7E0D914AD4029904D679A37CAF1937C97779307FE5BA1,66A3E0245E6C7F8D31264A73B18E30ED55BD2DFDD0CAFD45CEFC131C8FEC8C2D,9B49486A1A191DB5,0,1,False,train
T17_partial_occlusion,4117,96,9.5,"[-12.777777777777779, 0, 57]",C:\Users\lab\Counterfactual-XAI-Verifier\experiments\yolov8_search_comparison\diverse_training_scenario_split\data\diverse_training_scenario_split_v1\dataset\images\train\T17_partial_occlusion__frame_0096.png,C:\Users\lab\Counterfactual-XAI-Verifier\experiments\yolov8_search_comparison\diverse_training_scenario_split\data\diverse_training_scenario_split_v1\dataset\labels\train\T17_partial_occlusion__frame_0096.txt,01DF744B11E6BFDC4B95BF4AD738A8A8BE23263D5308187925CCC7593652D3F3,E3B0C44298FC1C149AFBF4C8996FB92427AE41E4649B934CA495991B7852B855,0142D765A28E023D014B7CCC3C2CE60E6BD7AB492A994F828386AA5E2C88C1AA,8A3B49486A1A391D,0,0,True,train
T17_partial_occlusion,4117,105,10.4,"[-10.57777777777778, 0, 57]",C:\Users\lab\Counterfactual-XAI-Verifier\experiments\yolov8_search_comparison\diverse_training_scenario_split\data\diverse_training_scenario_split_v1\dataset\images\train\T17_partial_occlusion__frame_0105.png,C:\Users\lab\Counterfactual-XAI-Verifier\experiments\yolov8_search_comparison\diverse_training_scenario_split\data\diverse_training_scenario_split_v1\dataset\labels\train\T17_partial_occlusion__frame_0105.txt,4EFD2C9C5775C4688ACA2494AD5E50C410AAB09C7A27D00EE6FA60E920AAA166,4B586DCD90C8303956FBFB273B7F41038E19B08D4660950BEF233B13E02D4345,9F4DBAB5089C45104E56C67CBD198EF5F0C12C18D87A72CE95519052A41DAB3A,928B3B4948686B39,1,1,False,train
T17_partial_occlusion,4117,115,11.4,"[-8.133333333333333, 0, 57]",C:\Users\lab\Counterfactual-XAI-Verifier\experiments\yolov8_search_comparison\diverse_training_scenario_split\data\diverse_training_scenario_split_v1\dataset\images\train\T17_partial_occlusion__frame_0115.png,C:\Users\lab\Counterfactual-XAI-Verifier\experiments\yolov8_search_comparison\diverse_training_scenario_split\data\diverse_training_scenario_split_v1\dataset\labels\train\T17_partial_occlusion__frame_0115.txt,085E661C705928E7F284AFCFE4BBB6136E603CC0EEAC4A7629BFC04FA080BD66,E8003CC7D2883B8EC7D1DD069CC99281AC6D69C04F138CFFB1D44E9ABCBB16AF,660F1F92BEC0E42D605870C20D0E68D728D08848D4F260AA4973ED65AA4648FA,B6938B7BC9C84C68,1,1,False,train
T17_partial_occlusion,4117,124,12.3,"[-5.933333333333334, 0, 57]",C:\Users\lab\Counterfactual-XAI-Verifier\experiments\yolov8_search_comparison\diverse_training_scenario_split\data\diverse_training_scenario_split_v1\dataset\images\train\T17_partial_occlusion__frame_0124.png,C:\Users\lab\Counterfactual-XAI-Verifier\experiments\yolov8_search_comparison\diverse_training_scenario_split\data\diverse_training_scenario_split_v1\dataset\labels\train\T17_partial_occlusion__frame_0124.txt,FB85DCD45442F9B83CCE93CEB56CE6B1845AC9FD88918C15C7FE73FC9F288BB7,89E1C24A1A19911513AA52855CA2A03A5E449839211A675882A14AC4B47EBAC9,ECF2B839AE9EFF88D8500DF58EF910DEB9E7D5FD614E69DDBDF66368F230C557,2EB693897B39C8CC,1,1,False,train
T17_partial_occlusion,4117,134,13.3,"[-3.488888888888887, 0, 57]",C:\Users\lab\Counterfactual-XAI-Verifier\experiments\yolov8_search_comparison\diverse_training_scenario_split\data\diverse_training_scenario_split_v1\dataset\images\train\T17_partial_occlusion__frame_0134.png,C:\Users\lab\Counterfactual-XAI-Verifier\experiments\yolov8_search_comparison\diverse_training_scenario_split\data\diverse_training_scenario_split_v1\dataset\labels\train\T17_partial_occlusion__frame_0134.txt,75D55DEF28F4F4ABD965A5D3F4C03486BEB8B0CC3E0C4815F0117533DF810454,5C3DAB1D1AD1BE5556A2A2C5E589D81EF4DF76CA2A5437AA7889323B9FB66A48,B9B75539E6E89AFDC2700B375694A601298594A2DD90F8B0DCEA750E9ECB2782,692CB69389699948,1,1,False,train
T17_partial_occlusion,4117,143,14.2,"[-1.2888888888888914, 0, 57]",C:\Users\lab\Counterfactual-XAI-Verifier\experiments\yolov8_search_comparison\diverse_training_scenario_split\data\diverse_training_scenario_split_v1\dataset\images\train\T17_partial_occlusion__frame_0143.png,C:\Users\lab\Counterfactual-XAI-Verifier\experiments\yolov8_search_comparison\diverse_training_scenario_split\data\diverse_training_scenario_split_v1\dataset\labels\train\T17_partial_occlusion__frame_0143.txt,CD6FBDA9647AF18E9EE704623809C39809766CBA9D1F4C83EBC34EDB15E3AFE9,69D0B4231401C7B74BB885B3353F8AF0E0EA41B712EBD9F6399C5320DE9D62E2,33B8EDA19FF43A55BF0B962E2FBC9BC7B2CE9049E4FCEEE8A00B05163E0C6039,CB696CB6B39D6999,1,1,False,train
T17_partial_occlusion,4117,153,15.2,"[1.1555555555555586, 0, 57]",C:\Users\lab\Counterfactual-XAI-Verifier\experiments\yolov8_search_comparison\diverse_training_scenario_split\data\diverse_training_scenario_split_v1\dataset\images\train\T17_partial_occlusion__frame_0153.png,C:\Users\lab\Counterfactual-XAI-Verifier\experiments\yolov8_search_comparison\diverse_training_scenario_split\data\diverse_training_scenario_split_v1\dataset\labels\train\T17_partial_occlusion__frame_0153.txt,2FFBB1D0B0B345DA0B61E3D132E05C6F676C40B435D2A91B04534C9160D84CC2,CFF3FB90DC69DE27F6592FF2F936AC1CC6E32B2CF3F0ED2DB7E33624B854E8DE,A5C61D42CA2D24D636B0377C72D294F8083A44D30B6A54ED9BC90393AC65826F,CAC9696C36379D0D,1,1,False,train
T17_partial_occlusion,4117,162,16.1,"[3.3555555555555543, 0, 57]",C:\Users\lab\Counterfactual-XAI-Verifier\experiments\yolov8_search_comparison\diverse_training_scenario_split\data\diverse_training_scenario_split_v1\dataset\images\train\T17_partial_occlusion__frame_0162.png,C:\Users\lab\Counterfactual-XAI-Verifier\experiments\yolov8_search_comparison\diverse_training_scenario_split\data\diverse_training_scenario_split_v1\dataset\labels\train\T17_partial_occlusion__frame_0162.txt,35E71C38210F8F54C1334F2B677A4FA308538D0C87677D95CCAF4D1C3716A774,C5781F01CB91E523A14C1166BE235289723C53D03221A54F5CD5B41F8B286438,ED3DC46793AD3B41C986ADC2312D751039C4CE2EA05B129F05D0379A9D4BF36A,CBCBC9496D343617,1,1,False,train
T17_partial_occlusion,4117,172,17.1,"[5.799999999999997, 0, 57]",C:\Users\lab\Counterfactual-XAI-Verifier\experiments\yolov8_search_comparison\diverse_training_scenario_split\data\diverse_training_scenario_split_v1\dataset\images\train\T17_partial_occlusion__frame_0172.png,C:\Users\lab\Counterfactual-XAI-Verifier\experiments\yolov8_search_comparison\diverse_training_scenario_split\data\diverse_training_scenario_split_v1\dataset\labels\train\T17_partial_occlusion__frame_0172.txt,ED2739B9DBB24232037014B27F85EF0DF248248002363EA82D7536BA746CF01C,A89BBBB9865AED9C51E2637F2659B4C2EF5727C980F716C0114C5A31AEAD7304,41D14F0F8E4C1CF54EF419A2F4459C903AAF4C810620DBF4C1D3CF11D902BB24,94CBCB5949686C36,2,2,False,train
T17_partial_occlusion,4117,181,18.0,"[8, 0, 57]",C:\Users\lab\Counterfactual-XAI-Verifier\experiments\yolov8_search_comparison\diverse_training_scenario_split\data\diverse_training_scenario_split_v1\dataset\images\train\T17_partial_occlusion__frame_0181.png,C:\Users\lab\Counterfactual-XAI-Verifier\experiments\yolov8_search_comparison\diverse_training_scenario_split\data\diverse_training_scenario_split_v1\dataset\labels\train\T17_partial_occlusion__frame_0181.txt,B794CEC757AB21B924FD0E51C6CDB48C13A7D4DD301FF8468D8326161B67920D,04A4C7564EEC23F532ECA17FC809EF20230ECD039DB823D60B558A1566C014C0,7B1DF9263B8B97B09C40981CD62B58F7A5B4AE76E982A08F7833834E3E9A0AD0,B49ECBD92949686C,1,1,False,train
T18_wide_diagonal,4118,1,0.0,"[-28, -12, 59]",C:\Users\lab\Counterfactual-XAI-Verifier\experiments\yolov8_search_comparison\diverse_training_scenario_split\data\diverse_training_scenario_split_v1\dataset\images\train\T18_wide_diagonal__frame_0001.png,C:\Users\lab\Counterfactual-XAI-Verifier\experiments\yolov8_search_comparison\diverse_training_scenario_split\data\diverse_training_scenario_split_v1\dataset\labels\train\T18_wide_diagonal__frame_0001.txt,FBC542D2AE825E57D5C1B9BDE438BD47D515D78F8E82B02851529B09090FB5B1,E3B0C44298FC1C149AFBF4C8996FB92427AE41E4649B934CA495991B7852B855,23D187CD0F6190B4E1926237DF782C78070FBFFAC883723A0434A52E9ED9BA81,19292D3552120503,0,0,True,train
T18_wide_diagonal,4118,10,0.9,"[-25.8, -10.8, 58.55]",C:\Users\lab\Counterfactual-XAI-Verifier\experiments\yolov8_search_comparison\diverse_training_scenario_split\data\diverse_training_scenario_split_v1\dataset\images\train\T18_wide_diagonal__frame_0010.png,C:\Users\lab\Counterfactual-XAI-Verifier\experiments\yolov8_search_comparison\diverse_training_scenario_split\data\diverse_training_scenario_split_v1\dataset\labels\train\T18_wide_diagonal__frame_0010.txt,12027DD900FA4ADEA9DAB9A6400C4B7330270B02A8A406E38385B71EBD9330C2,9E4AE668095388114FB99626C024E58E822572C7DEAE60BB413593EF6A24E270,70AE6C94EA4CBD043081E116ED87164EA3A914C6F54FF0ED519A01ED1311B78B,535B092D35361609,1,1,False,train
T18_wide_diagonal,4118,20,1.9,"[-23.355555555555554, -9.466666666666667, 58.05]",C:\Users\lab\Counterfactual-XAI-Verifier\experiments\yolov8_search_comparison\diverse_training_scenario_split\data\diverse_training_scenario_split_v1\dataset\images\train\T18_wide_diagonal__frame_0020.png,C:\Users\lab\Counterfactual-XAI-Verifier\experiments\yolov8_search_comparison\diverse_training_scenario_split\data\diverse_training_scenario_split_v1\dataset\labels\train\T18_wide_diagonal__frame_0020.txt,C381043A43FE2D47C5EF9654766979EE31E760C705E8C7D5C4C337D2175F321B,A757DD7198A4362D14DA1E99E523E48DA2035CFA70F307B707D16835960FF1FC,FACFB563D790213C1F14F0DEE4125869C0A78C5683D97323BDE40AA56F2446FC,B133535B0925B436,1,1,False,train
T18_wide_diagonal,4118,29,2.8,"[-21.155555555555555, -8.266666666666666, 57.6]",C:\Users\lab\Counterfactual-XAI-Verifier\experiments\yolov8_search_comparison\diverse_training_scenario_split\data\diverse_training_scenario_split_v1\dataset\images\train\T18_wide_diagonal__frame_0029.png,C:\Users\lab\Counterfactual-XAI-Verifier\experiments\yolov8_search_comparison\diverse_training_scenario_split\data\diverse_training_scenario_split_v1\dataset\labels\train\T18_wide_diagonal__frame_0029.txt,CF0C634CC6A7C18ADD76B9A08AED8CFA8198686776CA90A533AF8A41CD78C0F2,5A36C40BE3FF33F5285ADFA9D0BC7121A6040C3C9611348439D977E986D05F83,C7B2A7C0494D328C6D47A0339BDBABAFABADE87E39E81FD39C3C547FDD4A3747,6923B33353196D6D,1,1,False,train
T18_wide_diagonal,4118,39,3.8,"[-18.71111111111111, -6.933333333333334, 57.1]",C:\Users\lab\Counterfactual-XAI-Verifier\experiments\yolov8_search_comparison\diverse_training_scenario_split\data\diverse_training_scenario_split_v1\dataset\images\train\T18_wide_diagonal__frame_0039.png,C:\Users\lab\Counterfactual-XAI-Verifier\experiments\yolov8_search_comparison\diverse_training_scenario_split\data\diverse_training_scenario_split_v1\dataset\labels\train\T18_wide_diagonal__frame_0039.txt,22BB67988FCFC81736E040CB727421761B6A53EA819DBFD09496E2013B81FC32,9AB34E6BCF3F5929CF8D92CDF0731E2998FEB872580F9E4ED97867374F267716,A5DB832F00709B0D1FBB1D55CB82BA6FF6D60D184ABD33C392DA89BFFCE429D8,4A4A636727B333DB,1,1,False,train
T18_wide_diagonal,4118,48,4.7,"[-16.511111111111113, -5.7333333333333325, 56.65]",C:\Users\lab\Counterfactual-XAI-Verifier\experiments\yolov8_search_comparison\diverse_training_scenario_split\data\diverse_training_scenario_split_v1\dataset\images\train\T18_wide_diagonal__frame_0048.png,C:\Users\lab\Counterfactual-XAI-Verifier\experiments\yolov8_search_comparison\diverse_training_scenario_split\data\diverse_training_scenario_split_v1\dataset\labels\train\T18_wide_diagonal__frame_0048.txt,AE0D4DDF4DF14BE222B0C40C6CFF4B4FB996FF4C391628F76593CF9D3523D6C9,23B749522B48C396AFAE479A3BD2B31B0E6459FD263EC360AA2061512D4EFA97,24E14195CBC340923E54E9B2FA921ACFBDA753E225AB2C687011319DCBCF222E,D2D2D2C267672733,1,1,False,train
T18_wide_diagonal,4118,58,5.7,"[-14.066666666666666, -4.4, 56.15]",C:\Users\lab\Counterfactual-XAI-Verifier\experiments\yolov8_search_comparison\diverse_training_scenario_split\data\diverse_training_scenario_split_v1\dataset\images\train\T18_wide_diagonal__frame_0058.png,C:\Users\lab\Counterfactual-XAI-Verifier\experiments\yolov8_search_comparison\diverse_training_scenario_split\data\diverse_training_scenario_split_v1\dataset\labels\train\T18_wide_diagonal__frame_0058.txt,8E9981655706DFEE85C80A7ABAC40B9FB85E68B45221955B056B19AF929FF82E,8F558F3243E153607726B750661AA2D6EB81E592949A6436C782D870BEC6FF83,423A78C8FF417D2083A4838A25F4D8BCB2F93B3215E127D5A4139A82D98B4108,4EB6B69686CEC64E,1,1,False,train
T18_wide_diagonal,4118,67,6.6,"[-11.866666666666667, -3.200000000000001, 55.7]",C:\Users\lab\Counterfactual-XAI-Verifier\experiments\yolov8_search_comparison\diverse_training_scenario_split\data\diverse_training_scenario_split_v1\dataset\images\train\T18_wide_diagonal__frame_0067.png,C:\Users\lab\Counterfactual-XAI-Verifier\experiments\yolov8_search_comparison\diverse_training_scenario_split\data\diverse_training_scenario_split_v1\dataset\labels\train\T18_wide_diagonal__frame_0067.txt,F499758F83453AE3B85EC3B455197805DCE8F3256030DE4618D2D6073BB48169,B0FF827DF2FEA46E29680870ACE3147B5319880F65CAF517D491C1F332EB5B08,00F73CD64480B3572E42A5C9E971A70E1C80D1B79D21382C655B258D09CBB596,CD94242436B6CE8E,1,1,False,train
T18_wide_diagonal,4118,77,7.6,"[-9.42222222222222, -1.8666666666666671, 55.2]",C:\Users\lab\Counterfactual-XAI-Verifier\experiments\yolov8_search_comparison\diverse_training_scenario_split\data\diverse_training_scenario_split_v1\dataset\images\train\T18_wide_diagonal__frame_0077.png,C:\Users\lab\Counterfactual-XAI-Verifier\experiments\yolov8_search_comparison\diverse_training_scenario_split\data\diverse_training_scenario_split_v1\dataset\labels\train\T18_wide_diagonal__frame_0077.txt,49F5129FBAB91C392156CFE83F6451E88621B05BF262D8DAE80479A074A2E634,131CE9F1B1E11F56B1C5B86FEDB6F244E9B09E432694F2E3F3B109315AFD0F86,82464D30F011D1394F8BA19FD23B0114E1323C3BD8C8BA6639F958C75B630D3F,C18D3D6C6C6C641E,0,1,False,train
T18_wide_diagonal,4118,86,8.5,"[-7.222222222222221, -0.6666666666666679, 54.75]",C:\Users\lab\Counterfactual-XAI-Verifier\experiments\yolov8_search_comparison\diverse_training_scenario_split\data\diverse_training_scenario_split_v1\dataset\images\train\T18_wide_diagonal__frame_0086.png,C:\Users\lab\Counterfactual-XAI-Verifier\experiments\yolov8_search_comparison\diverse_training_scenario_split\data\diverse_training_scenario_split_v1\dataset\labels\train\T18_wide_diagonal__frame_0086.txt,3A0ADA4898700B2F103CE35E74801857A2662F568A26979CA4A1EC55671350DD,9F617620433ACC0B347D5ED26F1E45EED93DE10EA11E3A1DED1D607F1DCB082D,3C60D975EC270C7ED6E8F4794BEB56FB97115AA5DFB0AD6EAE12BE11B0A27762,B399296D4CCC4C4C,0,1,False,train
T18_wide_diagonal,4118,96,9.5,"[-4.777777777777779, 0.6666666666666679, 54.25]",C:\Users\lab\Counterfactual-XAI-Verifier\experiments\yolov8_search_comparison\diverse_training_scenario_split\data\diverse_training_scenario_split_v1\dataset\images\train\T18_wide_diagonal__frame_0096.png,C:\Users\lab\Counterfactual-XAI-Verifier\experiments\yolov8_search_comparison\diverse_training_scenario_split\data\diverse_training_scenario_split_v1\dataset\labels\train\T18_wide_diagonal__frame_0096.txt,E5D0D55322DDD1EE78C16C70DA0E63A9F39FB1A4D12845E7C27A5E7CF8E65E5B,0B8E0E7482748A80324242D0838DF1312E06ED3A3DCCF973EC27CFEDDF5EAD0C,E6775D8317E593446D4D3DE5F04F7A18048573CC9B77A4EAA8FC097E8C747CD1,66231B3999599898,0,1,False,train
T18_wide_diagonal,4118,105,10.4,"[-2.5777777777777793, 1.8666666666666654, 53.8]",C:\Users\lab\Counterfactual-XAI-Verifier\experiments\yolov8_search_comparison\diverse_training_scenario_split\data\diverse_training_scenario_split_v1\dataset\images\train\T18_wide_diagonal__frame_0105.png,C:\Users\lab\Counterfactual-XAI-Verifier\experiments\yolov8_search_comparison\diverse_training_scenario_split\data\diverse_training_scenario_split_v1\dataset\labels\train\T18_wide_diagonal__frame_0105.txt,9ADAD058322FBAB9B1A620FA7F1A3C587E0B855EA826FE6E2422DA018457A4BF,E3B0C44298FC1C149AFBF4C8996FB92427AE41E4649B934CA495991B7852B855,152FAF5F33D8E3ADFB2148ECBD400D134145A2248ED0968168962C51512BE286,D4466B3B71BB1310,0,0,True,train
T18_wide_diagonal,4118,115,11.4,"[-0.13333333333333286, 3.1999999999999993, 53.3]",C:\Users\lab\Counterfactual-XAI-Verifier\experiments\yolov8_search_comparison\diverse_training_scenario_split\data\diverse_training_scenario_split_v1\dataset\images\train\T18_wide_diagonal__frame_0115.png,C:\Users\lab\Counterfactual-XAI-Verifier\experiments\yolov8_search_comparison\diverse_training_scenario_split\data\diverse_training_scenario_split_v1\dataset\labels\train\T18_wide_diagonal__frame_0115.txt,36CF7F1F131B47C75982ABB72C6E061549E8C4EFEF672D1DA47A4AB1B04F69AE,5B5610EB0B2FA0FF47021905D1ECB77B129A8F53FAFB99A4DA304DB48B719CA6,A470795901502FA7D41D5DFD1037432D5D72C4C1F9B3C73F4BBB800829A41ED5,8291DCD67673B333,1,0,False,train
T18_wide_diagonal,4118,124,12.3,"[2.0666666666666664, 4.399999999999999, 52.85]",C:\Users\lab\Counterfactual-XAI-Verifier\experiments\yolov8_search_comparison\diverse_training_scenario_split\data\diverse_training_scenario_split_v1\dataset\images\train\T18_wide_diagonal__frame_0124.png,C:\Users\lab\Counterfactual-XAI-Verifier\experiments\yolov8_search_comparison\diverse_training_scenario_split\data\diverse_training_scenario_split_v1\dataset\labels\train\T18_wide_diagonal__frame_0124.txt,D40144F487817106328992F91B6BF581434CC687A2DEA02D13333A2C708299C5,1C10C1572A7C6E7079B768945A4FA35A468EF47DA703319177E3E5FBAA5477D8,94315E806E4015A1E8C4044C568BF8843ACBE3C37B7CABEBCC2753998E260285,2AA1A2A98CA66666,1,1,False,train
T18_wide_diagonal,4118,134,13.3,"[4.511111111111113, 5.733333333333334, 52.35]",C:\Users\lab\Counterfactual-XAI-Verifier\experiments\yolov8_search_comparison\diverse_training_scenario_split\data\diverse_training_scenario_split_v1\dataset\images\train\T18_wide_diagonal__frame_0134.png,C:\Users\lab\Counterfactual-XAI-Verifier\experiments\yolov8_search_comparison\diverse_training_scenario_split\data\diverse_training_scenario_split_v1\dataset\labels\train\T18_wide_diagonal__frame_0134.txt,1DB856D89B41BE87B9B754757E4021844DD72D100BF75E73F0F846E478A5B441,C403CFDB52B7BA10B5C0DD202602AFE3ACD7A116348CFF633F62D563DBDA9BF5,606AF8A67F7A5E0325FB24F19419FFA51F4836C2135A09BEDF8C566E3DF8CC28,64464344421A29C8,1,1,False,train
T18_wide_diagonal,4118,143,14.2,"[6.711111111111109, 6.933333333333334, 51.9]",C:\Users\lab\Counterfactual-XAI-Verifier\experiments\yolov8_search_comparison\diverse_training_scenario_split\data\diverse_training_scenario_split_v1\dataset\images\train\T18_wide_diagonal__frame_0143.png,C:\Users\lab\Counterfactual-XAI-Verifier\experiments\yolov8_search_comparison\diverse_training_scenario_split\data\diverse_training_scenario_split_v1\dataset\labels\train\T18_wide_diagonal__frame_0143.txt,D24A677C3D56277ADFA4BFA29E7148F3D8B02BAB09F7E17E49156443824A369C,D3F6013060094E3219CA525773717F99C17A0F23C15A4A6655C604628CB9B655,748FF716A4F9C6B5AAF44780D8C2828568F25E0FFA876D8BFF892989A32AA52C,69E9945245C44474,1,1,False,train
T18_wide_diagonal,4118,153,15.2,"[9.155555555555559, 8.266666666666666, 51.4]",C:\Users\lab\Counterfactual-XAI-Verifier\experiments\yolov8_search_comparison\diverse_training_scenario_split\data\diverse_training_scenario_split_v1\dataset\images\train\T18_wide_diagonal__frame_0153.png,C:\Users\lab\Counterfactual-XAI-Verifier\experiments\yolov8_search_comparison\diverse_training_scenario_split\data\diverse_training_scenario_split_v1\dataset\labels\train\T18_wide_diagonal__frame_0153.txt,C270443DD7F8BD5475EE73072C0C4E50D76D1B4854EC8B38ECD4689DFED0C902,7349116326D4910F947BCB9371A59BD6450A97C3ABAA271FFC2FEF7225E301B1,FEBB89EC354D410C5EF1FC32E777009BCF3F175FBF12529C73C3FBD9E384807C,B9D9C2A82D838889,0,1,False,train
T18_wide_diagonal,4118,162,16.1,"[11.355555555555554, 9.466666666666669, 50.95]",C:\Users\lab\Counterfactual-XAI-Verifier\experiments\yolov8_search_comparison\diverse_training_scenario_split\data\diverse_training_scenario_split_v1\dataset\images\train\T18_wide_diagonal__frame_0162.png,C:\Users\lab\Counterfactual-XAI-Verifier\experiments\yolov8_search_comparison\diverse_training_scenario_split\data\diverse_training_scenario_split_v1\dataset\labels\train\T18_wide_diagonal__frame_0162.txt,C33242CAAC2B077C3ABF886AFF33F4658ACFF5363D6DE92E7130BC090F01710D,39B463A1D94E3C041E4A8594FEDD32D0DE3F86999EB48914415C7AA6957025B0,7DFDB4BB9113792759BA2C5B703957964B2F8B1F48036CEA3A077EC56E3CF2A0,E2B2B29286584906,0,1,False,train
T18_wide_diagonal,4118,172,17.1,"[13.799999999999997, 10.799999999999997, 50.45]",C:\Users\lab\Counterfactual-XAI-Verifier\experiments\yolov8_search_comparison\diverse_training_scenario_split\data\diverse_training_scenario_split_v1\dataset\images\train\T18_wide_diagonal__frame_0172.png,C:\Users\lab\Counterfactual-XAI-Verifier\experiments\yolov8_search_comparison\diverse_training_scenario_split\data\diverse_training_scenario_split_v1\dataset\labels\train\T18_wide_diagonal__frame_0172.txt,ABA1FE3132E7EB3AFB31DFB6CB5152182E4761BF8783B0EF5CDC3F75CE564E70,D85C7322A232163B544018E11291C2B22AC13E11664CD21A01455EC09F66A222,00816E628D9AB82AF8CBCBAE784C94B2AC612D06927EEE091DC00B9F309B8729,C8C4656424250DC5,0,1,False,train
T18_wide_diagonal,4118,181,18.0,"[16, 12, 50]",C:\Users\lab\Counterfactual-XAI-Verifier\experiments\yolov8_search_comparison\diverse_training_scenario_split\data\diverse_training_scenario_split_v1\dataset\images\train\T18_wide_diagonal__frame_0181.png,C:\Users\lab\Counterfactual-XAI-Verifier\experiments\yolov8_search_comparison\diverse_training_scenario_split\data\diverse_training_scenario_split_v1\dataset\labels\train\T18_wide_diagonal__frame_0181.txt,DEBBA29A5A1AAC8F66F9CF5DCF66B192805559F3296F7013EB20E8D2986D4968,2E069176D431529B6B1F003E9B2C3DE5A0C714B9D3FB94DBE3B380402D271B99,80389ED9B796C393091D3B0657CDB1A28F034F39CDAE53C868B2E575C590DCB9,889091C8C8C9456D,0,1,False,train
V01_east_ascending,5101,1,0.0,"[-34, 3, 49]",C:\Users\lab\Counterfactual-XAI-Verifier\experiments\yolov8_search_comparison\diverse_training_scenario_split\data\diverse_training_scenario_split_v1\dataset\images\val\V01_east_ascending__frame_0001.png,C:\Users\lab\Counterfactual-XAI-Verifier\experiments\yolov8_search_comparison\diverse_training_scenario_split\data\diverse_training_scenario_split_v1\dataset\labels\val\V01_east_ascending__frame_0001.txt,0AF6A594D4B08D5D422A9C4211B0BE2AEC27CD2E08CB6AD04C9973F847B43755,E3B0C44298FC1C149AFBF4C8996FB92427AE41E4649B934CA495991B7852B855,1120CA185AD1D99435B1C8103EF006E5391F34601F4E82EE8C20D1FB5659CDFB,3830303030303038,0,0,True,val
V01_east_ascending,5101,10,0.9,"[-31.65, 3, 49.85]",C:\Users\lab\Counterfactual-XAI-Verifier\experiments\yolov8_search_comparison\diverse_training_scenario_split\data\diverse_training_scenario_split_v1\dataset\images\val\V01_east_ascending__frame_0010.png,C:\Users\lab\Counterfactual-XAI-Verifier\experiments\yolov8_search_comparison\diverse_training_scenario_split\data\diverse_training_scenario_split_v1\dataset\labels\val\V01_east_ascending__frame_0010.txt,595393901E17F03405297177A22868A2269966EF28279C7F5816DAB4F54F021D,E3B0C44298FC1C149AFBF4C8996FB92427AE41E4649B934CA495991B7852B855,754AC5BD8BDD1BC9886DC27921EE8F4732500FC2169BDD904FC32607317DF21D,D870383030303030,0,0,True,val
V01_east_ascending,5101,20,1.9,"[-29.038888888888888, 3, 50.794444444444444]",C:\Users\lab\Counterfactual-XAI-Verifier\experiments\yolov8_search_comparison\diverse_training_scenario_split\data\diverse_training_scenario_split_v1\dataset\images\val\V01_east_ascending__frame_0020.png,C:\Users\lab\Counterfactual-XAI-Verifier\experiments\yolov8_search_comparison\diverse_training_scenario_split\data\diverse_training_scenario_split_v1\dataset\labels\val\V01_east_ascending__frame_0020.txt,5646EB5632697822874FD8261029372C0D8ADE8E79BDA95B114FA69ED6F4A69E,E3B0C44298FC1C149AFBF4C8996FB92427AE41E4649B934CA495991B7852B855,73F6BE6ADFA168CF30C61A889E2CA4E0B3F9D6D0074C49E3E4B274FE46EDB1AB,9999D83038383030,0,0,True,val
V01_east_ascending,5101,29,2.8,"[-26.68888888888889, 3, 51.644444444444446]",C:\Users\lab\Counterfactual-XAI-Verifier\experiments\yolov8_search_comparison\diverse_training_scenario_split\data\diverse_training_scenario_split_v1\dataset\images\val\V01_east_ascending__frame_0029.png,C:\Users\lab\Counterfactual-XAI-Verifier\experiments\yolov8_search_comparison\diverse_training_scenario_split\data\diverse_training_scenario_split_v1\dataset\labels\val\V01_east_ascending__frame_0029.txt,821A2F4AE5ACFCBB345767F15AF655362C45C90A3E9897EC355DA11A52009A64,DC745D4C9AEB327BA6BF18E5C59EF2BE01228D7DFA0D5F51D637B6681ECA2DA4,33653765296B411A2FF9A5EF403F4AB2E096DB40435805ADC5DFEE0F2203DFE3,B1B09999D8303838,1,0,False,val
V01_east_ascending,5101,39,3.8,"[-24.077777777777776, 3, 52.58888888888889]",C:\Users\lab\Counterfactual-XAI-Verifier\experiments\yolov8_search_comparison\diverse_training_scenario_split\data\diverse_training_scenario_split_v1\dataset\images\val\V01_east_ascending__frame_0039.png,C:\Users\lab\Counterfactual-XAI-Verifier\experiments\yolov8_search_comparison\diverse_training_scenario_split\data\diverse_training_scenario_split_v1\dataset\labels\val\V01_east_ascending__frame_0039.txt,0A59917943CD6C3B307AAD29499520B86A048A59AA8B437487788C7BD71D5421,28543E3C50818507E3F661CF2C522D1B7B2CA57EDDF4167D12F854EE98DDCDA2,160CBB923F2CD9F84165CA442C86F60E8A0308D62BC860CCCA6C1987C0495F28,3731B1B0999DD830,1,1,False,val
V01_east_ascending,5101,48,4.7,"[-21.727777777777778, 3, 53.43888888888889]",C:\Users\lab\Counterfactual-XAI-Verifier\experiments\yolov8_search_comparison\diverse_training_scenario_split\data\diverse_training_scenario_split_v1\dataset\images\val\V01_east_ascending__frame_0048.png,C:\Users\lab\Counterfactual-XAI-Verifier\experiments\yolov8_search_comparison\diverse_training_scenario_split\data\diverse_training_scenario_split_v1\dataset\labels\val\V01_east_ascending__frame_0048.txt,5EBBFC47C6386F87328915C869638762436BB2C0F28102D24297011C18ED9D61,E90D6B5D13603105D59393AA7F5081C29BC4CB6F45E2A7036AF18E6EB62C09D6,63DCBC014DD18695D48D5A664154D94D1FA1C491AB979DC30BB26CCF52E044CA,12376731B0B8989C,1,1,False,val
V01_east_ascending,5101,58,5.7,"[-19.116666666666667, 3, 54.38333333333333]",C:\Users\lab\Counterfactual-XAI-Verifier\experiments\yolov8_search_comparison\diverse_training_scenario_split\data\diverse_training_scenario_split_v1\dataset\images\val\V01_east_ascending__frame_0058.png,C:\Users\lab\Counterfactual-XAI-Verifier\experiments\yolov8_search_comparison\diverse_training_scenario_split\data\diverse_training_scenario_split_v1\dataset\labels\val\V01_east_ascending__frame_0058.txt,94FA5EB83D08CDAE4E95457E036E63CA0A398DDBDFB9D03F5303E8FD9A4574EE,B2332D6BA012E9B693C1810F1A0D21623C367203DA86432F77D70E4270DE3924,011E7E9CF6BA305BCE086C38E4BD8F5B4C720DAE612D397FC49357A87D5C5122,D45C32376F31B0B8,1,1,False,val
V01_east_ascending,5101,67,6.6,"[-16.76666666666667, 3, 55.233333333333334]",C:\Users\lab\Counterfactual-XAI-Verifier\experiments\yolov8_search_comparison\diverse_training_scenario_split\data\diverse_training_scenario_split_v1\dataset\images\val\V01_east_ascending__frame_0067.png,C:\Users\lab\Counterfactual-XAI-Verifier\experiments\yolov8_search_comparison\diverse_training_scenario_split\data\diverse_training_scenario_split_v1\dataset\labels\val\V01_east_ascending__frame_0067.txt,BFE822A6C3D8190C9D59C6EF57994D1B10A6D1E179D256C1D6CF855DA690BF75,98F9E52237393A8F9375ADDEB7859F0C2830AED64634ED32D62F916C097FCE91,5BC2537F1AA0C431C90C80961298240E3A3485BCF674C3D2ACE25B14AD19FD7F,92945C5C32772F31,1,1,False,val
V01_east_ascending,5101,77,7.6,"[-14.155555555555555, 3, 56.17777777777778]",C:\Users\lab\Counterfactual-XAI-Verifier\experiments\yolov8_search_comparison\diverse_training_scenario_split\data\diverse_training_scenario_split_v1\dataset\images\val\V01_east_ascending__frame_0077.png,C:\Users\lab\Counterfactual-XAI-Verifier\experiments\yolov8_search_comparison\diverse_training_scenario_split\data\diverse_training_scenario_split_v1\dataset\labels\val\V01_east_ascending__frame_0077.txt,96ECA53979BE9C1D815AA4EF909EA4AEF936DA353600D6D944687B4C762CAC5E,F07B8C2F525982D857AC09F98AF4FB00DB512D47CAB8D66E2191E4F3003651F9,F46E17B000E45C6BE434614C3872806BD423FF57E369E27513D1BF2A8B92169E,36B291D45C5E32E3,1,1,False,val
V01_east_ascending,5101,86,8.5,"[-11.805555555555557, 3, 57.02777777777778]",C:\Users\lab\Counterfactual-XAI-Verifier\experiments\yolov8_search_comparison\diverse_training_scenario_split\data\diverse_training_scenario_split_v1\dataset\images\val\V01_east_ascending__frame_0086.png,C:\Users\lab\Counterfactual-XAI-Verifier\experiments\yolov8_search_comparison\diverse_training_scenario_split\data\diverse_training_scenario_split_v1\dataset\labels\val\V01_east_ascending__frame_0086.txt,B7CE2A3628AC19480813020B59C1AB0BF136EB0BFB21346327CB7F10B800ECA9,367BF4896C8791763EC8F941CFE58A35C5300CF9FBEB51AEBA8E755F40440074,795B37F8BBE81208497D76DD755773678892C31E80B34DCFEDF7166B1652F3BC,2436B29291D45C7E,0,1,False,val
V01_east_ascending,5101,96,9.5,"[-9.194444444444443, 3, 57.97222222222222]",C:\Users\lab\Counterfactual-XAI-Verifier\experiments\yolov8_search_comparison\diverse_training_scenario_split\data\diverse_training_scenario_split_v1\dataset\images\val\V01_east_ascending__frame_0096.png,C:\Users\lab\Counterfactual-XAI-Verifier\experiments\yolov8_search_comparison\diverse_training_scenario_split\data\diverse_training_scenario_split_v1\dataset\labels\val\V01_east_ascending__frame_0096.txt,49BAA670320162202030D4EAC9B5AFD9D2C51E263C6DE1BC6C1170A4309CB404,2C3ECC889DC64DF81B49F67CFB855999A060DF99C9C8B9D0217FDA690D062233,16ED2F4A79F2633E953EA45CAF14F2B1FEDFC413AA97ABA71E91EA957AE3E86C,6C243476B29091DC,1,0,False,val
V01_east_ascending,5101,105,10.4,"[-6.8444444444444485, 3, 58.82222222222222]",C:\Users\lab\Counterfactual-XAI-Verifier\experiments\yolov8_search_comparison\diverse_training_scenario_split\data\diverse_training_scenario_split_v1\dataset\images\val\V01_east_ascending__frame_0105.png,C:\Users\lab\Counterfactual-XAI-Verifier\experiments\yolov8_search_comparison\diverse_training_scenario_split\data\diverse_training_scenario_split_v1\dataset\labels\val\V01_east_ascending__frame_0105.txt,B0B8D55415693E6E4F3106A2392008ED42AFB96FD687F9CDA83D9F6113C29962,107F3FA426C3931D90CD32DE41C2E47A59EB8938144197C8C09BE052D71964CD,0B5C8495D824DD0713FF3CAF913B5A4AB3C8177C7295D879D8BE87275A4BAA34,496C2C34F632B290,1,1,False,val
V01_east_ascending,5101,115,11.4,"[-4.233333333333334, 3, 59.766666666666666]",C:\Users\lab\Counterfactual-XAI-Verifier\experiments\yolov8_search_comparison\diverse_training_scenario_split\data\diverse_training_scenario_split_v1\dataset\images\val\V01_east_ascending__frame_0115.png,C:\Users\lab\Counterfactual-XAI-Verifier\experiments\yolov8_search_comparison\diverse_training_scenario_split\data\diverse_training_scenario_split_v1\dataset\labels\val\V01_east_ascending__frame_0115.txt,BAF339B7AB434262FE35E6A1845BDB811F07DB5F4C889DCA34290E15B960D6C1,6D365684612CAB87934D7CF1373C4B1282EAA24FEF79A337465D533AFC773B02,66EF9C41D4099220A5A14D5115B9C69D73E44A67A077039ACDCAF6DD4153D8E7,D45A492C2476B6B2,1,1,False,val
V01_east_ascending,5101,124,12.3,"[-1.8833333333333329, 3, 60.61666666666667]",C:\Users\lab\Counterfactual-XAI-Verifier\experiments\yolov8_search_comparison\diverse_training_scenario_split\data\diverse_training_scenario_split_v1\dataset\images\val\V01_east_ascending__frame_0124.png,C:\Users\lab\Counterfactual-XAI-Verifier\experiments\yolov8_search_comparison\diverse_training_scenario_split\data\diverse_training_scenario_split_v1\dataset\labels\val\V01_east_ascending__frame_0124.txt,811547E03B84958C984E5BCCD323C7D9FF21E15A8FA31464EB5F6FA54DA9BB5D,0FCE8EC5DE2B1CFD416BA1CC4B5EAE387335F6BE7D641555397B2168E03C608A,5CB1975028F754703AB6E819A46C077AD52A7E8871F4682979D73B6F0DE31FB9,949458496D2434F6,1,1,False,val
V01_east_ascending,5101,134,13.3,"[0.7277777777777814, 3, 61.56111111111111]",C:\Users\lab\Counterfactual-XAI-Verifier\experiments\yolov8_search_comparison\diverse_training_scenario_split\data\diverse_training_scenario_split_v1\dataset\images\val\V01_east_ascending__frame_0134.png,C:\Users\lab\Counterfactual-XAI-Verifier\experiments\yolov8_search_comparison\diverse_training_scenario_split\data\diverse_training_scenario_split_v1\dataset\labels\val\V01_east_ascending__frame_0134.txt,8C5B03EF934A3C97C504A879E92E5C78CC9541BE36A769E351AE37289F270C3A,DE5ADE4C953C2A22D99E7473DCCA383049BD01E420E5F8E8A8D22D8E89E14B92,4840EF62FDB783565411165FA7FE62BCD338C53ED383D138BCEE77B0D472A531,989C945849692C24,1,1,False,val
V01_east_ascending,5101,143,14.2,"[3.0777777777777757, 3, 62.41111111111111]",C:\Users\lab\Counterfactual-XAI-Verifier\experiments\yolov8_search_comparison\diverse_training_scenario_split\data\diverse_training_scenario_split_v1\dataset\images\val\V01_east_ascending__frame_0143.png,C:\Users\lab\Counterfactual-XAI-Verifier\experiments\yolov8_search_comparison\diverse_training_scenario_split\data\diverse_training_scenario_split_v1\dataset\labels\val\V01_east_ascending__frame_0143.txt,5A085CA6BA4EFE3A917DE63EFCF2E2200AE046E1644D5EC380B3FC9FF1A3019C,37987C708D229A3636CFD5581E4361C9BF1A3CF853238A4C096F423D9760F2DC,791574B7E4F3A4836D6359F107D205E46C5875A6FDF055BFCD5BE234F7C6683D,BA9994945449616D,2,1,False,val
V01_east_ascending,5101,153,15.2,"[5.68888888888889, 3, 63.355555555555554]",C:\Users\lab\Counterfactual-XAI-Verifier\experiments\yolov8_search_comparison\diverse_training_scenario_split\data\diverse_training_scenario_split_v1\dataset\images\val\V01_east_ascending__frame_0153.png,C:\Users\lab\Counterfactual-XAI-Verifier\experiments\yolov8_search_comparison\diverse_training_scenario_split\data\diverse_training_scenario_split_v1\dataset\labels\val\V01_east_ascending__frame_0153.txt,6AEEA491458FBA00DE81A4689482362D9B9DB3EA60E29316469CCCF06DAAEA72,3EA728CF09EE2B420B653A01C57970FF96E8C6B27846896BCE2D4A21EF5B37FA,C74D7320397F130EDEA52EC4376B341097C44938E73F1298E5466EC6AA1C4862,90BA999C94D44849,2,2,False,val
V01_east_ascending,5101,162,16.1,"[8.038888888888891, 3, 64.20555555555555]",C:\Users\lab\Counterfactual-XAI-Verifier\experiments\yolov8_search_comparison\diverse_training_scenario_split\data\diverse_training_scenario_split_v1\dataset\images\val\V01_east_ascending__frame_0162.png,C:\Users\lab\Counterfactual-XAI-Verifier\experiments\yolov8_search_comparison\diverse_training_scenario_split\data\diverse_training_scenario_split_v1\dataset\labels\val\V01_east_ascending__frame_0162.txt,07DFE0341EE1C67D1EF1F8CDA5D6AF185D0359E499C2353694CA761BD1A9BDD5,34099F7E4B9F6771C77E4A8414AD063EFD58290C95A0834490A40552298DC941,955B87211A8E526426C22DEA27E84ACA3E1D01E93257456D439A7150AE787469,599038999C94D450,1,2,False,val
V01_east_ascending,5101,172,17.1,"[10.649999999999999, 3, 65.15]",C:\Users\lab\Counterfactual-XAI-Verifier\experiments\yolov8_search_comparison\diverse_training_scenario_split\data\diverse_training_scenario_split_v1\dataset\images\val\V01_east_ascending__frame_0172.png,C:\Users\lab\Counterfactual-XAI-Verifier\experiments\yolov8_search_comparison\diverse_training_scenario_split\data\diverse_training_scenario_split_v1\dataset\labels\val\V01_east_ascending__frame_0172.txt,84EF2D233DD1AD547ACC560A17C1BFCB45EBE2AA539772954D4ABC8E8759C0FD,3EAF165575D904FC7220716FE3B8A6A5E65A78CED4D75C5DBD4F1CAC773B26D0,3C5F26FBD739130FFE00BBDE60EE6C679349504F0B813E30F5A2E65C9610AB71,E9599038B99D9474,1,1,False,val
V01_east_ascending,5101,181,18.0,"[13, 3, 66]",C:\Users\lab\Counterfactual-XAI-Verifier\experiments\yolov8_search_comparison\diverse_training_scenario_split\data\diverse_training_scenario_split_v1\dataset\images\val\V01_east_ascending__frame_0181.png,C:\Users\lab\Counterfactual-XAI-Verifier\experiments\yolov8_search_comparison\diverse_training_scenario_split\data\diverse_training_scenario_split_v1\dataset\labels\val\V01_east_ascending__frame_0181.txt,EED418F447726642C0D762C958F7AA28E85DD76DF14375AC1CE66EC7FFF0C02B,29EC42783BBC9CC7250796649EDA198E24BBC0BBABCD9F91CE3675E4C717A86C,B9BE7F94EB37DDAEDA07371FE0F7D62184F12AF0274FCB5A670228FDB037EB2D,18E9593078B99D94,1,1,False,val
V02_west_retreat,5102,1,0.0,"[3, -10, 56]",C:\Users\lab\Counterfactual-XAI-Verifier\experiments\yolov8_search_comparison\diverse_training_scenario_split\data\diverse_training_scenario_split_v1\dataset\images\val\V02_west_retreat__frame_0001.png,C:\Users\lab\Counterfactual-XAI-Verifier\experiments\yolov8_search_comparison\diverse_training_scenario_split\data\diverse_training_scenario_split_v1\dataset\labels\val\V02_west_retreat__frame_0001.txt,8F8E8661DB79871EC22BAEAE9A7137C85FDF922F344A07EAD7261ADEFEA9DFE0,D404C26BBDF21BCE93F9E717473F46CEA4D9B6A93E8C773D2F54624F6318F555,3999CC15D9E11A9E9AA53257213030D61CE62876952183F37A6F2126119A927A,791B2DB434121219,1,1,False,val
V02_west_retreat,5102,10,0.9,"[1.3499999999999999, -10, 56.3]",C:\Users\lab\Counterfactual-XAI-Verifier\experiments\yolov8_search_comparison\diverse_training_scenario_split\data\diverse_training_scenario_split_v1\dataset\images\val\V02_west_retreat__frame_0010.png,C:\Users\lab\Counterfactual-XAI-Verifier\experiments\yolov8_search_comparison\diverse_training_scenario_split\data\diverse_training_scenario_split_v1\dataset\labels\val\V02_west_retreat__frame_0010.txt,8906EB563AE4250F4228D6B9FE0B89E2E0FFBD690A5096F3AAE87160480E71B6,3F0D0D2746D54C5F75862B512E73CA83EF04BBF8A85CDB077E08FCD0DD342C0A,32DE596FD93B180E7CF35D5AEBCC74A2FEB8F8EB7F4759FBC536F2A43B91E0C3,3909B43412121910,1,0,False,val
V02_west_retreat,5102,20,1.9,"[-0.4833333333333334, -10, 56.63333333333333]",C:\Users\lab\Counterfactual-XAI-Verifier\experiments\yolov8_search_comparison\diverse_training_scenario_split\data\diverse_training_scenario_split_v1\dataset\images\val\V02_west_retreat__frame_0020.png,C:\Users\lab\Counterfactual-XAI-Verifier\experiments\yolov8_search_comparison\diverse_training_scenario_split\data\diverse_training_scenario_split_v1\dataset\labels\val\V02_west_retreat__frame_0020.txt,0781E819699E025868781F1EB03835C96DE5847D1BD85D6EDC0BD8C24AC8D5EB,E3B0C44298FC1C149AFBF4C8996FB92427AE41E4649B934CA495991B7852B855,5666C0C39662B28C15CC5FE0C9CA58293F062CE9EB6517690B44CBDDDF5672F1,1B35B4161219110C,0,0,True,val
V02_west_retreat,5102,29,2.8,"[-2.1333333333333337, -10, 56.93333333333333]",C:\Users\lab\Counterfactual-XAI-Verifier\experiments\yolov8_search_comparison\diverse_training_scenario_split\data\diverse_training_scenario_split_v1\dataset\images\val\V02_west_retreat__frame_0029.png,C:\Users\lab\Counterfactual-XAI-Verifier\experiments\yolov8_search_comparison\diverse_training_scenario_split\data\diverse_training_scenario_split_v1\dataset\labels\val\V02_west_retreat__frame_0029.txt,CB61FF7B399AB01FD75124D81DA553269C3CFAA44DF57A3A6C7036CCE1CCAA9D,E3B0C44298FC1C149AFBF4C8996FB92427AE41E4649B934CA495991B7852B855,B3769D09A8738CDA58AC1DF9216667470604BEF235E7DF4559EAA842A0FA7AE7,39B5345219110511,0,0,True,val
V02_west_retreat,5102,39,3.8,"[-3.966666666666667, -10, 57.266666666666666]",C:\Users\lab\Counterfactual-XAI-Verifier\experiments\yolov8_search_comparison\diverse_training_scenario_split\data\diverse_training_scenario_split_v1\dataset\images\val\V02_west_retreat__frame_0039.png,C:\Users\lab\Counterfactual-XAI-Verifier\experiments\yolov8_search_comparison\diverse_training_scenario_split\data\diverse_training_scenario_split_v1\dataset\labels\val\V02_west_retreat__frame_0039.txt,4DA4AF8DFF2406D7F6DB1D5BD185CB4FB9FA2B3D935C997D818406E2DECB8810,E3B0C44298FC1C149AFBF4C8996FB92427AE41E4649B934CA495991B7852B855,D77F9B1495CCB4180EA91F0FC9EF2FF00CFC612DEA9B12314CE57F486CB74753,3535561811051104,0,0,True,val
V02_west_retreat,5102,48,4.7,"[-5.616666666666667, -10, 57.56666666666667]",C:\Users\lab\Counterfactual-XAI-Verifier\experiments\yolov8_search_comparison\diverse_training_scenario_split\data\diverse_training_scenario_split_v1\dataset\images\val\V02_west_retreat__frame_0048.png,C:\Users\lab\Counterfactual-XAI-Verifier\experiments\yolov8_search_comparison\diverse_training_scenario_split\data\diverse_training_scenario_split_v1\dataset\labels\val\V02_west_retreat__frame_0048.txt,218E596B5DA2EEF742E33646F8951CDD493EC1773F1712F21B700FF2C6D7B0D7,E3B0C44298FC1C149AFBF4C8996FB92427AE41E4649B934CA495991B7852B855,D5124A8517364D05E7C17FD4E5BF6DDBDAC29263EDD0E3C5FCEAF888A448695E,35145219070B1464,0,0,True,val
V02_west_retreat,5102,58,5.7,"[-7.449999999999999, -10, 57.9]",C:\Users\lab\Counterfactual-XAI-Verifier\experiments\yolov8_search_comparison\diverse_training_scenario_split\data\diverse_training_scenario_split_v1\dataset\images\val\V02_west_retreat__frame_0058.png,C:\Users\lab\Counterfactual-XAI-Verifier\experiments\yolov8_search_comparison\diverse_training_scenario_split\data\diverse_training_scenario_split_v1\dataset\labels\val\V02_west_retreat__frame_0058.txt,25600D06CB585A5B6B66B5E626FB4AD16B0F3D4699612784157779CF5A9FF085,E3B0C44298FC1C149AFBF4C8996FB92427AE41E4649B934CA495991B7852B855,99225CC585F98F3EAD50A436D5F3774D14056D695CC1410F8A3A6C9CB8DBDD63,351619110B146424,0,0,True,val
V02_west_retreat,5102,67,6.6,"[-9.1, -10, 58.2]",C:\Users\lab\Counterfactual-XAI-Verifier\experiments\yolov8_search_comparison\diverse_training_scenario_split\data\diverse_training_scenario_split_v1\dataset\images\val\V02_west_retreat__frame_0067.png,C:\Users\lab\Counterfactual-XAI-Verifier\experiments\yolov8_search_comparison\diverse_training_scenario_split\data\diverse_training_scenario_split_v1\dataset\labels\val\V02_west_retreat__frame_0067.txt,A7A5A932C2BF04C2F4A8AF7488978218072364E06354C1C9D25A374943746693,E3B0C44298FC1C149AFBF4C8996FB92427AE41E4649B934CA495991B7852B855,247140E2AADED3619788044620AAB77824767DDAC82F16E52259DBB4E7B1D97F,141013271D242414,0,0,True,val
V02_west_retreat,5102,77,7.6,"[-10.933333333333334, -10, 58.53333333333333]",C:\Users\lab\Counterfactual-XAI-Verifier\experiments\yolov8_search_comparison\diverse_training_scenario_split\data\diverse_training_scenario_split_v1\dataset\images\val\V02_west_retreat__frame_0077.png,C:\Users\lab\Counterfactual-XAI-Verifier\experiments\yolov8_search_comparison\diverse_training_scenario_split\data\diverse_training_scenario_split_v1\dataset\labels\val\V02_west_retreat__frame_0077.txt,D98BFA8A81C4DCB0139734EEB16D49BA53AF9935537A14F4826EF1E234B609F3,E3B0C44298FC1C149AFBF4C8996FB92427AE41E4649B934CA495991B7852B855,2ED3F8389D086EE3325290FD151E8745338CF6EF7BDAA8E78368BEA43F4062E7,1419231D25251533,0,0,True,val
V02_west_retreat,5102,86,8.5,"[-12.583333333333332, -10, 58.833333333333336]",C:\Users\lab\Counterfactual-XAI-Verifier\experiments\yolov8_search_comparison\diverse_training_scenario_split\data\diverse_training_scenario_split_v1\dataset\images\val\V02_west_retreat__frame_0086.png,C:\Users\lab\Counterfactual-XAI-Verifier\experiments\yolov8_search_comparison\diverse_training_scenario_split\data\diverse_training_scenario_split_v1\dataset\labels\val\V02_west_retreat__frame_0086.txt,8A3FFBF7E97B43CBE368C885A58FD40A493C5A6CDB563EDFBE0BC081C9233044,E3B0C44298FC1C149AFBF4C8996FB92427AE41E4649B934CA495991B7852B855,FFCE9EDEF29CEAF531DA2A05C3B533117D97553B469ABC7690EA5729CB16B847,10130D25A5153313,0,0,True,val
V02_west_retreat,5102,96,9.5,"[-14.416666666666668, -10, 59.166666666666664]",C:\Users\lab\Counterfactual-XAI-Verifier\experiments\yolov8_search_comparison\diverse_training_scenario_split\data\diverse_training_scenario_split_v1\dataset\images\val\V02_west_retreat__frame_0096.png,C:\Users\lab\Counterfactual-XAI-Verifier\experiments\yolov8_search_comparison\diverse_training_scenario_split\data\diverse_training_scenario_split_v1\dataset\labels\val\V02_west_retreat__frame_0096.txt,C21EEB0AC3563BC00AA5389DF8EA1EE192CA562D0858E2EFF491A00EE9A7A348,E3B0C44298FC1C149AFBF4C8996FB92427AE41E4649B934CA495991B7852B855,BF841A00854842D05DCA04E474783ED54AD1210ED192A8AD34F53060A89DF2D9,12032DA53533131B,0,0,True,val
V02_west_retreat,5102,105,10.4,"[-16.066666666666666, -10, 59.46666666666667]",C:\Users\lab\Counterfactual-XAI-Verifier\experiments\yolov8_search_comparison\diverse_training_scenario_split\data\diverse_training_scenario_split_v1\dataset\images\val\V02_west_retreat__frame_0105.png,C:\Users\lab\Counterfactual-XAI-Verifier\experiments\yolov8_search_comparison\diverse_training_scenario_split\data\diverse_training_scenario_split_v1\dataset\labels\val\V02_west_retreat__frame_0105.txt,D5C86C2DB7E50CA035FDB3A63DA500E6E79566D8C856AF2636A3E77663CD5C64,E3B0C44298FC1C149AFBF4C8996FB92427AE41E4649B934CA495991B7852B855,921FFC32CC0B61C59E59268F5E0AE1AF9C04EA4D72E2F814D0B7AEB43B3D9198,132DA52531131B19,0,0,True,val
V02_west_retreat,5102,115,11.4,"[-17.9, -10, 59.8]",C:\Users\lab\Counterfactual-XAI-Verifier\experiments\yolov8_search_comparison\diverse_training_scenario_split\data\diverse_training_scenario_split_v1\dataset\images\val\V02_west_retreat__frame_0115.png,C:\Users\lab\Counterfactual-XAI-Verifier\experiments\yolov8_search_comparison\diverse_training_scenario_split\data\diverse_training_scenario_split_v1\dataset\labels\val\V02_west_retreat__frame_0115.txt,11C93BCFA9B904BCE1230B7CEB82A0573503D66DAD86A7587508AADB62F4EDAC,E3B0C44298FC1C149AFBF4C8996FB92427AE41E4649B934CA495991B7852B855,D78CA43A25E566D7FACA9771FCF88EECB751194E8A9993699E268D35DF9C32C5,1BADA53513131919,0,0,True,val
V02_west_retreat,5102,124,12.3,"[-19.55, -10, 60.1]",C:\Users\lab\Counterfactual-XAI-Verifier\experiments\yolov8_search_comparison\diverse_training_scenario_split\data\diverse_training_scenario_split_v1\dataset\images\val\V02_west_retreat__frame_0124.png,C:\Users\lab\Counterfactual-XAI-Verifier\experiments\yolov8_search_comparison\diverse_training_scenario_split\data\diverse_training_scenario_split_v1\dataset\labels\val\V02_west_retreat__frame_0124.txt,CC04EB5CFF0A5F22FBAB083E9CE0BBB2ADB7DF5F9857C9EA6452FA1D4AFEEA76,E3B0C44298FC1C149AFBF4C8996FB92427AE41E4649B934CA495991B7852B855,494880E0E48ECEEF2A4CDD38013FD378FD4C6D3044CF02EF1A4A4985F38E232A,2FAD3513531B192D,0,0,True,val
V02_west_retreat,5102,134,13.3,"[-21.383333333333333, -10, 60.43333333333334]",C:\Users\lab\Counterfactual-XAI-Verifier\experiments\yolov8_search_comparison\diverse_training_scenario_split\data\diverse_training_scenario_split_v1\dataset\images\val\V02_west_retreat__frame_0134.png,C:\Users\lab\Counterfactual-XAI-Verifier\experiments\yolov8_search_comparison\diverse_training_scenario_split\data\diverse_training_scenario_split_v1\dataset\labels\val\V02_west_retreat__frame_0134.txt,18E416DB4669ECF986AA69273093164039EBB3FFFAF845A25710BC7CD92B6351,E3B0C44298FC1C149AFBF4C8996FB92427AE41E4649B934CA495991B7852B855,A91FA2D88FC6E8D39E81CBEB4DD4ADC850123313D1D44FF44EFB1CF08192B64C,AD2513131B192D35,0,0,True,val
V02_west_retreat,5102,143,14.2,"[-23.03333333333333, -10, 60.733333333333334]",C:\Users\lab\Counterfactual-XAI-Verifier\experiments\yolov8_search_comparison\diverse_training_scenario_split\data\diverse_training_scenario_split_v1\dataset\images\val\V02_west_retreat__frame_0143.png,C:\Users\lab\Counterfactual-XAI-Verifier\experiments\yolov8_search_comparison\diverse_training_scenario_split\data\diverse_training_scenario_split_v1\dataset\labels\val\V02_west_retreat__frame_0143.txt,CFCC2E6B5D17A18CEA01C430E6E56D8A23CC2EE2B7A3FC6161A619A288BA9A5B,E3B0C44298FC1C149AFBF4C8996FB92427AE41E4649B934CA495991B7852B855,ED31A92519830D5E2EA6C3620E007957270E01A47866DD08148814AF271F4C65,AD31131B192D3534,0,0,True,val
V02_west_retreat,5102,153,15.2,"[-24.866666666666667, -10, 61.06666666666666]",C:\Users\lab\Counterfactual-XAI-Verifier\experiments\yolov8_search_comparison\diverse_training_scenario_split\data\diverse_training_scenario_split_v1\dataset\images\val\V02_west_retreat__frame_0153.png,C:\Users\lab\Counterfactual-XAI-Verifier\experiments\yolov8_search_comparison\diverse_training_scenario_split\data\diverse_training_scenario_split_v1\dataset\labels\val\V02_west_retreat__frame_0153.txt,A4095BA660F0BC103B9A563F2D9018ED7AE521B6C21A5DB3C535AFA1A86B2A83,E3B0C44298FC1C149AFBF4C8996FB92427AE41E4649B934CA495991B7852B855,0CC3669CF20191B47D36E95C3C21DF89E2730B2A8E9F773977BFB47FE5478A06,3513531B29253434,0,0,True,val
V02_west_retreat,5102,162,16.1,"[-26.51666666666667, -10, 61.36666666666667]",C:\Users\lab\Counterfactual-XAI-Verifier\experiments\yolov8_search_comparison\diverse_training_scenario_split\data\diverse_training_scenario_split_v1\dataset\images\val\V02_west_retreat__frame_0162.png,C:\Users\lab\Counterfactual-XAI-Verifier\experiments\yolov8_search_comparison\diverse_training_scenario_split\data\diverse_training_scenario_split_v1\dataset\labels\val\V02_west_retreat__frame_0162.txt,26401EE49BDBA25FB855AB7C5C5DC55007139754B4A608C7D1FF45D58A7A5E4C,E3B0C44298FC1C149AFBF4C8996FB92427AE41E4649B934CA495991B7852B855,C25FF8BDB0EF093A6882962C3B8A5618AD7F749A13EF9361A70BBDF53718D2F8,33131B192D35340B,0,0,True,val
V02_west_retreat,5102,172,17.1,"[-28.349999999999998, -10, 61.7]",C:\Users\lab\Counterfactual-XAI-Verifier\experiments\yolov8_search_comparison\diverse_training_scenario_split\data\diverse_training_scenario_split_v1\dataset\images\val\V02_west_retreat__frame_0172.png,C:\Users\lab\Counterfactual-XAI-Verifier\experiments\yolov8_search_comparison\diverse_training_scenario_split\data\diverse_training_scenario_split_v1\dataset\labels\val\V02_west_retreat__frame_0172.txt,0B67F196185454FB95AF8F82500E891594F20EE7583F88F4F5CACA10A704EB74,E3B0C44298FC1C149AFBF4C8996FB92427AE41E4649B934CA495991B7852B855,9F5A93A4C1AF9AD6BE52FF54150E68810D68ACAD99E8C08DA8FA7AAC455EB8F5,12131B2935340B13,0,0,True,val
V02_west_retreat,5102,181,18.0,"[-30, -10, 62]",C:\Users\lab\Counterfactual-XAI-Verifier\experiments\yolov8_search_comparison\diverse_training_scenario_split\data\diverse_training_scenario_split_v1\dataset\images\val\V02_west_retreat__frame_0181.png,C:\Users\lab\Counterfactual-XAI-Verifier\experiments\yolov8_search_comparison\diverse_training_scenario_split\data\diverse_training_scenario_split_v1\dataset\labels\val\V02_west_retreat__frame_0181.txt,4D6EC999EDD3F30F2355976B1A9ADB6C726F63166752F0FD60A3C5EAA4C18024,E3B0C44298FC1C149AFBF4C8996FB92427AE41E4649B934CA495991B7852B855,84206E38AA7573DD57995DB831D9296A7C59B49270D7A0BEFAF6FF779699BD3A,121B1B2535050303,0,0,True,val
V03_north_lateral,5103,1,0.0,"[-18, -20, 58]",C:\Users\lab\Counterfactual-XAI-Verifier\experiments\yolov8_search_comparison\diverse_training_scenario_split\data\diverse_training_scenario_split_v1\dataset\images\val\V03_north_lateral__frame_0001.png,C:\Users\lab\Counterfactual-XAI-Verifier\experiments\yolov8_search_comparison\diverse_training_scenario_split\data\diverse_training_scenario_split_v1\dataset\labels\val\V03_north_lateral__frame_0001.txt,45371E0AC941E21D67A2AB0D202F280C90900311A2BE6FD2C5FF7AC0D69BE85D,E3B0C44298FC1C149AFBF4C8996FB92427AE41E4649B934CA495991B7852B855,C05DAA56F6DC24985F7871A22035EE1CC4F6B88EE58A0D8F2184769FD37F3655,8696838B81858180,0,0,True,val
V03_north_lateral,5103,10,0.9,"[-18, -18.15, 58]",C:\Users\lab\Counterfactual-XAI-Verifier\experiments\yolov8_search_comparison\diverse_training_scenario_split\data\diverse_training_scenario_split_v1\dataset\images\val\V03_north_lateral__frame_0010.png,C:\Users\lab\Counterfactual-XAI-Verifier\experiments\yolov8_search_comparison\diverse_training_scenario_split\data\diverse_training_scenario_split_v1\dataset\labels\val\V03_north_lateral__frame_0010.txt,F87826ECD004FACADC252CF5A1C60FAA44F1E3071B237F0F1322262E938E93D7,E3B0C44298FC1C149AFBF4C8996FB92427AE41E4649B934CA495991B7852B855,F46F5D5A11A90085D59DDCCA09ED948EBB0DA9C30E234E6A921CAEC0F09A3867,951506060B0B0305,0,0,True,val
V03_north_lateral,5103,20,1.9,"[-18, -16.094444444444445, 58]",C:\Users\lab\Counterfactual-XAI-Verifier\experiments\yolov8_search_comparison\diverse_training_scenario_split\data\diverse_training_scenario_split_v1\dataset\images\val\V03_north_lateral__frame_0020.png,C:\Users\lab\Counterfactual-XAI-Verifier\experiments\yolov8_search_comparison\diverse_training_scenario_split\data\diverse_training_scenario_split_v1\dataset\labels\val\V03_north_lateral__frame_0020.txt,FD5D4496553A5BF0E7B258BF48D70083F2338035BEDEC7C56406EF8C76B9E2EB,E3B0C44298FC1C149AFBF4C8996FB92427AE41E4649B934CA495991B7852B855,F2343D0924E58174908872FED7ED92E1F9E4D06FC4F04075220B3116F8B4FD85,29290D1416060B0B,0,0,True,val
V03_north_lateral,5103,29,2.8,"[-18, -14.244444444444444, 58]",C:\Users\lab\Counterfactual-XAI-Verifier\experiments\yolov8_search_comparison\diverse_training_scenario_split\data\diverse_training_scenario_split_v1\dataset\images\val\V03_north_lateral__frame_0029.png,C:\Users\lab\Counterfactual-XAI-Verifier\experiments\yolov8_search_comparison\diverse_training_scenario_split\data\diverse_training_scenario_split_v1\dataset\labels\val\V03_north_lateral__frame_0029.txt,35BAFAC5469BEE8BC92D8D1D7D1C83551DEE59945B8EFD03B616EB16283EB681,E3B0C44298FC1C149AFBF4C8996FB92427AE41E4649B934CA495991B7852B855,5F8B09B8454EAF3B50F1A237E0751023CBDF8FECDEA27E079E6A9528A366FC41,1A5A082C2C141602,0,0,True,val
V03_north_lateral,5103,39,3.8,"[-18, -12.18888888888889, 58]",C:\Users\lab\Counterfactual-XAI-Verifier\experiments\yolov8_search_comparison\diverse_training_scenario_split\data\diverse_training_scenario_split_v1\dataset\images\val\V03_north_lateral__frame_0039.png,C:\Users\lab\Counterfactual-XAI-Verifier\experiments\yolov8_search_comparison\diverse_training_scenario_split\data\diverse_training_scenario_split_v1\dataset\labels\val\V03_north_lateral__frame_0039.txt,C942F49F94948DE465E9091F179F497DDFED15AD69AE925A83CDAC516A1DD554,E3B0C44298FC1C149AFBF4C8996FB92427AE41E4649B934CA495991B7852B855,D74BDE341C73088A6C53F57199055A770E526CB804C703378D125560529DC4CB,16145A59292D2C16,0,0,True,val
V03_north_lateral,5103,48,4.7,"[-18, -10.338888888888889, 58]",C:\Users\lab\Counterfactual-XAI-Verifier\experiments\yolov8_search_comparison\diverse_training_scenario_split\data\diverse_training_scenario_split_v1\dataset\images\val\V03_north_lateral__frame_0048.png,C:\Users\lab\Counterfactual-XAI-Verifier\experiments\yolov8_search_comparison\diverse_training_scenario_split\data\diverse_training_scenario_split_v1\dataset\labels\val\V03_north_lateral__frame_0048.txt,8CCA41261088AE6AEBB61492FE1482845ADEDE59682787F5D501F32689295FC7,E3B0C44298FC1C149AFBF4C8996FB92427AE41E4649B934CA495991B7852B855,4F637358E148C292651770B758CBFEB38686BC5EC449764ACC60DA8AC15E1FAA,A5A535535B1B192C,0,0,True,val
V03_north_lateral,5103,58,5.7,"[-18, -8.283333333333333, 58]",C:\Users\lab\Counterfactual-XAI-Verifier\experiments\yolov8_search_comparison\diverse_training_scenario_split\data\diverse_training_scenario_split_v1\dataset\images\val\V03_north_lateral__frame_0058.png,C:\Users\lab\Counterfactual-XAI-Verifier\experiments\yolov8_search_comparison\diverse_training_scenario_split\data\diverse_training_scenario_split_v1\dataset\labels\val\V03_north_lateral__frame_0058.txt,46A86833C63B0E72B7993E85040EC301A993D0A2BC422725BAE17880F39ECF50,E3B0C44298FC1C149AFBF4C8996FB92427AE41E4649B934CA495991B7852B855,A5192C8354946C17330734ECE1E7EBD8940509FF8E989505FC384CBA81828018,6B69ADB3B3135159,0,0,True,val
V03_north_lateral,5103,67,6.6,"[-18, -6.433333333333334, 58]",C:\Users\lab\Counterfactual-XAI-Verifier\experiments\yolov8_search_comparison\diverse_training_scenario_split\data\diverse_training_scenario_split_v1\dataset\images\val\V03_north_lateral__frame_0067.png,C:\Users\lab\Counterfactual-XAI-Verifier\experiments\yolov8_search_comparison\diverse_training_scenario_split\data\diverse_training_scenario_split_v1\dataset\labels\val\V03_north_lateral__frame_0067.txt,44280DCB17455B559965F37D8A145DB5DE810C12EB9F194A48418C0D2D640FF2,E3B0C44298FC1C149AFBF4C8996FB92427AE41E4649B934CA495991B7852B855,5C171D39004ECB45DC6A0FAA592CCE8DB74394C06E122D65FE0E40A88B736A96,5A5A4A6667A6B333,0,0,True,val
V03_north_lateral,5103,77,7.6,"[-18, -4.377777777777778, 58]",C:\Users\lab\Counterfactual-XAI-Verifier\experiments\yolov8_search_comparison\diverse_training_scenario_split\data\diverse_training_scenario_split_v1\dataset\images\val\V03_north_lateral__frame_0077.png,C:\Users\lab\Counterfactual-XAI-Verifier\experiments\yolov8_search_comparison\diverse_training_scenario_split\data\diverse_training_scenario_split_v1\dataset\labels\val\V03_north_lateral__frame_0077.txt,5E84A9CCBDF1B842D73E0762F7676732C4B1C84F8AE96A91B530A165C80F08CA,E3B0C44298FC1C149AFBF4C8996FB92427AE41E4649B934CA495991B7852B855,FDE8392BB6593831EE67B883F87EF1B05751E4DD50FE70B5091150AF798337C4,9494D5CECE6F6676,0,0,True,val
V03_north_lateral,5103,86,8.5,"[-18, -2.5277777777777786, 58]",C:\Users\lab\Counterfactual-XAI-Verifier\experiments\yolov8_search_comparison\diverse_training_scenario_split\data\diverse_training_scenario_split_v1\dataset\images\val\V03_north_lateral__frame_0086.png,C:\Users\lab\Counterfactual-XAI-Verifier\experiments\yolov8_search_comparison\diverse_training_scenario_split\data\diverse_training_scenario_split_v1\dataset\labels\val\V03_north_lateral__frame_0086.txt,A869327DFDCDC93572569DA0BAA7A68F1C7C5313F9F52CD2CF5F1E80237AEFE7,E3B0C44298FC1C149AFBF4C8996FB92427AE41E4649B934CA495991B7852B855,C688A6793AE6B6906E6D3B8A3D5B9D75399D3FF9EFA5B41F893F21C6F7D734C0,ADA4B7CDCC5EC5E4,0,0,True,val
V03_north_lateral,5103,96,9.5,"[-18, -0.47222222222222143, 58]",C:\Users\lab\Counterfactual-XAI-Verifier\experiments\yolov8_search_comparison\diverse_training_scenario_split\data\diverse_training_scenario_split_v1\dataset\images\val\V03_north_lateral__frame_0096.png,C:\Users\lab\Counterfactual-XAI-Verifier\experiments\yolov8_search_comparison\diverse_training_scenario_split\data\diverse_training_scenario_split_v1\dataset\labels\val\V03_north_lateral__frame_0096.txt,FB33E834E0FCB993C143D9FBD084B780869CD794DB41A8C2D6CE0BC7E8DE7882,E3B0C44298FC1C149AFBF4C8996FB92427AE41E4649B934CA495991B7852B855,3C22F881A656383E869A98C23EC906EB31AFE84D06D83C9AA634DA6E0DA8CC76,69682A9A999D89C8,0,0,True,val
V03_north_lateral,5103,105,10.4,"[-18, 1.3777777777777764, 58]",C:\Users\lab\Counterfactual-XAI-Verifier\experiments\yolov8_search_comparison\diverse_training_scenario_split\data\diverse_training_scenario_split_v1\dataset\images\val\V03_north_lateral__frame_0105.png,C:\Users\lab\Counterfactual-XAI-Verifier\experiments\yolov8_search_comparison\diverse_training_scenario_split\data\diverse_training_scenario_split_v1\dataset\labels\val\V03_north_lateral__frame_0105.txt,B05F9D819FDF5BF337F71BE717779D846227DC441CBD7891F475E9D62FC1E31D,E3B0C44298FC1C149AFBF4C8996FB92427AE41E4649B934CA495991B7852B855,C5B902DE9DCFB996D0D2224591C7CF795B4516C815A070840FAF1B6E8801CA20,5A584C3E1A3B1B99,0,0,True,val
V03_north_lateral,5103,115,11.4,"[-18, 3.4333333333333336, 58]",C:\Users\lab\Counterfactual-XAI-Verifier\experiments\yolov8_search_comparison\diverse_training_scenario_split\data\diverse_training_scenario_split_v1\dataset\images\val\V03_north_lateral__frame_0115.png,C:\Users\lab\Counterfactual-XAI-Verifier\experiments\yolov8_search_comparison\diverse_training_scenario_split\data\diverse_training_scenario_split_v1\dataset\labels\val\V03_north_lateral__frame_0115.txt,5ECAC80DEB21680251DF4CF1C3306E631C2F5B3300882C0238DE7782E076F3B7,E3B0C44298FC1C149AFBF4C8996FB92427AE41E4649B934CA495991B7852B855,5E3CC6F575EAA1727AD4000C5C091EACE5298521919CA96DD045DE58C4DBD933,9691D934347637B3,0,0,True,val
V03_north_lateral,5103,124,12.3,"[-18, 5.283333333333335, 58]",C:\Users\lab\Counterfactual-XAI-Verifier\experiments\yolov8_search_comparison\diverse_training_scenario_split\data\diverse_training_scenario_split_v1\dataset\images\val\V03_north_lateral__frame_0124.png,C:\Users\lab\Counterfactual-XAI-Verifier\experiments\yolov8_search_comparison\diverse_training_scenario_split\data\diverse_training_scenario_split_v1\dataset\labels\val\V03_north_lateral__frame_0124.txt,7B5A214D2BEAAA83DE781993E34279556CD146C92BBD10F15AE575C1831FBD08,E3B0C44298FC1C149AFBF4C8996FB92427AE41E4649B934CA495991B7852B855,ED821009962485B208C18700D35A4C198DA1678269159A48AE1730FDF86D73F2,A4A2BA6965EC2E26,0,0,True,val
V03_north_lateral,5103,134,13.3,"[-18, 7.338888888888889, 58]",C:\Users\lab\Counterfactual-XAI-Verifier\experiments\yolov8_search_comparison\diverse_training_scenario_split\data\diverse_training_scenario_split_v1\dataset\images\val\V03_north_lateral__frame_0134.png,C:\Users\lab\Counterfactual-XAI-Verifier\experiments\yolov8_search_comparison\diverse_training_scenario_split\data\diverse_training_scenario_split_v1\dataset\labels\val\V03_north_lateral__frame_0134.txt,714A699196E746E18DC2021EB89566C258C981B578D9396C8086400F7D001C85,E3B0C44298FC1C149AFBF4C8996FB92427AE41E4649B934CA495991B7852B855,4CF37EAC5644E9BA7E390E07F33E0567F6FE51DC6D9F1E85397458866AFB0B17,6920B2724A794C4C,0,0,True,val
V03_north_lateral,5103,143,14.2,"[-18, 9.188888888888886, 58]",C:\Users\lab\Counterfactual-XAI-Verifier\experiments\yolov8_search_comparison\diverse_training_scenario_split\data\diverse_training_scenario_split_v1\dataset\images\val\V03_north_lateral__frame_0143.png,C:\Users\lab\Counterfactual-XAI-Verifier\experiments\yolov8_search_comparison\diverse_training_scenario_split\data\diverse_training_scenario_split_v1\dataset\labels\val\V03_north_lateral__frame_0143.txt,A9701947B0A6C22C84D08D29AA915C82DC30C53C0367DDA59FD39BAC58609FA4,E3B0C44298FC1C149AFBF4C8996FB92427AE41E4649B934CA495991B7852B855,E4D09C064E8AC75AAC747ABF70E7D975EA85E3F956C3F29C9F89D52E30D18389,5A4464F4D2D2D9C9,0,0,True,val
V03_north_lateral,5103,153,15.2,"[-18, 11.244444444444444, 58]",C:\Users\lab\Counterfactual-XAI-Verifier\experiments\yolov8_search_comparison\diverse_training_scenario_split\data\diverse_training_scenario_split_v1\dataset\images\val\V03_north_lateral__frame_0153.png,C:\Users\lab\Counterfactual-XAI-Verifier\experiments\yolov8_search_comparison\diverse_training_scenario_split\data\diverse_training_scenario_split_v1\dataset\labels\val\V03_north_lateral__frame_0153.txt,FB90E8CFFAC43493156A7BF54D71A67701CFEBE84312C22839AB0F703317420A,E3B0C44298FC1C149AFBF4C8996FB92427AE41E4649B934CA495991B7852B855,16AC64E2463558817053A61D8992A66B42D053026889201554D68695D7135F01,92C8E8E4A4A4B292,0,0,True,val
V03_north_lateral,5103,162,16.1,"[-18, 13.094444444444449, 58]",C:\Users\lab\Counterfactual-XAI-Verifier\experiments\yolov8_search_comparison\diverse_training_scenario_split\data\diverse_training_scenario_split_v1\dataset\images\val\V03_north_lateral__frame_0162.png,C:\Users\lab\Counterfactual-XAI-Verifier\experiments\yolov8_search_comparison\diverse_training_scenario_split\data\diverse_training_scenario_split_v1\dataset\labels\val\V03_north_lateral__frame_0162.txt,AFBD7C78E8C0E2F742C6D9E75B093CF495292CB8CD72B675A415C38CEFEF658C,E3B0C44298FC1C149AFBF4C8996FB92427AE41E4649B934CA495991B7852B855,C025B18EBC1FE2894AF298A940814C95603BD215248BAD5104B024AFACA8AC9E,A589C9C928696525,0,0,True,val
V03_north_lateral,5103,172,17.1,"[-18, 15.149999999999999, 58]",C:\Users\lab\Counterfactual-XAI-Verifier\experiments\yolov8_search_comparison\diverse_training_scenario_split\data\diverse_training_scenario_split_v1\dataset\images\val\V03_north_lateral__frame_0172.png,C:\Users\lab\Counterfactual-XAI-Verifier\experiments\yolov8_search_comparison\diverse_training_scenario_split\data\diverse_training_scenario_split_v1\dataset\labels\val\V03_north_lateral__frame_0172.txt,A34BBFBFDD4AFD4163AD03B65CB5E999FF25F3F55479EE90C4A8511648FD3ABD,E3B0C44298FC1C149AFBF4C8996FB92427AE41E4649B934CA495991B7852B855,93BE419BC5F8D396C405AFA0B85A19F017B1EB3AD13740F09A042F44C44BB55F,2B13919151C9CB4B,0,0,True,val
V03_north_lateral,5103,181,18.0,"[-18, 17, 58]",C:\Users\lab\Counterfactual-XAI-Verifier\experiments\yolov8_search_comparison\diverse_training_scenario_split\data\diverse_training_scenario_split_v1\dataset\images\val\V03_north_lateral__frame_0181.png,C:\Users\lab\Counterfactual-XAI-Verifier\experiments\yolov8_search_comparison\diverse_training_scenario_split\data\diverse_training_scenario_split_v1\dataset\labels\val\V03_north_lateral__frame_0181.txt,81A41108EA7EEAC998F0F3C0385F336F65215214AFD82B25B5AA946A9A98577D,E3B0C44298FC1C149AFBF4C8996FB92427AE41E4649B934CA495991B7852B855,B0A62EEB18003EDF8D18E12B2392D4F96BCDDBD87A03AB099EE23C547A6109C4,4B2323A393939797,0,0,True,val
V04_diagonal_descending,5104,1,0.0,"[-31, 13, 64]",C:\Users\lab\Counterfactual-XAI-Verifier\experiments\yolov8_search_comparison\diverse_training_scenario_split\data\diverse_training_scenario_split_v1\dataset\images\val\V04_diagonal_descending__frame_0001.png,C:\Users\lab\Counterfactual-XAI-Verifier\experiments\yolov8_search_comparison\diverse_training_scenario_split\data\diverse_training_scenario_split_v1\dataset\labels\val\V04_diagonal_descending__frame_0001.txt,6D980141BFA70DE46C46775533DE4F1B7A0A47446BE3E5FB9EB958D1D353D313,FE9FA4F47473CB4DBF13233FB3A03C54FC4894BB178E917EDF875B0A55314998,8964B16F84A90D9C3F24CD8A87B7449E7356EE4A222423C60F1CECC9CB61FFF3,E3E7C7CF434BC9C9,1,1,False,val
V04_diagonal_descending,5104,10,0.9,"[-28.8, 11.75, 63.3]",C:\Users\lab\Counterfactual-XAI-Verifier\experiments\yolov8_search_comparison\diverse_training_scenario_split\data\diverse_training_scenario_split_v1\dataset\images\val\V04_diagonal_descending__frame_0010.png,C:\Users\lab\Counterfactual-XAI-Verifier\experiments\yolov8_search_comparison\diverse_training_scenario_split\data\diverse_training_scenario_split_v1\dataset\labels\val\V04_diagonal_descending__frame_0010.txt,71BC654C0888B1A5D188D066AD212FCFC96D1614086DF517C61EFD7D2A8351C7,1F976C31EDBFF4C7D0C1BF59C9B7CA4EC378D699B3C16677471C5286675E4C6A,86DA49AB3161E5B622444658445F5F34A674F3CB1178DCAD14793B66C1068721,65E5F7534F49C5C5,1,1,False,val
V04_diagonal_descending,5104,20,1.9,"[-26.355555555555554, 10.36111111111111, 62.522222222222226]",C:\Users\lab\Counterfactual-XAI-Verifier\experiments\yolov8_search_comparison\diverse_training_scenario_split\data\diverse_training_scenario_split_v1\dataset\images\val\V04_diagonal_descending__frame_0020.png,C:\Users\lab\Counterfactual-XAI-Verifier\experiments\yolov8_search_comparison\diverse_training_scenario_split\data\diverse_training_scenario_split_v1\dataset\labels\val\V04_diagonal_descending__frame_0020.txt,8947E2CAE656012EC43EB9CB2BF7FABC4108F5EEC85875869C08CA67D09F234D,C8C29731F0D78B8D0BDF7C0DC1E4B5B7359507E40459C64E6EC9A548EE31A132,177575F69F0CEDD41FFC16D9B45DC5791E02253F4AA90A55D9BED2B6CAEC5B97,31755153434768C0,1,1,False,val
V04_diagonal_descending,5104,29,2.8,"[-24.155555555555555, 9.11111111111111, 61.82222222222222]",C:\Users\lab\Counterfactual-XAI-Verifier\experiments\yolov8_search_comparison\diverse_training_scenario_split\data\diverse_training_scenario_split_v1\dataset\images\val\V04_diagonal_descending__frame_0029.png,C:\Users\lab\Counterfactual-XAI-Verifier\experiments\yolov8_search_comparison\diverse_training_scenario_split\data\diverse_training_scenario_split_v1\dataset\labels\val\V04_diagonal_descending__frame_0029.txt,5776066151647D58FDEF026BDA6F9D01C00DE16A9B160E740BD10C27C844EFFA,24BBCED347B071C052341097402993DCCA75BDAD5549CEB4F14CF258FDCE66FA,68BECBAE5DC78BBCC0F4ECF2E11AF706ECA06862F6BE3488363227F4C15CB5E4,21B252525B436360,1,1,False,val
V04_diagonal_descending,5104,39,3.8,"[-21.71111111111111, 7.722222222222222, 61.044444444444444]",C:\Users\lab\Counterfactual-XAI-Verifier\experiments\yolov8_search_comparison\diverse_training_scenario_split\data\diverse_training_scenario_split_v1\dataset\images\val\V04_diagonal_descending__frame_0039.png,C:\Users\lab\Counterfactual-XAI-Verifier\experiments\yolov8_search_comparison\diverse_training_scenario_split\data\diverse_training_scenario_split_v1\dataset\labels\val\V04_diagonal_descending__frame_0039.txt,E14D01E92BC67C3FD24987A860716CE3CA60FBABA309E860BEFB48ECBF8DF06C,7C8E64458A2219E7B8E28A364551ADA1615DB25503256C129923D2863BE0477E,9D62B297B7925BB06451B9F9789B472DD518D851DFDFB3E812CE89BFBC280EBF,A9B2724A79696121,1,1,False,val
V04_diagonal_descending,5104,48,4.7,"[-19.511111111111113, 6.472222222222221, 60.34444444444444]",C:\Users\lab\Counterfactual-XAI-Verifier\experiments\yolov8_search_comparison\diverse_training_scenario_split\data\diverse_training_scenario_split_v1\dataset\images\val\V04_diagonal_descending__frame_0048.png,C:\Users\lab\Counterfactual-XAI-Verifier\experiments\yolov8_search_comparison\diverse_training_scenario_split\data\diverse_training_scenario_split_v1\dataset\labels\val\V04_diagonal_descending__frame_0048.txt,121E1B67E2B63C958013D268EEDBEC07E62046E56C23D14DA548DB545619247E,878D1F608665E3B0678643C011B66165EBF1EE2DD9DAE8ED5C5631786FE6E348,EE5AF787E46196A95C041A803A715625A762D8D0F4417418F2EF1008D4DE76DB,A9A5B97869E92C24,1,1,False,val
V04_diagonal_descending,5104,58,5.7,"[-17.066666666666666, 5.083333333333334, 59.56666666666666]",C:\Users\lab\Counterfactual-XAI-Verifier\experiments\yolov8_search_comparison\diverse_training_scenario_split\data\diverse_training_scenario_split_v1\dataset\images\val\V04_diagonal_descending__frame_0058.png,C:\Users\lab\Counterfactual-XAI-Verifier\experiments\yolov8_search_comparison\diverse_training_scenario_split\data\diverse_training_scenario_split_v1\dataset\labels\val\V04_diagonal_descending__frame_0058.txt,5282D5CA9E23B6F3ABC1089292473503400B36EC3CBD61A60D911DD3BF601E5B,31507A8B39EC39AE3316ED4C471D6B16C2FA98FD17B5D2E233F5585D3AEE9F60,B5C4F7DCC4859FF303F732506656F4AFB1A818769F3AACA3371703DC8950B76B,6CA4B0BD69252426,1,1,False,val
V04_diagonal_descending,5104,67,6.6,"[-14.866666666666667, 3.833333333333334, 58.86666666666667]",C:\Users\lab\Counterfactual-XAI-Verifier\experiments\yolov8_search_comparison\diverse_training_scenario_split\data\diverse_training_scenario_split_v1\dataset\images\val\V04_diagonal_descending__frame_0067.png,C:\Users\lab\Counterfactual-XAI-Verifier\experiments\yolov8_search_comparison\diverse_training_scenario_split\data\diverse_training_scenario_split_v1\dataset\labels\val\V04_diagonal_descending__frame_0067.txt,738D0863290320B887E72313C596A27AB34BEA166855396AE59F172AFC688296,6DA4FE91F25624049B4D8E9CACB49D3673F09F6C04DA1BA9D88B04F7CD76BCF6,D27AEEAE80342442F97A3DB3F3297114CCF318AF8CDDA27C49E217E3C003EA04,2CB4B690DC343436,1,1,False,val
V04_diagonal_descending,5104,77,7.6,"[-12.42222222222222, 2.4444444444444446, 58.08888888888889]",C:\Users\lab\Counterfactual-XAI-Verifier\experiments\yolov8_search_comparison\diverse_training_scenario_split\data\diverse_training_scenario_split_v1\dataset\images\val\V04_diagonal_descending__frame_0077.png,C:\Users\lab\Counterfactual-XAI-Verifier\experiments\yolov8_search_comparison\diverse_training_scenario_split\data\diverse_training_scenario_split_v1\dataset\labels\val\V04_diagonal_descending__frame_0077.txt,B64D7FAEEC62C88052520E891474F70AF27C3A0E3CB6D79AF5390EC9EC65AD7C,8C498291F64BFFBB24C668F9EC40396F5A22A359CBFA1A694D717AE23BE1196A,2C4A572A982C53D2370F42E5E8AE1CCD1CCA9BE1BE3DD498EB86B06EE978E9D7,84369292D8D63632,1,1,False,val
V04_diagonal_descending,5104,86,8.5,"[-10.222222222222221, 1.1944444444444446, 57.388888888888886]",C:\Users\lab\Counterfactual-XAI-Verifier\experiments\yolov8_search_comparison\diverse_training_scenario_split\data\diverse_training_scenario_split_v1\dataset\images\val\V04_diagonal_descending__frame_0086.png,C:\Users\lab\Counterfactual-XAI-Verifier\experiments\yolov8_search_comparison\diverse_training_scenario_split\data\diverse_training_scenario_split_v1\dataset\labels\val\V04_diagonal_descending__frame_0086.txt,A11F7060E920890A068933D8578601EBF0758E0F818E9EE2C7117D5A048CB3AD,D8EF8950B09C29510327F13885A32ED278AFAE17649F4E36438F5DB79D6AFA4C,829BB7F393E1224DF44083AE677E7743F20E11557E1ABF0512A567A73691F71F,A6927ADBD9D85B3B,0,1,False,val
V04_diagonal_descending,5104,96,9.5,"[-7.777777777777779, -0.19444444444444464, 56.611111111111114]",C:\Users\lab\Counterfactual-XAI-Verifier\experiments\yolov8_search_comparison\diverse_training_scenario_split\data\diverse_training_scenario_split_v1\dataset\images\val\V04_diagonal_descending__frame_0096.png,C:\Users\lab\Counterfactual-XAI-Verifier\experiments\yolov8_search_comparison\diverse_training_scenario_split\data\diverse_training_scenario_split_v1\dataset\labels\val\V04_diagonal_descending__frame_0096.txt,F01C31B40164AFDC0ABBFA6951152F6AFD6D08E9D5DCEEE05BD0FDAB98C7DC25,E3B0C44298FC1C149AFBF4C8996FB92427AE41E4649B934CA495991B7852B855,B31CAE5CB7AA447D663703ED7625EC8EF4F9DDEBE3F26812471B41516469F13C,A693997B49C84C6C,0,0,True,val
V04_diagonal_descending,5104,105,10.4,"[-5.577777777777779, -1.4444444444444429, 55.91111111111111]",C:\Users\lab\Counterfactual-XAI-Verifier\experiments\yolov8_search_comparison\diverse_training_scenario_split\data\diverse_training_scenario_split_v1\dataset\images\val\V04_diagonal_descending__frame_0105.png,C:\Users\lab\Counterfactual-XAI-Verifier\experiments\yolov8_search_comparison\diverse_training_scenario_split\data\diverse_training_scenario_split_v1\dataset\labels\val\V04_diagonal_descending__frame_0105.txt,01870797066ED260647AC5B16B555FE4072795AB34D9326BA099D825D560D721,9AA103576C772B6D3A99DCCD4EC12494C184D3D88D4F1933D1D574AB9C78A3FC,7680ED6D20AC9413F31B6200344EE186953EA5DFF94C28D0DEDFC4DC8C35A70A,A793958C6D8C6C6C,1,0,False,val
V04_diagonal_descending,5104,115,11.4,"[-3.133333333333333, -2.833333333333332, 55.13333333333333]",C:\Users\lab\Counterfactual-XAI-Verifier\experiments\yolov8_search_comparison\diverse_training_scenario_split\data\diverse_training_scenario_split_v1\dataset\images\val\V04_diagonal_descending__frame_0115.png,C:\Users\lab\Counterfactual-XAI-Verifier\experiments\yolov8_search_comparison\diverse_training_scenario_split\data\diverse_training_scenario_split_v1\dataset\labels\val\V04_diagonal_descending__frame_0115.txt,5A164A868FDF2020DA8F96481AAC0A33B180AD3C812A972DCF5739FAC8AD5117,8A6AE6937FA0674B88420B4CCBC2F190C988F0DCB70077FC87DAD88425187B2C,BEDA035843CEF2F1F1481F8421210533E74F505B8C7C7DEFB6BB94082351E1DB,B695D1CC8C6C8626,1,1,False,val
V04_diagonal_descending,5104,124,12.3,"[-0.9333333333333336, -4.083333333333332, 54.43333333333334]",C:\Users\lab\Counterfactual-XAI-Verifier\experiments\yolov8_search_comparison\diverse_training_scenario_split\data\diverse_training_scenario_split_v1\dataset\images\val\V04_diagonal_descending__frame_0124.png,C:\Users\lab\Counterfactual-XAI-Verifier\experiments\yolov8_search_comparison\diverse_training_scenario_split\data\diverse_training_scenario_split_v1\dataset\labels\val\V04_diagonal_descending__frame_0124.txt,EDD62574B375DB47A610467A8FFEC7ABB8B186FA921AF96DDC7DC004F750D913,4BBE8B33E3C24880A7786B1187E1359387F017F1F055F43FB68A9AF3E38F24D5,9966799F57EADE1E031D367DDB5C038F47EE4873E951F1C6AC1EC6DA075457DC,B492DADAC6C63686,1,1,False,val
V04_diagonal_descending,5104,134,13.3,"[1.5111111111111128, -5.472222222222221, 53.65555555555555]",C:\Users\lab\Counterfactual-XAI-Verifier\experiments\yolov8_search_comparison\diverse_training_scenario_split\data\diverse_training_scenario_split_v1\dataset\images\val\V04_diagonal_descending__frame_0134.png,C:\Users\lab\Counterfactual-XAI-Verifier\experiments\yolov8_search_comparison\diverse_training_scenario_split\data\diverse_training_scenario_split_v1\dataset\labels\val\V04_diagonal_descending__frame_0134.txt,A352C3A0B0CC467DDECC0166120569D5D67DFDF724E3EFE1BB3F01214A6E6C26,3070A596FA67DDFBDD8E5850FF33F613A9AA24CB8B76B4B05A788C59C6CFD07D,1F7EED6D0763E45B2A14F7E3FA996030A7FB558E120C891CF2E64DDAB980403C,B692DB4B4D65C7DB,1,1,False,val
V04_diagonal_descending,5104,143,14.2,"[3.7111111111111086, -6.722222222222221, 52.955555555555556]",C:\Users\lab\Counterfactual-XAI-Verifier\experiments\yolov8_search_comparison\diverse_training_scenario_split\data\diverse_training_scenario_split_v1\dataset\images\val\V04_diagonal_descending__frame_0143.png,C:\Users\lab\Counterfactual-XAI-Verifier\experiments\yolov8_search_comparison\diverse_training_scenario_split\data\diverse_training_scenario_split_v1\dataset\labels\val\V04_diagonal_descending__frame_0143.txt,F13D375E19BC5815C37CF3AD0DA411415BC99436134CD3D8367F1F3152C28ACD,2659161B76DEEAAB45A7E068EB23B4CBDDC26E320F40DF08871C5028E76CCDF2,54286DB08773E18BD725A8A4FED42EA3585D43D4DE22688354FCA5630D987035,35D2DAC949646473,1,1,False,val
V04_diagonal_descending,5104,153,15.2,"[6.1555555555555586, -8.11111111111111, 52.17777777777778]",C:\Users\lab\Counterfactual-XAI-Verifier\experiments\yolov8_search_comparison\diverse_training_scenario_split\data\diverse_training_scenario_split_v1\dataset\images\val\V04_diagonal_descending__frame_0153.png,C:\Users\lab\Counterfactual-XAI-Verifier\experiments\yolov8_search_comparison\diverse_training_scenario_split\data\diverse_training_scenario_split_v1\dataset\labels\val\V04_diagonal_descending__frame_0153.txt,2D1901DC91D6B0BFCE404CEC528C1DBC9C91A4537FE6DDB2B972234BA298EAE2,7E09E4C7847444B806AEFDFD8D594569640DA03935D5959500FB20E7805C11EE,C17C5A72457544E8101E360AB46694C8CD48BEFD6338EF04BA131400D1EE256B,B152194D4C4C22A2,1,1,False,val
V04_diagonal_descending,5104,162,16.1,"[8.355555555555554, -9.36111111111111, 51.477777777777774]",C:\Users\lab\Counterfactual-XAI-Verifier\experiments\yolov8_search_comparison\diverse_training_scenario_split\data\diverse_training_scenario_split_v1\dataset\images\val\V04_diagonal_descending__frame_0162.png,C:\Users\lab\Counterfactual-XAI-Verifier\experiments\yolov8_search_comparison\diverse_training_scenario_split\data\diverse_training_scenario_split_v1\dataset\labels\val\V04_diagonal_descending__frame_0162.txt,F521787D833A93F78DD3708262E522058632120A353CE5AB2774B2C8ABA5FB10,E076985D77AC896EB11420786E25E7EE6AB6C46473A52F2DFD3D3D7298A8CD94,7F002EEE16625D5F4951F536AC46E45A1F72BA890FA84D6BC47794E133189AD4,59592B0D6C6666A2,1,0,False,val
V04_diagonal_descending,5104,172,17.1,"[10.799999999999997, -10.75, 50.7]",C:\Users\lab\Counterfactual-XAI-Verifier\experiments\yolov8_search_comparison\diverse_training_scenario_split\data\diverse_training_scenario_split_v1\dataset\images\val\V04_diagonal_descending__frame_0172.png,C:\Users\lab\Counterfactual-XAI-Verifier\experiments\yolov8_search_comparison\diverse_training_scenario_split\data\diverse_training_scenario_split_v1\dataset\labels\val\V04_diagonal_descending__frame_0172.txt,285380D906060BA8A48BCB5A1E7E65D15C4EABE62AA1010B57E2431043531108,E3B0C44298FC1C149AFBF4C8996FB92427AE41E4649B934CA495991B7852B855,5ADF620ED0F4A17178B806320AF953A260267E80A1319B2C6FD47AE37B951D01,592C58142516A3B3,0,0,True,val
V04_diagonal_descending,5104,181,18.0,"[13, -12, 50]",C:\Users\lab\Counterfactual-XAI-Verifier\experiments\yolov8_search_comparison\diverse_training_scenario_split\data\diverse_training_scenario_split_v1\dataset\images\val\V04_diagonal_descending__frame_0181.png,C:\Users\lab\Counterfactual-XAI-Verifier\experiments\yolov8_search_comparison\diverse_training_scenario_split\data\diverse_training_scenario_split_v1\dataset\labels\val\V04_diagonal_descending__frame_0181.txt,6CAD23EBB403FA357F831F68A2E56A2F15E9D7C2A4671646D26270C02F696DFD,E3B0C44298FC1C149AFBF4C8996FB92427AE41E4649B934CA495991B7852B855,1CA6E2D0E3828D8B995DB9F8CB9B880D23CC44C4EED01EF10177B7671D642478,4C2C2E2C0E160A0B,0,0,True,val
V05_occluded_approach,5105,1,0.0,"[-45, 7, 62]",C:\Users\lab\Counterfactual-XAI-Verifier\experiments\yolov8_search_comparison\diverse_training_scenario_split\data\diverse_training_scenario_split_v1\dataset\images\val\V05_occluded_approach__frame_0001.png,C:\Users\lab\Counterfactual-XAI-Verifier\experiments\yolov8_search_comparison\diverse_training_scenario_split\data\diverse_training_scenario_split_v1\dataset\labels\val\V05_occluded_approach__frame_0001.txt,F01EFE6986F2D9D5A2AF1549A9CD0594F06080BD3318AF8960741B82FF49376B,E3B0C44298FC1C149AFBF4C8996FB92427AE41E4649B934CA495991B7852B855,3FC59D4CECDF875247B7B29A7886EB0692003EB1EE6111EB43EC3F20F278637B,E020206060606060,0,0,True,val
V05_occluded_approach,5105,10,0.9,"[-42.7, 7, 61.6]",C:\Users\lab\Counterfactual-XAI-Verifier\experiments\yolov8_search_comparison\diverse_training_scenario_split\data\diverse_training_scenario_split_v1\dataset\images\val\V05_occluded_approach__frame_0010.png,C:\Users\lab\Counterfactual-XAI-Verifier\experiments\yolov8_search_comparison\diverse_training_scenario_split\data\diverse_training_scenario_split_v1\dataset\labels\val\V05_occluded_approach__frame_0010.txt,56524D3061C466B858902A38CE740BAA1F20627740A4ACFD86FE7E205BC2D4A3,E3B0C44298FC1C149AFBF4C8996FB92427AE41E4649B934CA495991B7852B855,5FC82D9C19AE56FE6820EAA04ECB43ECA051FB71447F7004848074B0FA61F4A2,54E0206060606060,0,0,True,val
V05_occluded_approach,5105,20,1.9,"[-40.144444444444446, 7, 61.15555555555556]",C:\Users\lab\Counterfactual-XAI-Verifier\experiments\yolov8_search_comparison\diverse_training_scenario_split\data\diverse_training_scenario_split_v1\dataset\images\val\V05_occluded_approach__frame_0020.png,C:\Users\lab\Counterfactual-XAI-Verifier\experiments\yolov8_search_comparison\diverse_training_scenario_split\data\diverse_training_scenario_split_v1\dataset\labels\val\V05_occluded_approach__frame_0020.txt,BCEFBF900C78725D8193D68A3942323C04DA3F4B190227D5DA794260F1EA7C06,E3B0C44298FC1C149AFBF4C8996FB92427AE41E4649B934CA495991B7852B855,5E04CB38ACA642F076746F2D0547DF831E3AD813382943EBA20DD488197CF05D,E4D0206060606060,0,0,True,val
V05_occluded_approach,5105,29,2.8,"[-37.84444444444444, 7, 60.75555555555555]",C:\Users\lab\Counterfactual-XAI-Verifier\experiments\yolov8_search_comparison\diverse_training_scenario_split\data\diverse_training_scenario_split_v1\dataset\images\val\V05_occluded_approach__frame_0029.png,C:\Users\lab\Counterfactual-XAI-Verifier\experiments\yolov8_search_comparison\diverse_training_scenario_split\data\diverse_training_scenario_split_v1\dataset\labels\val\V05_occluded_approach__frame_0029.txt,F4D8E551F080831B398FE1A72CB9B13091290F1891BF6DAC1ECE6B931222A86A,7262C6A977A43D4899A5B907E5C6CFF085F4ADB4C8ED59E60C9F10264B902976,E81BE37F607CC63417F186382D479B551EFD44C348593E7BC6BC352BF5D5A1D1,A1B4E06060606060,0,1,False,val
V05_occluded_approach,5105,39,3.8,"[-35.28888888888889, 7, 60.31111111111111]",C:\Users\lab\Counterfactual-XAI-Verifier\experiments\yolov8_search_comparison\diverse_training_scenario_split\data\diverse_training_scenario_split_v1\dataset\images\val\V05_occluded_approach__frame_0039.png,C:\Users\lab\Counterfactual-XAI-Verifier\experiments\yolov8_search_comparison\diverse_training_scenario_split\data\diverse_training_scenario_split_v1\dataset\labels\val\V05_occluded_approach__frame_0039.txt,6CDCC7A0C3B37223C54666BAEC1E040204E49ED25196D608FB0330F4C75D7343,ED2E16391273A584B2E471B71233B5E577724B6E9BB5D595E148B11E80C57B38,421F85C925E59E7BB6216B400EA7A69953B18EEC4C921D702D0807DA0E3F9BFA,A1A5B46060606060,1,1,False,val
V05_occluded_approach,5105,48,4.7,"[-32.98888888888889, 7, 59.91111111111111]",C:\Users\lab\Counterfactual-XAI-Verifier\experiments\yolov8_search_comparison\diverse_training_scenario_split\data\diverse_training_scenario_split_v1\dataset\images\val\V05_occluded_approach__frame_0048.png,C:\Users\lab\Counterfactual-XAI-Verifier\experiments\yolov8_search_comparison\diverse_training_scenario_split\data\diverse_training_scenario_split_v1\dataset\labels\val\V05_occluded_approach__frame_0048.txt,816122FC9277F4CDE1B91FEF4C03D6D4E8DC766E2CF74D7D228BFFDB93B747E9,94CA0E8C161BD181ECD06CF8F0B3F1C5B51BCFE1DF595FF4786806F7426F35EF,A0140D1AF0C469A67A31CC8362D4A9B0FD1B360D997A0D906A92B8A8E22C14C3,29A1A5B460606060,1,1,False,val
V05_occluded_approach,5105,58,5.7,"[-30.433333333333334, 7, 59.46666666666667]",C:\Users\lab\Counterfactual-XAI-Verifier\experiments\yolov8_search_comparison\diverse_training_scenario_split\data\diverse_training_scenario_split_v1\dataset\images\val\V05_occluded_approach__frame_0058.png,C:\Users\lab\Counterfactual-XAI-Verifier\experiments\yolov8_search_comparison\diverse_training_scenario_split\data\diverse_training_scenario_split_v1\dataset\labels\val\V05_occluded_approach__frame_0058.txt,24C6DBA249D7E398F0E764F199AF7F6A4FDDA66C4CB7F6F227DF475328D35FA5,F9892D2065FA4DD28CA4D25998BE3A489B3D5504206E8313A6DAC77888C20D21,6798637E5AC3ACB6C300CB30C084AC7C840365ACDE5C2826B9C93203F6224610,7929A1A5A460E060,1,1,False,val
V05_occluded_approach,5105,67,6.6,"[-28.133333333333333, 7, 59.06666666666667]",C:\Users\lab\Counterfactual-XAI-Verifier\experiments\yolov8_search_comparison\diverse_training_scenario_split\data\diverse_training_scenario_split_v1\dataset\images\val\V05_occluded_approach__frame_0067.png,C:\Users\lab\Counterfactual-XAI-Verifier\experiments\yolov8_search_comparison\diverse_training_scenario_split\data\diverse_training_scenario_split_v1\dataset\labels\val\V05_occluded_approach__frame_0067.txt,E420946769DA66B5A7862205FEE1FBC994146E5E34226DD14DC4A50F934B4228,E09720F3ACBDAD40CD13B860D83F07F3BD67964C878EE46B93FB29E7C9ABA8C7,D17FB5D1DD773E5DEBC7FF977D7EFB4D70A7AB064D4E713AF3D339867D99F721,697921A1A4A060E0,1,1,False,val
V05_occluded_approach,5105,77,7.6,"[-25.57777777777778, 7, 58.62222222222222]",C:\Users\lab\Counterfactual-XAI-Verifier\experiments\yolov8_search_comparison\diverse_training_scenario_split\data\diverse_training_scenario_split_v1\dataset\images\val\V05_occluded_approach__frame_0077.png,C:\Users\lab\Counterfactual-XAI-Verifier\experiments\yolov8_search_comparison\diverse_training_scenario_split\data\diverse_training_scenario_split_v1\dataset\labels\val\V05_occluded_approach__frame_0077.txt,6199626B10E28C01541B518AC6BAB5810668944E610E0A05F043CD80D9CDC786,5BDCCD4153D317310056B855B269C20E40F3DCE169A9359496A391BD5A20D911,1B1F6ACD501BF68E69B04DAFE9BE712426BA243F92DDA9535B2458D7FD6DC94F,3269796561A5A460,1,1,False,val
V05_occluded_approach,5105,86,8.5,"[-23.27777777777778, 7, 58.22222222222222]",C:\Users\lab\Counterfactual-XAI-Verifier\experiments\yolov8_search_comparison\diverse_training_scenario_split\data\diverse_training_scenario_split_v1\dataset\images\val\V05_occluded_approach__frame_0086.png,C:\Users\lab\Counterfactual-XAI-Verifier\experiments\yolov8_search_comparison\diverse_training_scenario_split\data\diverse_training_scenario_split_v1\dataset\labels\val\V05_occluded_approach__frame_0086.txt,B3BE117CCB02C4970C77111C63BAE16CBCCCF1ACAEB7BAE3FA1473F707E254DF,A4909EB6344AD2B7C724A24686FB5EFD386662E88853040F12CCA2924230410A,E30D294B5FD0EC1B5640E49EA53FB7F921952B10BDF6CEBBD4C697917AE73F23,B26A697D65612524,1,1,False,val
V05_occluded_approach,5105,96,9.5,"[-20.72222222222222, 7, 57.77777777777778]",C:\Users\lab\Counterfactual-XAI-Verifier\experiments\yolov8_search_comparison\diverse_training_scenario_split\data\diverse_training_scenario_split_v1\dataset\images\val\V05_occluded_approach__frame_0096.png,C:\Users\lab\Counterfactual-XAI-Verifier\experiments\yolov8_search_comparison\diverse_training_scenario_split\data\diverse_training_scenario_split_v1\dataset\labels\val\V05_occluded_approach__frame_0096.txt,D1256E449FE9C1AD7563A58BE9136E25C10264ACA8D5E01B2BCC3E3F10BFDD93,D412AB1D36DB48342A02BDF52F0739ACAB537410676835743263CA42C440149F,DD6B9C9FC3A31D6C866226DF8A8F8F2BCE6C127CD1024BE039B6DD80CDF6DC69,20B26A695C646560,1,1,False,val
V05_occluded_approach,5105,105,10.4,"[-18.422222222222224, 7, 57.37777777777778]",C:\Users\lab\Counterfactual-XAI-Verifier\experiments\yolov8_search_comparison\diverse_training_scenario_split\data\diverse_training_scenario_split_v1\dataset\images\val\V05_occluded_approach__frame_0105.png,C:\Users\lab\Counterfactual-XAI-Verifier\experiments\yolov8_search_comparison\diverse_training_scenario_split\data\diverse_training_scenario_split_v1\dataset\labels\val\V05_occluded_approach__frame_0105.txt,58A31F0A9950C52B846200F98DA8A903163F43DCFF84AEFFA52EBF28385B5C79,279F4606D1B933D2B8B2866CD39DADC3C64774C845748D9EF1DF3BF25C33D6FB,40EAB1F43D6DBC1A699B508A6A98D207DDD321FD87338CD1C13190D07E83FFF7,6932B26A69584C44,1,1,False,val
V05_occluded_approach,5105,115,11.4,"[-15.866666666666667, 7, 56.93333333333334]",C:\Users\lab\Counterfactual-XAI-Verifier\experiments\yolov8_search_comparison\diverse_training_scenario_split\data\diverse_training_scenario_split_v1\dataset\images\val\V05_occluded_approach__frame_0115.png,C:\Users\lab\Counterfactual-XAI-Verifier\experiments\yolov8_search_comparison\diverse_training_scenario_split\data\diverse_training_scenario_split_v1\dataset\labels\val\V05_occluded_approach__frame_0115.txt,D612DC7903EE7F708B0715BE7360BB50008C61A7D7649463C3502B80D9BB82F3,0A691F8E35EAA1A57E6537F6F1BE013C70951F777D630D39907F8B647541087E,387DF06CC5A3597427CDBD47E25EB1FA7601A00B3B4B4D28522C82A8B030D7E2,696D32B27A6A495C,0,1,False,val
V05_occluded_approach,5105,124,12.3,"[-13.566666666666666, 7, 56.53333333333333]",C:\Users\lab\Counterfactual-XAI-Verifier\experiments\yolov8_search_comparison\diverse_training_scenario_split\data\diverse_training_scenario_split_v1\dataset\images\val\V05_occluded_approach__frame_0124.png,C:\Users\lab\Counterfactual-XAI-Verifier\experiments\yolov8_search_comparison\diverse_training_scenario_split\data\diverse_training_scenario_split_v1\dataset\labels\val\V05_occluded_approach__frame_0124.txt,B8D1BB148CA5B61E43376597CF4CCAE2E9B4829247C59608BA0BB3BFC20CEB32,E3B0C44298FC1C149AFBF4C8996FB92427AE41E4649B934CA495991B7852B855,1B6D9DFB1FCFF1436D331A6AB380F8CDF6CD24ADDF451FE2ED5977A75D78E5E9,494D6562527A4ACD,0,0,True,val
V05_occluded_approach,5105,134,13.3,"[-11.011111111111106, 7, 56.08888888888889]",C:\Users\lab\Counterfactual-XAI-Verifier\experiments\yolov8_search_comparison\diverse_training_scenario_split\data\diverse_training_scenario_split_v1\dataset\images\val\V05_occluded_approach__frame_0134.png,C:\Users\lab\Counterfactual-XAI-Verifier\experiments\yolov8_search_comparison\diverse_training_scenario_split\data\diverse_training_scenario_split_v1\dataset\labels\val\V05_occluded_approach__frame_0134.txt,C1A2F8661E0C138169C0ADBA2AE1FF2C5CBA5DE9937E263C82D7F1F2D4A29DF9,E3B0C44298FC1C149AFBF4C8996FB92427AE41E4649B934CA495991B7852B855,E2BBD46469175036B423A4935D20E1CE24A4C5D1EAF062DC2847D487C5100AC6,6A494D456252D2E8,0,0,True,val
V05_occluded_approach,5105,143,14.2,"[-8.711111111111116, 7, 55.68888888888889]",C:\Users\lab\Counterfactual-XAI-Verifier\experiments\yolov8_search_comparison\diverse_training_scenario_split\data\diverse_training_scenario_split_v1\dataset\images\val\V05_occluded_approach__frame_0143.png,C:\Users\lab\Counterfactual-XAI-Verifier\experiments\yolov8_search_comparison\diverse_training_scenario_split\data\diverse_training_scenario_split_v1\dataset\labels\val\V05_occluded_approach__frame_0143.txt,04587C3643F92E8B3E34EF467EDC4F84A520752C99F99C1511A691A9F2DBD84A,068D32DA0AC4F2BC108A04FAFA44D5EA68D2242F86AF6AF557605AEFDA6EC57C,AB36282646660C460A2B67A50CB9C17BC86A34F28D46F7F752ABAB9F1532E12B,9A6BC8CC45624052,0,1,False,val
V05_occluded_approach,5105,153,15.2,"[-6.1555555555555586, 7, 55.24444444444445]",C:\Users\lab\Counterfactual-XAI-Verifier\experiments\yolov8_search_comparison\diverse_training_scenario_split\data\diverse_training_scenario_split_v1\dataset\images\val\V05_occluded_approach__frame_0153.png,C:\Users\lab\Counterfactual-XAI-Verifier\experiments\yolov8_search_comparison\diverse_training_scenario_split\data\diverse_training_scenario_split_v1\dataset\labels\val\V05_occluded_approach__frame_0153.txt,A2ACE1B8671E3B13007BCE2FDED6706C72162AF125CBBF7020503AE10BA7EF0D,1B1B64DFC7628B14664DA21F8478CFF210E484CEA35462440B278C138F1859B6,2BC4E894AB5D5A17C906D1C523D867DA7C6248773E548FD2D4F75CC3AE194693,929A4969CCC4C4E2,1,1,False,val
V05_occluded_approach,5105,162,16.1,"[-3.8555555555555543, 7, 54.84444444444444]",C:\Users\lab\Counterfactual-XAI-Verifier\experiments\yolov8_search_comparison\diverse_training_scenario_split\data\diverse_training_scenario_split_v1\dataset\images\val\V05_occluded_approach__frame_0162.png,C:\Users\lab\Counterfactual-XAI-Verifier\experiments\yolov8_search_comparison\diverse_training_scenario_split\data\diverse_training_scenario_split_v1\dataset\labels\val\V05_occluded_approach__frame_0162.txt,4D37FA06EDF3312A4260960736C069EF955956656A3F8218E664E273DFCAAEF3,F333CFF07198CEB2EED3952ABE3EE5A5487F7D47A440C61588384EE5AC403339,8842B59C7024BB0D9C52D38705FA9567BBBAF08C6D56590E4713380F2864B06A,32929A49C958CCC4,1,1,False,val
V05_occluded_approach,5105,172,17.1,"[-1.3000000000000043, 7, 54.4]",C:\Users\lab\Counterfactual-XAI-Verifier\experiments\yolov8_search_comparison\diverse_training_scenario_split\data\diverse_training_scenario_split_v1\dataset\images\val\V05_occluded_approach__frame_0172.png,C:\Users\lab\Counterfactual-XAI-Verifier\experiments\yolov8_search_comparison\diverse_training_scenario_split\data\diverse_training_scenario_split_v1\dataset\labels\val\V05_occluded_approach__frame_0172.txt,22BFF3160D52CDFB709CCE0793D3E88B1DCD7F75A2BFBC22D7DBF6C0DEC9D37C,887AD8656AFDB178A1D385B18F0B66B6CBA6DD78540438C8327D675872B48D6C,D493DE276CA445E2034F3E68114652E4BB147C3FCFEB53B4CC9F4D3A4FC4C2C4,2830929959C9C9C8,1,1,False,val
V05_occluded_approach,5105,181,18.0,"[1, 7, 54]",C:\Users\lab\Counterfactual-XAI-Verifier\experiments\yolov8_search_comparison\diverse_training_scenario_split\data\diverse_training_scenario_split_v1\dataset\images\val\V05_occluded_approach__frame_0181.png,C:\Users\lab\Counterfactual-XAI-Verifier\experiments\yolov8_search_comparison\diverse_training_scenario_split\data\diverse_training_scenario_split_v1\dataset\labels\val\V05_occluded_approach__frame_0181.txt,87DFBA307A108207312C96F14EFB87E23877EB1282872D3BDB54845363F338AE,0B28F2A856E23677F36C33DD0A1DE053E9F7F95EF4B5C25F434EB84E25D597B2,DF218E06E5EE00ADDF81979482A2193C6B62DC91A5DA535ACE88BECAB579BC22,6D42401211D9D9C9,1,1,False,val
