scenario_id,split,scenario_variant,frame_index,image_path,label_path,image_sha256,person_labels,vehicle_labels,original_training_png_sha256
train_v01_clear_high,train,1,1,C:\Users\lab\Counterfactual-XAI-Verifier\experiments\yolov8_search_comparison\training\yolov8s_sim_20260902\dataset\images\train\train_v01_clear_high__frame_0001.jpg,C:\Users\lab\Counterfactual-XAI-Verifier\experiments\yolov8_search_comparison\training\yolov8s_sim_20260902\dataset\labels\train\train_v01_clear_high__frame_0001.txt,B3A020403A0F12E9E35B89A69081E47247A3AFF7C8E5AB87D0B94906787C373B,2,0,2C6B8F2FF01E4636CD778437DFC512C0968DEC016CDC014EEF95270E2D10B71C
train_v01_clear_high,train,1,4,C:\Users\lab\Counterfactual-XAI-Verifier\experiments\yolov8_search_comparison\training\yolov8s_sim_20260902\dataset\images\train\train_v01_clear_high__frame_0004.jpg,C:\Users\lab\Counterfactual-XAI-Verifier\experiments\yolov8_search_comparison\training\yolov8s_sim_20260902\dataset\labels\train\train_v01_clear_high__frame_0004.txt,B0D105385B124A756602CC2CE8818ADA1D52B2D7EFCDBF167E7F3B63EA3DB472,2,0,39E54BF29488E3477DCCD2A9B18827232262E3D7A4D746AEBBF827783AC6BBCF
train_v01_clear_high,train,1,7,C:\Users\lab\Counterfactual-XAI-Verifier\experiments\yolov8_search_comparison\training\yolov8s_sim_20260902\dataset\images\train\train_v01_clear_high__frame_0007.jpg,C:\Users\lab\Counterfactual-XAI-Verifier\experiments\yolov8_search_comparison\training\yolov8s_sim_20260902\dataset\labels\train\train_v01_clear_high__frame_0007.txt,842125252CCDAA0921F569DF873BCC31015878C218B28FC65325CEF535EB0468,2,0,5A6D61AAD28221CF336AF2E0CE22B76FB6550C59CFDE5980F9ECA2F2ACF7C953
train_v01_clear_high,train,1,10,C:\Users\lab\Counterfactual-XAI-Verifier\experiments\yolov8_search_comparison\training\yolov8s_sim_20260902\dataset\images\train\train_v01_clear_high__frame_0010.jpg,C:\Users\lab\Counterfactual-XAI-Verifier\experiments\yolov8_search_comparison\training\yolov8s_sim_20260902\dataset\labels\train\train_v01_clear_high__frame_0010.txt,B241935A8A917AB8BBACF18A09327DF5E36DBFD580204AED93C9A4EA68E24FDD,2,0,F5A135FABE84C105DEB5DC88DD3155398D8C6D57F97A40A8C7FBB05DEECBDA97
train_v01_clear_high,train,1,13,C:\Users\lab\Counterfactual-XAI-Verifier\experiments\yolov8_search_comparison\training\yolov8s_sim_20260902\dataset\images\train\train_v01_clear_high__frame_0013.jpg,C:\Users\lab\Counterfactual-XAI-Verifier\experiments\yolov8_search_comparison\training\yolov8s_sim_20260902\dataset\labels\train\train_v01_clear_high__frame_0013.txt,A457E88C02F0A736AD9BD67E848C98197A8997295F96F726E5802E22729E87E5,2,0,1091E06B66F888C04C84BEF65A00D709ED48B42EFA3C11FD01B436EFED478C67
train_v01_clear_high,train,1,16,C:\Users\lab\Counterfactual-XAI-Verifier\experiments\yolov8_search_comparison\training\yolov8s_sim_20260902\dataset\images\train\train_v01_clear_high__frame_0016.jpg,C:\Users\lab\Counterfactual-XAI-Verifier\experiments\yolov8_search_comparison\training\yolov8s_sim_20260902\dataset\labels\train\train_v01_clear_high__frame_0016.txt,F56968E45C598C78A872C53CD87AFFBBCF12BC57BDFB15C4A798DB260390C684,2,0,51C457EEC806424D5F26CB0ACD75DC1FE6688C55A844428D638DB6ACBAF6B8A1
train_v01_clear_high,train,1,19,C:\Users\lab\Counterfactual-XAI-Verifier\experiments\yolov8_search_comparison\training\yolov8s_sim_20260902\dataset\images\train\train_v01_clear_high__frame_0019.jpg,C:\Users\lab\Counterfactual-XAI-Verifier\experiments\yolov8_search_comparison\training\yolov8s_sim_20260902\dataset\labels\train\train_v01_clear_high__frame_0019.txt,CF34BBC0038E49ABEA929F518410B3FD3977918238D3B0BE1A0E5E94C9B931ED,2,0,044DA21AD4B0E1B5F02652D4822CC7F5D07C7345C19E39B0457DEED969D700ED
train_v01_clear_high,train,1,22,C:\Users\lab\Counterfactual-XAI-Verifier\experiments\yolov8_search_comparison\training\yolov8s_sim_20260902\dataset\images\train\train_v01_clear_high__frame_0022.jpg,C:\Users\lab\Counterfactual-XAI-Verifier\experiments\yolov8_search_comparison\training\yolov8s_sim_20260902\dataset\labels\train\train_v01_clear_high__frame_0022.txt,9F0D10FBE5FECAB57C7C7EED29463F25709DDD23BF1339CCEA7B51FAC1A4EEE8,2,0,8D454D2A87D36A476E8567797FC8B5028259831F5CED42C80586D3188551ABFE
train_v01_clear_high,train,1,25,C:\Users\lab\Counterfactual-XAI-Verifier\experiments\yolov8_search_comparison\training\yolov8s_sim_20260902\dataset\images\train\train_v01_clear_high__frame_0025.jpg,C:\Users\lab\Counterfactual-XAI-Verifier\experiments\yolov8_search_comparison\training\yolov8s_sim_20260902\dataset\labels\train\train_v01_clear_high__frame_0025.txt,80C80556382C4D717153542B0DEEC36C4F6CC50D58C51E43342BB4315F3C3E5C,2,0,D1B02F460F3446CF897AF9947050AE46A434E6BC5AF4C55DA38863B2D69E7B10
train_v01_clear_high,train,1,28,C:\Users\lab\Counterfactual-XAI-Verifier\experiments\yolov8_search_comparison\training\yolov8s_sim_20260902\dataset\images\train\train_v01_clear_high__frame_0028.jpg,C:\Users\lab\Counterfactual-XAI-Verifier\experiments\yolov8_search_comparison\training\yolov8s_sim_20260902\dataset\labels\train\train_v01_clear_high__frame_0028.txt,7CADBDCA80AB47984206C2D43B189B97E3B745F80521614BC2E390E0E788EE9E,2,0,DAE6302CCDF41211C9B898C34CBA0DCD37BB399943286D7068E9B1892E795EB5
train_v01_clear_high,train,1,31,C:\Users\lab\Counterfactual-XAI-Verifier\experiments\yolov8_search_comparison\training\yolov8s_sim_20260902\dataset\images\train\train_v01_clear_high__frame_0031.jpg,C:\Users\lab\Counterfactual-XAI-Verifier\experiments\yolov8_search_comparison\training\yolov8s_sim_20260902\dataset\labels\train\train_v01_clear_high__frame_0031.txt,CA50A8E5EF8891E49C5E3056927D29A017667286A01C28C514BE9890F7F50EFB,2,0,91255B3F42070F8D5BB2B3DC895E4328E1F22D9BD4715167A5D1A3E02C71448B
train_v01_clear_high,train,1,34,C:\Users\lab\Counterfactual-XAI-Verifier\experiments\yolov8_search_comparison\training\yolov8s_sim_20260902\dataset\images\train\train_v01_clear_high__frame_0034.jpg,C:\Users\lab\Counterfactual-XAI-Verifier\experiments\yolov8_search_comparison\training\yolov8s_sim_20260902\dataset\labels\train\train_v01_clear_high__frame_0034.txt,2BFDAB1C1E06D6045FAE3221181120BA787C5450251B6A518AAE27B7BB12CA91,2,0,259FC1EF219C96D4C6D7C6878F7F51B870B943F970D7B3A17D2F3285EBCF6D50
train_v01_clear_high,train,1,37,C:\Users\lab\Counterfactual-XAI-Verifier\experiments\yolov8_search_comparison\training\yolov8s_sim_20260902\dataset\images\train\train_v01_clear_high__frame_0037.jpg,C:\Users\lab\Counterfactual-XAI-Verifier\experiments\yolov8_search_comparison\training\yolov8s_sim_20260902\dataset\labels\train\train_v01_clear_high__frame_0037.txt,ED6D6E1D15AAED2B1707720684BE23FA39FB9D91845A77237E00CBEAF6DE27E8,2,0,9C62F0CA354DF22275824801A0E4D02FAE32D238C3FE0F3BDC46F566AA91C5D8
train_v01_clear_high,train,1,40,C:\Users\lab\Counterfactual-XAI-Verifier\experiments\yolov8_search_comparison\training\yolov8s_sim_20260902\dataset\images\train\train_v01_clear_high__frame_0040.jpg,C:\Users\lab\Counterfactual-XAI-Verifier\experiments\yolov8_search_comparison\training\yolov8s_sim_20260902\dataset\labels\train\train_v01_clear_high__frame_0040.txt,40519B35F31D4C734EEAD3B0F1D5585DDCD2D6D13AAF2DA5777534AD0FD22474,2,0,2409E0601500A561123C10D047731B081EB04F177103E435CE5F9D575D0172FE
train_v01_clear_high,train,1,43,C:\Users\lab\Counterfactual-XAI-Verifier\experiments\yolov8_search_comparison\training\yolov8s_sim_20260902\dataset\images\train\train_v01_clear_high__frame_0043.jpg,C:\Users\lab\Counterfactual-XAI-Verifier\experiments\yolov8_search_comparison\training\yolov8s_sim_20260902\dataset\labels\train\train_v01_clear_high__frame_0043.txt,7447CCED06408182F696619366922EEAFCA6C1F38B91C5F50D6BA8912093C6ED,2,0,9F5AB23DD2687C66FCD4C55D28DA1153F85F59CF2FEBB5E56CADFE8AE8C38223
train_v01_clear_high,train,1,46,C:\Users\lab\Counterfactual-XAI-Verifier\experiments\yolov8_search_comparison\training\yolov8s_sim_20260902\dataset\images\train\train_v01_clear_high__frame_0046.jpg,C:\Users\lab\Counterfactual-XAI-Verifier\experiments\yolov8_search_comparison\training\yolov8s_sim_20260902\dataset\labels\train\train_v01_clear_high__frame_0046.txt,118C48AB7EC92C258D27B7E699FC56FEF7D539DE79C627077DD174490BFBE694,2,1,895CBCA57BE3289EEC0A1F4E7C204EECD817D75824E308F6546634D999333839
train_v01_clear_high,train,1,49,C:\Users\lab\Counterfactual-XAI-Verifier\experiments\yolov8_search_comparison\training\yolov8s_sim_20260902\dataset\images\train\train_v01_clear_high__frame_0049.jpg,C:\Users\lab\Counterfactual-XAI-Verifier\experiments\yolov8_search_comparison\training\yolov8s_sim_20260902\dataset\labels\train\train_v01_clear_high__frame_0049.txt,FC0FD71970925B8C17E7938A0D0AB426BF9D70B9AA4303D59DEF723402070E74,2,1,D63673D005C0BC4D3E25F131B31E057412B7E0D8A4C6614DD6FC4F513AB842A6
train_v01_clear_high,train,1,52,C:\Users\lab\Counterfactual-XAI-Verifier\experiments\yolov8_search_comparison\training\yolov8s_sim_20260902\dataset\images\train\train_v01_clear_high__frame_0052.jpg,C:\Users\lab\Counterfactual-XAI-Verifier\experiments\yolov8_search_comparison\training\yolov8s_sim_20260902\dataset\labels\train\train_v01_clear_high__frame_0052.txt,2C96E802DFE58EEC4FF86D63E9C8E30F6C52E662064C434A585F39EC72E86CFC,1,1,A6562EE00C329BCDCC3C6E01CFF881C3BA3A97EBCDEB8BED29AC4868E1CE79F5
train_v01_clear_high,train,1,55,C:\Users\lab\Counterfactual-XAI-Verifier\experiments\yolov8_search_comparison\training\yolov8s_sim_20260902\dataset\images\train\train_v01_clear_high__frame_0055.jpg,C:\Users\lab\Counterfactual-XAI-Verifier\experiments\yolov8_search_comparison\training\yolov8s_sim_20260902\dataset\labels\train\train_v01_clear_high__frame_0055.txt,FE68D99AC23FB891689F8CB2E59546AE15888860BFD6D03FD5010A2DA51BE7D9,1,1,E630583EB187F6D0AB5EBD6704383664564578117734371F96DA51FA56676309
train_v01_clear_high,train,1,58,C:\Users\lab\Counterfactual-XAI-Verifier\experiments\yolov8_search_comparison\training\yolov8s_sim_20260902\dataset\images\train\train_v01_clear_high__frame_0058.jpg,C:\Users\lab\Counterfactual-XAI-Verifier\experiments\yolov8_search_comparison\training\yolov8s_sim_20260902\dataset\labels\train\train_v01_clear_high__frame_0058.txt,962D565A155832349E7A486DC280007DC9AC35098AB84B978F80AE2510713A6D,1,1,4828771971895125F075AE015429A3C7D35AD52C9332450056F0C215483B98CA
train_v01_clear_high,train,1,61,C:\Users\lab\Counterfactual-XAI-Verifier\experiments\yolov8_search_comparison\training\yolov8s_sim_20260902\dataset\images\train\train_v01_clear_high__frame_0061.jpg,C:\Users\lab\Counterfactual-XAI-Verifier\experiments\yolov8_search_comparison\training\yolov8s_sim_20260902\dataset\labels\train\train_v01_clear_high__frame_0061.txt,93D243453410A5AB88726F7A87CAFD5162E1376D63FE386857FD0A3BC1B7A3E8,1,1,774153DD8E07F639B7248589F89B999A17C4515FE194D562EC2BF3C4746A9932
train_v01_clear_high,train,1,64,C:\Users\lab\Counterfactual-XAI-Verifier\experiments\yolov8_search_comparison\training\yolov8s_sim_20260902\dataset\images\train\train_v01_clear_high__frame_0064.jpg,C:\Users\lab\Counterfactual-XAI-Verifier\experiments\yolov8_search_comparison\training\yolov8s_sim_20260902\dataset\labels\train\train_v01_clear_high__frame_0064.txt,621F03B086B9F40DD0BF88DA0B70CE6B57B5F89E3F2AED13005766580450BB1E,1,1,BA0997188726FF2E4FC0ED2B8F10CCC841D0BD14F3049E5D4EE71A353876A105
train_v01_clear_high,train,1,67,C:\Users\lab\Counterfactual-XAI-Verifier\experiments\yolov8_search_comparison\training\yolov8s_sim_20260902\dataset\images\train\train_v01_clear_high__frame_0067.jpg,C:\Users\lab\Counterfactual-XAI-Verifier\experiments\yolov8_search_comparison\training\yolov8s_sim_20260902\dataset\labels\train\train_v01_clear_high__frame_0067.txt,67187423417E391D18D4678C977CAA95A5E8F2E85CD23D6C4C3EB5C978AC8509,1,1,F1BEC3F4F8C4C41DDF10B9371E28FE34FBDF1467D21C3CEA585B27A6BE014C65
train_v01_clear_high,train,1,70,C:\Users\lab\Counterfactual-XAI-Verifier\experiments\yolov8_search_comparison\training\yolov8s_sim_20260902\dataset\images\train\train_v01_clear_high__frame_0070.jpg,C:\Users\lab\Counterfactual-XAI-Verifier\experiments\yolov8_search_comparison\training\yolov8s_sim_20260902\dataset\labels\train\train_v01_clear_high__frame_0070.txt,FDE9BD82CC562C5E702DDEB3B4B7863DD60F5168E0DF5DAC8183CA71CCF09576,1,1,4EE7158731E07713B36AF572CF2FEFCACBFECD3895ECFCC73C8EC895B67D9C47
train_v01_clear_high,train,1,73,C:\Users\lab\Counterfactual-XAI-Verifier\experiments\yolov8_search_comparison\training\yolov8s_sim_20260902\dataset\images\train\train_v01_clear_high__frame_0073.jpg,C:\Users\lab\Counterfactual-XAI-Verifier\experiments\yolov8_search_comparison\training\yolov8s_sim_20260902\dataset\labels\train\train_v01_clear_high__frame_0073.txt,C68B252ADC8981C6C496B62825A4F4D58CF202475121C9F9641423C26025C996,0,1,8CDE2C04E05F9FD7CCF44550A51EAA03616398726C6F908627B18765427E4733
train_v01_clear_high,train,1,76,C:\Users\lab\Counterfactual-XAI-Verifier\experiments\yolov8_search_comparison\training\yolov8s_sim_20260902\dataset\images\train\train_v01_clear_high__frame_0076.jpg,C:\Users\lab\Counterfactual-XAI-Verifier\experiments\yolov8_search_comparison\training\yolov8s_sim_20260902\dataset\labels\train\train_v01_clear_high__frame_0076.txt,41C9D579168F0256554E4767DF2A6FBC8C8CA39D27CFB4B6197A0F9653F76767,0,1,069C304E880BAAA515015742B9AD3DC4EE90FE49E746C3A39628CA9FFC1C859A
train_v01_clear_high,train,1,79,C:\Users\lab\Counterfactual-XAI-Verifier\experiments\yolov8_search_comparison\training\yolov8s_sim_20260902\dataset\images\train\train_v01_clear_high__frame_0079.jpg,C:\Users\lab\Counterfactual-XAI-Verifier\experiments\yolov8_search_comparison\training\yolov8s_sim_20260902\dataset\labels\train\train_v01_clear_high__frame_0079.txt,5C7C55971CCBD26CC1AB467E3E1A69CF3D99080B974A53B664C713E02F000CED,0,1,D79C90D15B181BCBEC5CD900D692552276AB0D7D871E87AFFFD1C93719AC4D48
train_v01_clear_high,train,1,82,C:\Users\lab\Counterfactual-XAI-Verifier\experiments\yolov8_search_comparison\training\yolov8s_sim_20260902\dataset\images\train\train_v01_clear_high__frame_0082.jpg,C:\Users\lab\Counterfactual-XAI-Verifier\experiments\yolov8_search_comparison\training\yolov8s_sim_20260902\dataset\labels\train\train_v01_clear_high__frame_0082.txt,C85BA6C7AA5F207995811F74D82B22611AF605596C0BF9B496B7BE6F3DDAEA9F,0,1,A35ADA444513DD6FFF94544DD4EA5E867C694721973E3077CDFAC10222F929AE
train_v01_clear_high,train,1,85,C:\Users\lab\Counterfactual-XAI-Verifier\experiments\yolov8_search_comparison\training\yolov8s_sim_20260902\dataset\images\train\train_v01_clear_high__frame_0085.jpg,C:\Users\lab\Counterfactual-XAI-Verifier\experiments\yolov8_search_comparison\training\yolov8s_sim_20260902\dataset\labels\train\train_v01_clear_high__frame_0085.txt,73157059BCB5FA9558D960DEAB28761030AB3410022DBFDEFD16F0DC14470D2A,0,2,F4A8611118F1FA55AB51A3C179CB94214AA5E533B6F3BBAF9918B3ED5D948C98
train_v01_clear_high,train,1,88,C:\Users\lab\Counterfactual-XAI-Verifier\experiments\yolov8_search_comparison\training\yolov8s_sim_20260902\dataset\images\train\train_v01_clear_high__frame_0088.jpg,C:\Users\lab\Counterfactual-XAI-Verifier\experiments\yolov8_search_comparison\training\yolov8s_sim_20260902\dataset\labels\train\train_v01_clear_high__frame_0088.txt,F4207935054C96399E07CB70302EAD546E9C4C35C072C9921312AA588328E4B4,0,2,3C79CFBC8340935006DE0C0FA35B7015EF8EC84355E439FDC4A1081F9575B851
train_v01_clear_high,train,1,91,C:\Users\lab\Counterfactual-XAI-Verifier\experiments\yolov8_search_comparison\training\yolov8s_sim_20260902\dataset\images\train\train_v01_clear_high__frame_0091.jpg,C:\Users\lab\Counterfactual-XAI-Verifier\experiments\yolov8_search_comparison\training\yolov8s_sim_20260902\dataset\labels\train\train_v01_clear_high__frame_0091.txt,89F346D9A15AB86A2FBE170B61AE5B9C5999D58D77E219F2664BAE2767F68F07,0,2,25F8AD8E792B8C189BFA967A04FAAB05F9EC1817FFCE4BD1AAE02AC6A8D7A21D
train_v01_clear_high,train,1,94,C:\Users\lab\Counterfactual-XAI-Verifier\experiments\yolov8_search_comparison\training\yolov8s_sim_20260902\dataset\images\train\train_v01_clear_high__frame_0094.jpg,C:\Users\lab\Counterfactual-XAI-Verifier\experiments\yolov8_search_comparison\training\yolov8s_sim_20260902\dataset\labels\train\train_v01_clear_high__frame_0094.txt,4352228A30C146869C3B78516C79B2254D5FCC8EBCF3095B6C14464439DFF08E,0,2,5C242A52391F75A52D2F439769CEC6A5BB2692F6B9FA7B2EE07E6F1B4D128E93
train_v01_clear_high,train,1,97,C:\Users\lab\Counterfactual-XAI-Verifier\experiments\yolov8_search_comparison\training\yolov8s_sim_20260902\dataset\images\train\train_v01_clear_high__frame_0097.jpg,C:\Users\lab\Counterfactual-XAI-Verifier\experiments\yolov8_search_comparison\training\yolov8s_sim_20260902\dataset\labels\train\train_v01_clear_high__frame_0097.txt,482465F543A6A181DDC4EF8B1E98DA0B6F662EDC9684168AE82F0C74798A2FD4,0,2,CC857754606348B40DFAFA22470D7ABA9037C59078C22616F286BD85F03568F4
train_v01_clear_high,train,1,100,C:\Users\lab\Counterfactual-XAI-Verifier\experiments\yolov8_search_comparison\training\yolov8s_sim_20260902\dataset\images\train\train_v01_clear_high__frame_0100.jpg,C:\Users\lab\Counterfactual-XAI-Verifier\experiments\yolov8_search_comparison\training\yolov8s_sim_20260902\dataset\labels\train\train_v01_clear_high__frame_0100.txt,76ADCB09E0E0151E2CAF0DCD865067B23429349D70A624DA5CEA78B9568775C7,0,2,39112E20EA9B0478373B77BD4E442607FB8B213A1E7D3BED9793DE0E5049F1F3
train_v01_clear_high,train,1,103,C:\Users\lab\Counterfactual-XAI-Verifier\experiments\yolov8_search_comparison\training\yolov8s_sim_20260902\dataset\images\train\train_v01_clear_high__frame_0103.jpg,C:\Users\lab\Counterfactual-XAI-Verifier\experiments\yolov8_search_comparison\training\yolov8s_sim_20260902\dataset\labels\train\train_v01_clear_high__frame_0103.txt,C528ABDD3984A0EE473F55046A81E25EC939E3698618A23966110CFFA04376C2,0,2,C1AE7D0539F7E442DD0CB16E08FBFD67A8826CADF8DE34B04B771F3E2F9861CD
train_v01_clear_high,train,1,106,C:\Users\lab\Counterfactual-XAI-Verifier\experiments\yolov8_search_comparison\training\yolov8s_sim_20260902\dataset\images\train\train_v01_clear_high__frame_0106.jpg,C:\Users\lab\Counterfactual-XAI-Verifier\experiments\yolov8_search_comparison\training\yolov8s_sim_20260902\dataset\labels\train\train_v01_clear_high__frame_0106.txt,E045017B0107F3E485BA0B256946EC6CD1D7375897086C7ACCCBB47C36AD9824,0,2,0C3CCD44220DFE84197CC5D09A37AE56076A574558631A07F131F53AF2E41729
train_v01_clear_high,train,1,109,C:\Users\lab\Counterfactual-XAI-Verifier\experiments\yolov8_search_comparison\training\yolov8s_sim_20260902\dataset\images\train\train_v01_clear_high__frame_0109.jpg,C:\Users\lab\Counterfactual-XAI-Verifier\experiments\yolov8_search_comparison\training\yolov8s_sim_20260902\dataset\labels\train\train_v01_clear_high__frame_0109.txt,A389AD2CC62DBCD67888FC020AC4364DCE58D8B1F78307EC47682C05FA13C350,0,2,16CBA216FC8563487E7678B90685ED3B679EA07554112DD9538A3137E420635E
train_v01_clear_high,train,1,112,C:\Users\lab\Counterfactual-XAI-Verifier\experiments\yolov8_search_comparison\training\yolov8s_sim_20260902\dataset\images\train\train_v01_clear_high__frame_0112.jpg,C:\Users\lab\Counterfactual-XAI-Verifier\experiments\yolov8_search_comparison\training\yolov8s_sim_20260902\dataset\labels\train\train_v01_clear_high__frame_0112.txt,1AE4448780DC58B13DB561F0ECCE207871FD09380AC29FC317AEEDA715C60CFE,0,2,98FA8DD12FEA533B0A4158575F32AB4B86FE5BA27FA5C1068D3F29B4CEF141E1
train_v01_clear_high,train,1,115,C:\Users\lab\Counterfactual-XAI-Verifier\experiments\yolov8_search_comparison\training\yolov8s_sim_20260902\dataset\images\train\train_v01_clear_high__frame_0115.jpg,C:\Users\lab\Counterfactual-XAI-Verifier\experiments\yolov8_search_comparison\training\yolov8s_sim_20260902\dataset\labels\train\train_v01_clear_high__frame_0115.txt,40337D27954B586748B1681A268F8D4FA47C9F7EDC266D0D169AFD5958A27531,0,1,CC63FD55825D98BF397404EEF0A4A44332535CBB90CA9849A361051669FA1AD2
train_v01_clear_high,train,1,118,C:\Users\lab\Counterfactual-XAI-Verifier\experiments\yolov8_search_comparison\training\yolov8s_sim_20260902\dataset\images\train\train_v01_clear_high__frame_0118.jpg,C:\Users\lab\Counterfactual-XAI-Verifier\experiments\yolov8_search_comparison\training\yolov8s_sim_20260902\dataset\labels\train\train_v01_clear_high__frame_0118.txt,49E99A2B4399CAE16F8200039402B462D38D5C3522CBDA1573B83BCFCE56FA13,0,1,6F59EC0C813EFF8DA28005F2AF58942D238268C4D6FB27809D328200D0A41308
train_v01_clear_high,train,1,121,C:\Users\lab\Counterfactual-XAI-Verifier\experiments\yolov8_search_comparison\training\yolov8s_sim_20260902\dataset\images\train\train_v01_clear_high__frame_0121.jpg,C:\Users\lab\Counterfactual-XAI-Verifier\experiments\yolov8_search_comparison\training\yolov8s_sim_20260902\dataset\labels\train\train_v01_clear_high__frame_0121.txt,28B8963F03EC7FC1DBE5FD828188C230477F5AC8B1EB8B2FE07373BE4F66F944,0,1,116B2E4CC3DF63E8B77A8194BEEE7A4F9A6CCACA21593F7283181E8043F6E34E
train_v01_clear_high,train,1,124,C:\Users\lab\Counterfactual-XAI-Verifier\experiments\yolov8_search_comparison\training\yolov8s_sim_20260902\dataset\images\train\train_v01_clear_high__frame_0124.jpg,C:\Users\lab\Counterfactual-XAI-Verifier\experiments\yolov8_search_comparison\training\yolov8s_sim_20260902\dataset\labels\train\train_v01_clear_high__frame_0124.txt,FF13903F4DAC524BE2F725443CA7BEB0CE9E579D3E853B9079EC42B05B5343CC,0,1,F384F9760DB13BFEF59171BB0AA9662BC38E59B0B6D64FC9DDAAFE2A68011302
train_v01_clear_high,train,1,127,C:\Users\lab\Counterfactual-XAI-Verifier\experiments\yolov8_search_comparison\training\yolov8s_sim_20260902\dataset\images\train\train_v01_clear_high__frame_0127.jpg,C:\Users\lab\Counterfactual-XAI-Verifier\experiments\yolov8_search_comparison\training\yolov8s_sim_20260902\dataset\labels\train\train_v01_clear_high__frame_0127.txt,E9926E526B09F3E75A8C6A911275C602092C11CFFAADC283BD5E8BA0B4877B24,0,1,4C4D3DD4F3B5C9C42D5277331A66860D4B45C5CF979A54615BA50FBE89CD8B4D
train_v01_clear_high,train,1,130,C:\Users\lab\Counterfactual-XAI-Verifier\experiments\yolov8_search_comparison\training\yolov8s_sim_20260902\dataset\images\train\train_v01_clear_high__frame_0130.jpg,C:\Users\lab\Counterfactual-XAI-Verifier\experiments\yolov8_search_comparison\training\yolov8s_sim_20260902\dataset\labels\train\train_v01_clear_high__frame_0130.txt,A0AE09FFCD9AD1F48E40935BF789EEE9FA1AB1E1F34728D38F19EC2D2408FD94,0,1,8E8F0577DEBA14F27F396BAC40A5808F27F7CDFC050C9E36D29BF7CD45FA4B83
train_v01_clear_high,train,1,133,C:\Users\lab\Counterfactual-XAI-Verifier\experiments\yolov8_search_comparison\training\yolov8s_sim_20260902\dataset\images\train\train_v01_clear_high__frame_0133.jpg,C:\Users\lab\Counterfactual-XAI-Verifier\experiments\yolov8_search_comparison\training\yolov8s_sim_20260902\dataset\labels\train\train_v01_clear_high__frame_0133.txt,E750C56C6A64155B3EDEA6EAC5DDB7B4CF635FBD1D4377199716B1BB7C59076B,0,1,7C22622657DF27C3951522CC6131350903E1C336BAF5C1AB9CCEA20818AE6A2A
train_v01_clear_high,train,1,136,C:\Users\lab\Counterfactual-XAI-Verifier\experiments\yolov8_search_comparison\training\yolov8s_sim_20260902\dataset\images\train\train_v01_clear_high__frame_0136.jpg,C:\Users\lab\Counterfactual-XAI-Verifier\experiments\yolov8_search_comparison\training\yolov8s_sim_20260902\dataset\labels\train\train_v01_clear_high__frame_0136.txt,D7817DD2FF60288E2253259D11F28A1CA987837B6A09EEA1A5879014168BC227,0,1,4E35515D93BF536A7312247623B972534A8E00964DF9165880EDE1CA0FB55187
train_v01_clear_high,train,1,139,C:\Users\lab\Counterfactual-XAI-Verifier\experiments\yolov8_search_comparison\training\yolov8s_sim_20260902\dataset\images\train\train_v01_clear_high__frame_0139.jpg,C:\Users\lab\Counterfactual-XAI-Verifier\experiments\yolov8_search_comparison\training\yolov8s_sim_20260902\dataset\labels\train\train_v01_clear_high__frame_0139.txt,DACB40E9748E7F529F892BA833045FF1F49A94B36CDAB263FBCD4484DB4A670E,0,1,752BA529282F6C0A3F9EEB0E9940B1CE5FE4C0B6EC267E5938962F858050AED5
train_v01_clear_high,train,1,142,C:\Users\lab\Counterfactual-XAI-Verifier\experiments\yolov8_search_comparison\training\yolov8s_sim_20260902\dataset\images\train\train_v01_clear_high__frame_0142.jpg,C:\Users\lab\Counterfactual-XAI-Verifier\experiments\yolov8_search_comparison\training\yolov8s_sim_20260902\dataset\labels\train\train_v01_clear_high__frame_0142.txt,A0921B5DA5D76C387B42E76DBAF0FFB1F15D67C7D914C82221A314BB40B29EC6,0,1,01D18735960DEEED69EB7410D0A309759D3451DBBFF2855E66CADA7CCB239DDA
train_v01_clear_high,train,1,145,C:\Users\lab\Counterfactual-XAI-Verifier\experiments\yolov8_search_comparison\training\yolov8s_sim_20260902\dataset\images\train\train_v01_clear_high__frame_0145.jpg,C:\Users\lab\Counterfactual-XAI-Verifier\experiments\yolov8_search_comparison\training\yolov8s_sim_20260902\dataset\labels\train\train_v01_clear_high__frame_0145.txt,2422738C93F279FB59970C9698483C8893AFA859F7DBC9DFE1D9569D291EED15,0,1,84E1BD73A30B59FCF9ADA0ED7F62F38FC0A6568C7245398030A0071FD04D1D6D
train_v01_clear_high,train,1,148,C:\Users\lab\Counterfactual-XAI-Verifier\experiments\yolov8_search_comparison\training\yolov8s_sim_20260902\dataset\images\train\train_v01_clear_high__frame_0148.jpg,C:\Users\lab\Counterfactual-XAI-Verifier\experiments\yolov8_search_comparison\training\yolov8s_sim_20260902\dataset\labels\train\train_v01_clear_high__frame_0148.txt,F5FF3BCAFC8E1B9B1FCA92DE851F7CB040D7F57AB09270881809F3569A12BC41,0,1,04D88C737FF5C5D19ECC5961E8FD91C4306D257D7BF49BE19A63FF1D35609265
train_v01_clear_high,train,1,151,C:\Users\lab\Counterfactual-XAI-Verifier\experiments\yolov8_search_comparison\training\yolov8s_sim_20260902\dataset\images\train\train_v01_clear_high__frame_0151.jpg,C:\Users\lab\Counterfactual-XAI-Verifier\experiments\yolov8_search_comparison\training\yolov8s_sim_20260902\dataset\labels\train\train_v01_clear_high__frame_0151.txt,78AB9B8DC023896C2ECDFC4ABA7532DF3E6E7AD802FF803953895B38DF6A932D,0,1,75751D7667CFE1A06EB29E71D17BE00576F0B3673938BE6009EC65361DC149D8
train_v01_clear_high,train,1,154,C:\Users\lab\Counterfactual-XAI-Verifier\experiments\yolov8_search_comparison\training\yolov8s_sim_20260902\dataset\images\train\train_v01_clear_high__frame_0154.jpg,C:\Users\lab\Counterfactual-XAI-Verifier\experiments\yolov8_search_comparison\training\yolov8s_sim_20260902\dataset\labels\train\train_v01_clear_high__frame_0154.txt,8A3AA8807E0630B7B77E6185C33E8F2F4850AC1300C4413D487053E9E7C7527C,0,0,7AF0668E8136CD0063A5B7BF58799A174683FCFA7CC50772E13FBF0901076726
train_v01_clear_high,train,1,157,C:\Users\lab\Counterfactual-XAI-Verifier\experiments\yolov8_search_comparison\training\yolov8s_sim_20260902\dataset\images\train\train_v01_clear_high__frame_0157.jpg,C:\Users\lab\Counterfactual-XAI-Verifier\experiments\yolov8_search_comparison\training\yolov8s_sim_20260902\dataset\labels\train\train_v01_clear_high__frame_0157.txt,E64F822AC0F7DB6C4889F7BDCE5C3D258AC535F2519966C5BCA0299660BB2944,0,0,A8E27B424DBB7B8866931FCE81876AC719986595A8E6627127FAF6091E7D5C2B
train_v01_clear_high,train,1,160,C:\Users\lab\Counterfactual-XAI-Verifier\experiments\yolov8_search_comparison\training\yolov8s_sim_20260902\dataset\images\train\train_v01_clear_high__frame_0160.jpg,C:\Users\lab\Counterfactual-XAI-Verifier\experiments\yolov8_search_comparison\training\yolov8s_sim_20260902\dataset\labels\train\train_v01_clear_high__frame_0160.txt,EC190D1D180CB31795E863EA517A2DED9B707736456C4AEFC109F63BA2465D82,0,0,E7A6B72E4DF0DD1C751017032F4EFD39F427C787F004A65CA2D661C9FD914EA2
train_v01_clear_high,train,1,163,C:\Users\lab\Counterfactual-XAI-Verifier\experiments\yolov8_search_comparison\training\yolov8s_sim_20260902\dataset\images\train\train_v01_clear_high__frame_0163.jpg,C:\Users\lab\Counterfactual-XAI-Verifier\experiments\yolov8_search_comparison\training\yolov8s_sim_20260902\dataset\labels\train\train_v01_clear_high__frame_0163.txt,AC0A03095C53A3921EDBBDEFA165C79047C0FB0BD87A81A73E1623753AB8FFE6,0,0,19CE8CC57955F58A90E2552B3B4FA09FCEE88D306EEDCBA9F19983B2D2F7ECA3
train_v01_clear_high,train,1,166,C:\Users\lab\Counterfactual-XAI-Verifier\experiments\yolov8_search_comparison\training\yolov8s_sim_20260902\dataset\images\train\train_v01_clear_high__frame_0166.jpg,C:\Users\lab\Counterfactual-XAI-Verifier\experiments\yolov8_search_comparison\training\yolov8s_sim_20260902\dataset\labels\train\train_v01_clear_high__frame_0166.txt,6EC9244F40B965CB7CDBA1BEDF769156B47AD517043CE1852BBC90E2B360979E,0,0,10D86D62AF257AD5E613DE5F76F69F34ACC06901DC0561BE09290F1E0CBE2457
train_v01_clear_high,train,1,169,C:\Users\lab\Counterfactual-XAI-Verifier\experiments\yolov8_search_comparison\training\yolov8s_sim_20260902\dataset\images\train\train_v01_clear_high__frame_0169.jpg,C:\Users\lab\Counterfactual-XAI-Verifier\experiments\yolov8_search_comparison\training\yolov8s_sim_20260902\dataset\labels\train\train_v01_clear_high__frame_0169.txt,DAC740061E9EFEB307369679F3DC22CDE655A3090330B424A6FFE4C778CD9EF0,0,0,AADB819E192095EE7299D578A334061D38DD6DD69B5E474D21C68D9E7FA8D1AC
train_v01_clear_high,train,1,172,C:\Users\lab\Counterfactual-XAI-Verifier\experiments\yolov8_search_comparison\training\yolov8s_sim_20260902\dataset\images\train\train_v01_clear_high__frame_0172.jpg,C:\Users\lab\Counterfactual-XAI-Verifier\experiments\yolov8_search_comparison\training\yolov8s_sim_20260902\dataset\labels\train\train_v01_clear_high__frame_0172.txt,D94875D6F9EAD52FE778B8C0882CBC1161A767DC4BAE4558C4840B0076AD8222,0,0,463F38EA56133BEF07BEA693CAC6E4BBEE71229F6D25F715E12956020BB10A8C
train_v01_clear_high,train,1,175,C:\Users\lab\Counterfactual-XAI-Verifier\experiments\yolov8_search_comparison\training\yolov8s_sim_20260902\dataset\images\train\train_v01_clear_high__frame_0175.jpg,C:\Users\lab\Counterfactual-XAI-Verifier\experiments\yolov8_search_comparison\training\yolov8s_sim_20260902\dataset\labels\train\train_v01_clear_high__frame_0175.txt,875B93DFD9DA5C21A84E71FFB2180C5C44AEED2194FBB3FA4FA2335D2C645B1C,0,0,2418708F7E12A26DE91C1B8EEF004B4D88C66DB310EA4E42AC972CE4FBA9EDE6
train_v01_clear_high,train,1,178,C:\Users\lab\Counterfactual-XAI-Verifier\experiments\yolov8_search_comparison\training\yolov8s_sim_20260902\dataset\images\train\train_v01_clear_high__frame_0178.jpg,C:\Users\lab\Counterfactual-XAI-Verifier\experiments\yolov8_search_comparison\training\yolov8s_sim_20260902\dataset\labels\train\train_v01_clear_high__frame_0178.txt,B0B62FE1948A9AF4825349A6699F9D6F3F7B30BD36912404F2014C405F0A8D64,0,0,62292969926D1BF57EB8B2615F2512FBD6706B9E803A4A67EF3ABD070AAF117C
train_v01_clear_high,train,1,181,C:\Users\lab\Counterfactual-XAI-Verifier\experiments\yolov8_search_comparison\training\yolov8s_sim_20260902\dataset\images\train\train_v01_clear_high__frame_0181.jpg,C:\Users\lab\Counterfactual-XAI-Verifier\experiments\yolov8_search_comparison\training\yolov8s_sim_20260902\dataset\labels\train\train_v01_clear_high__frame_0181.txt,4318BC4D25DF278312FA24E9CD222DF72CF54E9D5FE883B5D5499B072449D38F,0,0,88DEB663739A61DCA9A65647CE9ECA7FCDFF2C3C0C98DAD1C6C3CBF91D46B759
train_v02_clear,train,2,1,C:\Users\lab\Counterfactual-XAI-Verifier\experiments\yolov8_search_comparison\training\yolov8s_sim_20260902\dataset\images\train\train_v02_clear__frame_0001.jpg,C:\Users\lab\Counterfactual-XAI-Verifier\experiments\yolov8_search_comparison\training\yolov8s_sim_20260902\dataset\labels\train\train_v02_clear__frame_0001.txt,DFB0377A6E855267413B105951F360C6B5C3BCCCC75FD81DAD05B29BB2E10A6B,2,0,120FA00A89BED0EF5103018E0670E1CC71D5EBCBACC1EC2159B65A8B527EAA45
train_v02_clear,train,2,4,C:\Users\lab\Counterfactual-XAI-Verifier\experiments\yolov8_search_comparison\training\yolov8s_sim_20260902\dataset\images\train\train_v02_clear__frame_0004.jpg,C:\Users\lab\Counterfactual-XAI-Verifier\experiments\yolov8_search_comparison\training\yolov8s_sim_20260902\dataset\labels\train\train_v02_clear__frame_0004.txt,22BCD8737D70FE1538C62849B27707EC07677CF2C64D8B6CDBFA559381444111,2,0,2D00A010FABD137FE854121BB7F1CA995A6A3900533074B31EC7D01EA1537A3F
train_v02_clear,train,2,7,C:\Users\lab\Counterfactual-XAI-Verifier\experiments\yolov8_search_comparison\training\yolov8s_sim_20260902\dataset\images\train\train_v02_clear__frame_0007.jpg,C:\Users\lab\Counterfactual-XAI-Verifier\experiments\yolov8_search_comparison\training\yolov8s_sim_20260902\dataset\labels\train\train_v02_clear__frame_0007.txt,CEC9CBBA6AE088FF4A2FEA9177BAA05DF7E354350B31AFBF3FE342FDAD7C9461,2,0,8CABE2BD308582D1A3D5889EB25461C3F36FC6739E8F5AD9AF36239E17318B36
train_v02_clear,train,2,10,C:\Users\lab\Counterfactual-XAI-Verifier\experiments\yolov8_search_comparison\training\yolov8s_sim_20260902\dataset\images\train\train_v02_clear__frame_0010.jpg,C:\Users\lab\Counterfactual-XAI-Verifier\experiments\yolov8_search_comparison\training\yolov8s_sim_20260902\dataset\labels\train\train_v02_clear__frame_0010.txt,294752EE9C596C30A8E1D8106065825279C3E74DD81395300F418C325107584D,2,0,3BF422ADC6BD860714948F5EC6BB58B9EF1D3726BBF42A425B1C86D40F5203F4
train_v02_clear,train,2,13,C:\Users\lab\Counterfactual-XAI-Verifier\experiments\yolov8_search_comparison\training\yolov8s_sim_20260902\dataset\images\train\train_v02_clear__frame_0013.jpg,C:\Users\lab\Counterfactual-XAI-Verifier\experiments\yolov8_search_comparison\training\yolov8s_sim_20260902\dataset\labels\train\train_v02_clear__frame_0013.txt,4ABCD82B29E7DB893FC19F4C2ECD592FF48367AD6A0263AFA1506B3789C0D6FA,2,0,CD35242299F8B9D2BB98F62CDD41F3F4100DC1919AFC535022CFBA8ED8BD5FDA
train_v02_clear,train,2,16,C:\Users\lab\Counterfactual-XAI-Verifier\experiments\yolov8_search_comparison\training\yolov8s_sim_20260902\dataset\images\train\train_v02_clear__frame_0016.jpg,C:\Users\lab\Counterfactual-XAI-Verifier\experiments\yolov8_search_comparison\training\yolov8s_sim_20260902\dataset\labels\train\train_v02_clear__frame_0016.txt,12E11849063F1C5CF8B747DB353152A8D3072D9C97A88A08986C07AA50CD7194,2,0,2518AFC3AD0F72CFF9C1DBE0C34EB1E2507D31D039B7645953D4E6AC98CA0BA4
train_v02_clear,train,2,19,C:\Users\lab\Counterfactual-XAI-Verifier\experiments\yolov8_search_comparison\training\yolov8s_sim_20260902\dataset\images\train\train_v02_clear__frame_0019.jpg,C:\Users\lab\Counterfactual-XAI-Verifier\experiments\yolov8_search_comparison\training\yolov8s_sim_20260902\dataset\labels\train\train_v02_clear__frame_0019.txt,83C05DF91939275E8272B09333B82D42C8CC234F60F2D62E21D82EC7FBCDCDDF,1,0,4028F77C17CC2C083AD9555C25B263284A5F596BCA050DDA6A886DB6B9AA1B15
train_v02_clear,train,2,22,C:\Users\lab\Counterfactual-XAI-Verifier\experiments\yolov8_search_comparison\training\yolov8s_sim_20260902\dataset\images\train\train_v02_clear__frame_0022.jpg,C:\Users\lab\Counterfactual-XAI-Verifier\experiments\yolov8_search_comparison\training\yolov8s_sim_20260902\dataset\labels\train\train_v02_clear__frame_0022.txt,31E754FAC66DEC6786F2BE049EFFCD15AEAA8C630BC29DE6033BB6F9DF2C895D,1,0,54B945B17771BDC2714BE0B6D894DCF33B73212864A3CED439A7F77CE719FC3E
train_v02_clear,train,2,25,C:\Users\lab\Counterfactual-XAI-Verifier\experiments\yolov8_search_comparison\training\yolov8s_sim_20260902\dataset\images\train\train_v02_clear__frame_0025.jpg,C:\Users\lab\Counterfactual-XAI-Verifier\experiments\yolov8_search_comparison\training\yolov8s_sim_20260902\dataset\labels\train\train_v02_clear__frame_0025.txt,E2DF2C11E4172AD80DF3F03ACB868513856433C3C448FE19C424893DF81C758F,1,0,8907687367FDEA457D2465715CCCA820F22883CBFEF59D268E61E960535A1073
train_v02_clear,train,2,28,C:\Users\lab\Counterfactual-XAI-Verifier\experiments\yolov8_search_comparison\training\yolov8s_sim_20260902\dataset\images\train\train_v02_clear__frame_0028.jpg,C:\Users\lab\Counterfactual-XAI-Verifier\experiments\yolov8_search_comparison\training\yolov8s_sim_20260902\dataset\labels\train\train_v02_clear__frame_0028.txt,423E395CEBC7A3C8525794B44766E1F9A020AC858D0A0D89FBBE3E7E395273AF,1,0,82FDE7D911494C351CA80700720D35E95E73A1D82419FA08E187DEB27BB8E1BD
train_v02_clear,train,2,31,C:\Users\lab\Counterfactual-XAI-Verifier\experiments\yolov8_search_comparison\training\yolov8s_sim_20260902\dataset\images\train\train_v02_clear__frame_0031.jpg,C:\Users\lab\Counterfactual-XAI-Verifier\experiments\yolov8_search_comparison\training\yolov8s_sim_20260902\dataset\labels\train\train_v02_clear__frame_0031.txt,E9E3C5B4BE1003A4920693DEDA5B2EAF7EB2076F6576B469A168C2E207FDFA36,1,0,8E41834F85A8FDEE6801F0F51AFD75C65C5C818C3438C1E8CEE1B63E9A1C9C7E
train_v02_clear,train,2,34,C:\Users\lab\Counterfactual-XAI-Verifier\experiments\yolov8_search_comparison\training\yolov8s_sim_20260902\dataset\images\train\train_v02_clear__frame_0034.jpg,C:\Users\lab\Counterfactual-XAI-Verifier\experiments\yolov8_search_comparison\training\yolov8s_sim_20260902\dataset\labels\train\train_v02_clear__frame_0034.txt,5C8CAA30E04755617E3291F184C581A99965C9D26815022E678B64FD35070AF1,2,0,D54EE1840E06FB9F6C7C59E9A122C01DCFB37C37E85B57B97270BDF1C7292F47
train_v02_clear,train,2,37,C:\Users\lab\Counterfactual-XAI-Verifier\experiments\yolov8_search_comparison\training\yolov8s_sim_20260902\dataset\images\train\train_v02_clear__frame_0037.jpg,C:\Users\lab\Counterfactual-XAI-Verifier\experiments\yolov8_search_comparison\training\yolov8s_sim_20260902\dataset\labels\train\train_v02_clear__frame_0037.txt,6729FDF87C2B09C7AE397C82337335B2A6A89B09DB271C4F11749A9F8B442325,2,0,CF4676FC9F265396261BE4E784A4624677158D6F11931278364548C543EF653E
train_v02_clear,train,2,40,C:\Users\lab\Counterfactual-XAI-Verifier\experiments\yolov8_search_comparison\training\yolov8s_sim_20260902\dataset\images\train\train_v02_clear__frame_0040.jpg,C:\Users\lab\Counterfactual-XAI-Verifier\experiments\yolov8_search_comparison\training\yolov8s_sim_20260902\dataset\labels\train\train_v02_clear__frame_0040.txt,A9A96A3025978A6EC55D4FA4B1BD5E217842AB5ED447D2909E4E56E256FAAB0A,2,0,3C2452FE876865F17CB0ECA9EB26D2FE5478CF42CC3892C9012039AE259F190C
train_v02_clear,train,2,43,C:\Users\lab\Counterfactual-XAI-Verifier\experiments\yolov8_search_comparison\training\yolov8s_sim_20260902\dataset\images\train\train_v02_clear__frame_0043.jpg,C:\Users\lab\Counterfactual-XAI-Verifier\experiments\yolov8_search_comparison\training\yolov8s_sim_20260902\dataset\labels\train\train_v02_clear__frame_0043.txt,969BCC6ABFF90764A5D43F341B687372C917B491BAB4F48AE28F3F8AA46BBCB2,2,0,5C9F3132EF131BCFB5F40C2B389D4673F8FCFBB8F95BDDAB30F397F578F40D29
train_v02_clear,train,2,46,C:\Users\lab\Counterfactual-XAI-Verifier\experiments\yolov8_search_comparison\training\yolov8s_sim_20260902\dataset\images\train\train_v02_clear__frame_0046.jpg,C:\Users\lab\Counterfactual-XAI-Verifier\experiments\yolov8_search_comparison\training\yolov8s_sim_20260902\dataset\labels\train\train_v02_clear__frame_0046.txt,361E704BE5AC3C03286A4648BB93F615B7234FD28256E4C89804ED4BE9BCC10A,2,0,9B39A1252DBD7BC50329F6899A4A097EAE4D0660698D648CA1CE89809A62C063
train_v02_clear,train,2,49,C:\Users\lab\Counterfactual-XAI-Verifier\experiments\yolov8_search_comparison\training\yolov8s_sim_20260902\dataset\images\train\train_v02_clear__frame_0049.jpg,C:\Users\lab\Counterfactual-XAI-Verifier\experiments\yolov8_search_comparison\training\yolov8s_sim_20260902\dataset\labels\train\train_v02_clear__frame_0049.txt,A8F1DC1AA6787105E85D89C0445DE5091CEFEA9D8CC784F9AC8C56C5FE8A6572,1,0,F9354C05270E8035B9AC9FD2100A0B184E669A7051CFF364336C7D729DE3A311
train_v02_clear,train,2,52,C:\Users\lab\Counterfactual-XAI-Verifier\experiments\yolov8_search_comparison\training\yolov8s_sim_20260902\dataset\images\train\train_v02_clear__frame_0052.jpg,C:\Users\lab\Counterfactual-XAI-Verifier\experiments\yolov8_search_comparison\training\yolov8s_sim_20260902\dataset\labels\train\train_v02_clear__frame_0052.txt,B868C4DE8440201EA8E1B6C3F55A19BECEE2920D33451604689CE3970DA471C3,1,0,94DF1286B299F8CE551094C350CFABF81DD2F95DEE3E740523E1C34CD377CE86
train_v02_clear,train,2,55,C:\Users\lab\Counterfactual-XAI-Verifier\experiments\yolov8_search_comparison\training\yolov8s_sim_20260902\dataset\images\train\train_v02_clear__frame_0055.jpg,C:\Users\lab\Counterfactual-XAI-Verifier\experiments\yolov8_search_comparison\training\yolov8s_sim_20260902\dataset\labels\train\train_v02_clear__frame_0055.txt,1F748DCB0562D455C239EEF98B5B2F34B4403EFD28E558CDCB9BAA597C4CF2FE,1,1,98D85653F3007D8446961D0B7C591D314123F77A22952A0C49A28ED2448F6381
train_v02_clear,train,2,58,C:\Users\lab\Counterfactual-XAI-Verifier\experiments\yolov8_search_comparison\training\yolov8s_sim_20260902\dataset\images\train\train_v02_clear__frame_0058.jpg,C:\Users\lab\Counterfactual-XAI-Verifier\experiments\yolov8_search_comparison\training\yolov8s_sim_20260902\dataset\labels\train\train_v02_clear__frame_0058.txt,EEE16327DF1FDDC23876F07D2248E3AC93C47434518841E32A26EB48C32FC997,1,1,3718DC24495BF32A743E92E31070B159D37F217273A3FD6F4E85B836FD8CE43A
train_v02_clear,train,2,61,C:\Users\lab\Counterfactual-XAI-Verifier\experiments\yolov8_search_comparison\training\yolov8s_sim_20260902\dataset\images\train\train_v02_clear__frame_0061.jpg,C:\Users\lab\Counterfactual-XAI-Verifier\experiments\yolov8_search_comparison\training\yolov8s_sim_20260902\dataset\labels\train\train_v02_clear__frame_0061.txt,80E8BE83DE805BFB8B2919C811672068260221CE2BBDFD9E5CCFB114916A53B9,1,1,8C200F035F42CC0B774E3CCD733DEAC3B627E33639C06F7B367EEB906E682999
train_v02_clear,train,2,64,C:\Users\lab\Counterfactual-XAI-Verifier\experiments\yolov8_search_comparison\training\yolov8s_sim_20260902\dataset\images\train\train_v02_clear__frame_0064.jpg,C:\Users\lab\Counterfactual-XAI-Verifier\experiments\yolov8_search_comparison\training\yolov8s_sim_20260902\dataset\labels\train\train_v02_clear__frame_0064.txt,66C90C4AF5EB33112287CC61E925D1A40F51F2B8CC07A1F3D4E57912786D366A,1,1,B1E2DCA1B4C6BC407ACDBF600DB7EA8E3C2DF240C29A58AEE3443DF59AAC1D47
train_v02_clear,train,2,67,C:\Users\lab\Counterfactual-XAI-Verifier\experiments\yolov8_search_comparison\training\yolov8s_sim_20260902\dataset\images\train\train_v02_clear__frame_0067.jpg,C:\Users\lab\Counterfactual-XAI-Verifier\experiments\yolov8_search_comparison\training\yolov8s_sim_20260902\dataset\labels\train\train_v02_clear__frame_0067.txt,DC81F5B933D9B2E490C32869C60F3AD64BE9B517435ADE49DFDE7EBF80CBB00D,1,1,A49A1E53986AE2B99BBC4E44902FAFF36703FB030412793E30029C861A20680F
train_v02_clear,train,2,70,C:\Users\lab\Counterfactual-XAI-Verifier\experiments\yolov8_search_comparison\training\yolov8s_sim_20260902\dataset\images\train\train_v02_clear__frame_0070.jpg,C:\Users\lab\Counterfactual-XAI-Verifier\experiments\yolov8_search_comparison\training\yolov8s_sim_20260902\dataset\labels\train\train_v02_clear__frame_0070.txt,256B5283FD3900EA0DC36CF15027405006B94862CB1A17C1A90FEDDE29B99A29,1,1,11EFFD5D165D9337EA0E769D5A21858D049F3A72110CA40FD7C1E0DBC09F33CB
train_v02_clear,train,2,73,C:\Users\lab\Counterfactual-XAI-Verifier\experiments\yolov8_search_comparison\training\yolov8s_sim_20260902\dataset\images\train\train_v02_clear__frame_0073.jpg,C:\Users\lab\Counterfactual-XAI-Verifier\experiments\yolov8_search_comparison\training\yolov8s_sim_20260902\dataset\labels\train\train_v02_clear__frame_0073.txt,58BD62C55F10ADC9A61958F4DDF91A576CC85D49F1D7C4A669AE3002FDA33CC8,0,1,90A96AB0575710171131946E39A3A8D01F0FDF4AED914A139EC488C4E32B1F2A
train_v02_clear,train,2,76,C:\Users\lab\Counterfactual-XAI-Verifier\experiments\yolov8_search_comparison\training\yolov8s_sim_20260902\dataset\images\train\train_v02_clear__frame_0076.jpg,C:\Users\lab\Counterfactual-XAI-Verifier\experiments\yolov8_search_comparison\training\yolov8s_sim_20260902\dataset\labels\train\train_v02_clear__frame_0076.txt,BEC02FAA66C3B84D484A7E2F456DDE750C960A579CA099FC3C2DBAC967FEE6CB,0,1,77B574732B160C885A54B197488DF5FF811DCFE4063A68E011569DAEA1DFD230
train_v02_clear,train,2,79,C:\Users\lab\Counterfactual-XAI-Verifier\experiments\yolov8_search_comparison\training\yolov8s_sim_20260902\dataset\images\train\train_v02_clear__frame_0079.jpg,C:\Users\lab\Counterfactual-XAI-Verifier\experiments\yolov8_search_comparison\training\yolov8s_sim_20260902\dataset\labels\train\train_v02_clear__frame_0079.txt,8B883CEA55DAD7FA0AB39997DF82A7A64BE59046E1743DCDC7C5849098BB0C03,0,1,525840DDD16CCE74326FA1AB770763F46761D5E28D06236808DD37B1CA6A7495
train_v02_clear,train,2,82,C:\Users\lab\Counterfactual-XAI-Verifier\experiments\yolov8_search_comparison\training\yolov8s_sim_20260902\dataset\images\train\train_v02_clear__frame_0082.jpg,C:\Users\lab\Counterfactual-XAI-Verifier\experiments\yolov8_search_comparison\training\yolov8s_sim_20260902\dataset\labels\train\train_v02_clear__frame_0082.txt,593432E6561302C81C1FF56EF91870F31C71EBCFFF70C416E91E11FC3204B75C,0,1,FBB612F6240D5A97DA5FF1DD94E2AE3B5EFF29028D6E8ECBCA07ED6F23ED1993
train_v02_clear,train,2,85,C:\Users\lab\Counterfactual-XAI-Verifier\experiments\yolov8_search_comparison\training\yolov8s_sim_20260902\dataset\images\train\train_v02_clear__frame_0085.jpg,C:\Users\lab\Counterfactual-XAI-Verifier\experiments\yolov8_search_comparison\training\yolov8s_sim_20260902\dataset\labels\train\train_v02_clear__frame_0085.txt,48BB4FA29F6B6713E456FE4FD10FD87D5F570BFB891380AA8FB9B8A49C212525,0,1,A0992BE1EDA93F489DEC96E12824436660D141D71BF74A1A366A1A03CE84A122
train_v02_clear,train,2,88,C:\Users\lab\Counterfactual-XAI-Verifier\experiments\yolov8_search_comparison\training\yolov8s_sim_20260902\dataset\images\train\train_v02_clear__frame_0088.jpg,C:\Users\lab\Counterfactual-XAI-Verifier\experiments\yolov8_search_comparison\training\yolov8s_sim_20260902\dataset\labels\train\train_v02_clear__frame_0088.txt,6E0A1A8D9BA1D0CB468DA647E6B8BEC4ABC06AEDD70FF72DE0BAE2A30242189D,0,1,4A3CF05CA88BA9059F00B4526490D9057C28D347694FE54FCF1608C339D12A02
train_v02_clear,train,2,91,C:\Users\lab\Counterfactual-XAI-Verifier\experiments\yolov8_search_comparison\training\yolov8s_sim_20260902\dataset\images\train\train_v02_clear__frame_0091.jpg,C:\Users\lab\Counterfactual-XAI-Verifier\experiments\yolov8_search_comparison\training\yolov8s_sim_20260902\dataset\labels\train\train_v02_clear__frame_0091.txt,7759687E90DD83784B0BC3BDFD8076F3AA5A49870A704733F2CEF1F8668D6CC8,0,1,B75A099B8A91AC3F94F800BF76CC66032E8BE5B837AC17062E4A78E4F6632E68
train_v02_clear,train,2,94,C:\Users\lab\Counterfactual-XAI-Verifier\experiments\yolov8_search_comparison\training\yolov8s_sim_20260902\dataset\images\train\train_v02_clear__frame_0094.jpg,C:\Users\lab\Counterfactual-XAI-Verifier\experiments\yolov8_search_comparison\training\yolov8s_sim_20260902\dataset\labels\train\train_v02_clear__frame_0094.txt,813639C7ECC282AFCDB35D5C62BF6B47A9210086B518D63E9B9A7DB4C8C5968D,0,2,26BE5B27DCECA1820B4AAB49B96FD8B9E874C56EE1E96BF9BCE1EAAFC6290198
train_v02_clear,train,2,97,C:\Users\lab\Counterfactual-XAI-Verifier\experiments\yolov8_search_comparison\training\yolov8s_sim_20260902\dataset\images\train\train_v02_clear__frame_0097.jpg,C:\Users\lab\Counterfactual-XAI-Verifier\experiments\yolov8_search_comparison\training\yolov8s_sim_20260902\dataset\labels\train\train_v02_clear__frame_0097.txt,17930C648A89D8FFA1B900822F4C264BB37DBB7B27D15A02C8A1782C0B8C1B58,0,2,404398AE4A703F60A4CD9ED47CCF802CF792D31D6E1792279D01DCB30EE5B28F
train_v02_clear,train,2,100,C:\Users\lab\Counterfactual-XAI-Verifier\experiments\yolov8_search_comparison\training\yolov8s_sim_20260902\dataset\images\train\train_v02_clear__frame_0100.jpg,C:\Users\lab\Counterfactual-XAI-Verifier\experiments\yolov8_search_comparison\training\yolov8s_sim_20260902\dataset\labels\train\train_v02_clear__frame_0100.txt,60F56DA9FEE906326058A39B6BF5E5948378105232D2340B692BAC42AC549BA0,0,2,7C71D2E05F9188D34C3FFF5D8954A4231F992B08F4DA4598609442A652485423
train_v02_clear,train,2,103,C:\Users\lab\Counterfactual-XAI-Verifier\experiments\yolov8_search_comparison\training\yolov8s_sim_20260902\dataset\images\train\train_v02_clear__frame_0103.jpg,C:\Users\lab\Counterfactual-XAI-Verifier\experiments\yolov8_search_comparison\training\yolov8s_sim_20260902\dataset\labels\train\train_v02_clear__frame_0103.txt,FAE0D9A596DF42FF7B55543C179014FA148B40DAE97F20F40CD65DB0EB486048,0,2,D001F5F9E2C0DF1EF3EAB92F5F39AF428F2EF5083CF9D406F728F20BBBD8E1AE
train_v02_clear,train,2,106,C:\Users\lab\Counterfactual-XAI-Verifier\experiments\yolov8_search_comparison\training\yolov8s_sim_20260902\dataset\images\train\train_v02_clear__frame_0106.jpg,C:\Users\lab\Counterfactual-XAI-Verifier\experiments\yolov8_search_comparison\training\yolov8s_sim_20260902\dataset\labels\train\train_v02_clear__frame_0106.txt,8363DE3629774F0A0C4E6C527FB7BC7736C36729BDDD88F2EA6CD0E2FE633AF4,0,2,64FCC39F9E437D906AEEF6100BF7D2E50B3F5151BFC511ADF42DB8B05F42A7C7
train_v02_clear,train,2,109,C:\Users\lab\Counterfactual-XAI-Verifier\experiments\yolov8_search_comparison\training\yolov8s_sim_20260902\dataset\images\train\train_v02_clear__frame_0109.jpg,C:\Users\lab\Counterfactual-XAI-Verifier\experiments\yolov8_search_comparison\training\yolov8s_sim_20260902\dataset\labels\train\train_v02_clear__frame_0109.txt,8FF124BECA74692476DE1CC65E2007A0D1300390B5D7DDBE8122918FBB97EFAE,0,2,9D491337F20E92FDDE51F622B61220B4B4EC8D9378FBAB481037083F36D4F86E
train_v02_clear,train,2,112,C:\Users\lab\Counterfactual-XAI-Verifier\experiments\yolov8_search_comparison\training\yolov8s_sim_20260902\dataset\images\train\train_v02_clear__frame_0112.jpg,C:\Users\lab\Counterfactual-XAI-Verifier\experiments\yolov8_search_comparison\training\yolov8s_sim_20260902\dataset\labels\train\train_v02_clear__frame_0112.txt,F6D67267B1407AE9CC28230750D133F4DB377A6B61417E2250D94FCCE58B1374,0,2,E91F26120BC36AF5B9017C27110937F82EDDD0B025D2D36087A845CF82BC69B5
train_v02_clear,train,2,115,C:\Users\lab\Counterfactual-XAI-Verifier\experiments\yolov8_search_comparison\training\yolov8s_sim_20260902\dataset\images\train\train_v02_clear__frame_0115.jpg,C:\Users\lab\Counterfactual-XAI-Verifier\experiments\yolov8_search_comparison\training\yolov8s_sim_20260902\dataset\labels\train\train_v02_clear__frame_0115.txt,C25410C75BC0FB9EA9E6C09770E6AE53F15265D2A2E2B9877AB0B75724DAE490,0,1,FBC64E1AE786CF488F34E22BBAA82FFD680B134A7880C65E597FCB2FA0F8A13E
train_v02_clear,train,2,118,C:\Users\lab\Counterfactual-XAI-Verifier\experiments\yolov8_search_comparison\training\yolov8s_sim_20260902\dataset\images\train\train_v02_clear__frame_0118.jpg,C:\Users\lab\Counterfactual-XAI-Verifier\experiments\yolov8_search_comparison\training\yolov8s_sim_20260902\dataset\labels\train\train_v02_clear__frame_0118.txt,0732FE809110FB05DBCA6C6109BE2212DA1E9F67ACA73AB5FF04BD6A22804B24,0,1,C8EBAEEED280F717CCD3D8B3983779C9AE43CD29753B6BF596743AD815B50936
train_v02_clear,train,2,121,C:\Users\lab\Counterfactual-XAI-Verifier\experiments\yolov8_search_comparison\training\yolov8s_sim_20260902\dataset\images\train\train_v02_clear__frame_0121.jpg,C:\Users\lab\Counterfactual-XAI-Verifier\experiments\yolov8_search_comparison\training\yolov8s_sim_20260902\dataset\labels\train\train_v02_clear__frame_0121.txt,2B7B04D1716B6AC3B25E654B63F878F62B301EA0EC0215DC269E06E86E3B37F1,0,1,0160C22FCA1FE6C680F61B06CD82987763B510D671B8F90D066D7F9F8F5DC3F8
train_v02_clear,train,2,124,C:\Users\lab\Counterfactual-XAI-Verifier\experiments\yolov8_search_comparison\training\yolov8s_sim_20260902\dataset\images\train\train_v02_clear__frame_0124.jpg,C:\Users\lab\Counterfactual-XAI-Verifier\experiments\yolov8_search_comparison\training\yolov8s_sim_20260902\dataset\labels\train\train_v02_clear__frame_0124.txt,4F9FBB6358474221F53EC6CF20BE3175ACA287FED1DDB51340C53D72D330620D,0,1,B4D87C1D17377D611DBBADF886407AD88366F497C9C0C3BF96B3CA9319A10D9F
train_v02_clear,train,2,127,C:\Users\lab\Counterfactual-XAI-Verifier\experiments\yolov8_search_comparison\training\yolov8s_sim_20260902\dataset\images\train\train_v02_clear__frame_0127.jpg,C:\Users\lab\Counterfactual-XAI-Verifier\experiments\yolov8_search_comparison\training\yolov8s_sim_20260902\dataset\labels\train\train_v02_clear__frame_0127.txt,7A211A793DABB50D98BAB0CCE7E025E54876C5B85FC2342153358AC020DF3895,0,1,5FF49E0F851406C7C3A8BC8B02FE605FAD2753B33E9925785C07D61E88E1BC10
train_v02_clear,train,2,130,C:\Users\lab\Counterfactual-XAI-Verifier\experiments\yolov8_search_comparison\training\yolov8s_sim_20260902\dataset\images\train\train_v02_clear__frame_0130.jpg,C:\Users\lab\Counterfactual-XAI-Verifier\experiments\yolov8_search_comparison\training\yolov8s_sim_20260902\dataset\labels\train\train_v02_clear__frame_0130.txt,33B38BB2C239E253AD180521F79E1A2C6ABC43D3FD1062E1157D731720000A26,0,1,230B382A4180E650267C3D04333E98FBE5D19FF4D848A3A28A892AD50EE636BF
train_v02_clear,train,2,133,C:\Users\lab\Counterfactual-XAI-Verifier\experiments\yolov8_search_comparison\training\yolov8s_sim_20260902\dataset\images\train\train_v02_clear__frame_0133.jpg,C:\Users\lab\Counterfactual-XAI-Verifier\experiments\yolov8_search_comparison\training\yolov8s_sim_20260902\dataset\labels\train\train_v02_clear__frame_0133.txt,BAE1406C9F0E57C46F390ED11AB8660E3274EE315D25051D426440D515F0B15A,0,1,3688F4DCED20848AB45D3E0BC05D687AF5C2F272C6FBB40A7541C563E1C50A5F
train_v02_clear,train,2,136,C:\Users\lab\Counterfactual-XAI-Verifier\experiments\yolov8_search_comparison\training\yolov8s_sim_20260902\dataset\images\train\train_v02_clear__frame_0136.jpg,C:\Users\lab\Counterfactual-XAI-Verifier\experiments\yolov8_search_comparison\training\yolov8s_sim_20260902\dataset\labels\train\train_v02_clear__frame_0136.txt,8C1CC5347C1D3B9B036EBA938E6585406C64AE0ED8CA323E7287CF3CF1B299A6,0,1,7CC60F100A7288968EEA10BA0A8AF9B2AED679C06988F8597CF3B08028F08DFD
train_v02_clear,train,2,139,C:\Users\lab\Counterfactual-XAI-Verifier\experiments\yolov8_search_comparison\training\yolov8s_sim_20260902\dataset\images\train\train_v02_clear__frame_0139.jpg,C:\Users\lab\Counterfactual-XAI-Verifier\experiments\yolov8_search_comparison\training\yolov8s_sim_20260902\dataset\labels\train\train_v02_clear__frame_0139.txt,A8278E7796ACF365DD27615AEECEF05F4D9AC2D8F2AF3FC6B13751E430E79425,0,1,0FBD1B84A91C6AF2C705CC3784C2E0CAD9F643F0DA4C4DE0112A20530B49295D
train_v02_clear,train,2,142,C:\Users\lab\Counterfactual-XAI-Verifier\experiments\yolov8_search_comparison\training\yolov8s_sim_20260902\dataset\images\train\train_v02_clear__frame_0142.jpg,C:\Users\lab\Counterfactual-XAI-Verifier\experiments\yolov8_search_comparison\training\yolov8s_sim_20260902\dataset\labels\train\train_v02_clear__frame_0142.txt,0F57BA4DBE83C966C4D0F5D2FFB5A9048A659343E5DF0B45DB26E281CECAB693,0,1,C44023BBB29519809D0D15BAD1E3EC358D50F3EE270022DAAC6A29C1BAA9BB46
train_v02_clear,train,2,145,C:\Users\lab\Counterfactual-XAI-Verifier\experiments\yolov8_search_comparison\training\yolov8s_sim_20260902\dataset\images\train\train_v02_clear__frame_0145.jpg,C:\Users\lab\Counterfactual-XAI-Verifier\experiments\yolov8_search_comparison\training\yolov8s_sim_20260902\dataset\labels\train\train_v02_clear__frame_0145.txt,DF1800BC8F743507BFC2F2EF7013B006469C1AA3951080D0C86751492127B971,0,1,B33D2F8A83EAA8384829182BCF0FC8A0252A2B928993C19A2D339D8D4AF7A826
train_v02_clear,train,2,148,C:\Users\lab\Counterfactual-XAI-Verifier\experiments\yolov8_search_comparison\training\yolov8s_sim_20260902\dataset\images\train\train_v02_clear__frame_0148.jpg,C:\Users\lab\Counterfactual-XAI-Verifier\experiments\yolov8_search_comparison\training\yolov8s_sim_20260902\dataset\labels\train\train_v02_clear__frame_0148.txt,E9EF64580635B52A361802F1C03B072762E3CB9BC97181B2E0FD0B471B8683AA,0,1,2DD66F17CC184FB192313537080E0E3F1D3D8CD4BA248F16DAB9AB0084250171
train_v02_clear,train,2,151,C:\Users\lab\Counterfactual-XAI-Verifier\experiments\yolov8_search_comparison\training\yolov8s_sim_20260902\dataset\images\train\train_v02_clear__frame_0151.jpg,C:\Users\lab\Counterfactual-XAI-Verifier\experiments\yolov8_search_comparison\training\yolov8s_sim_20260902\dataset\labels\train\train_v02_clear__frame_0151.txt,2091559B511403E89FF09EBE585DBFB7E81F0067767017E0E324B90671E6EC13,0,1,869F577BA33A05D045E56E5661B21ED07425EE3F9EF28B07C87D3C9B7FB42893
train_v02_clear,train,2,154,C:\Users\lab\Counterfactual-XAI-Verifier\experiments\yolov8_search_comparison\training\yolov8s_sim_20260902\dataset\images\train\train_v02_clear__frame_0154.jpg,C:\Users\lab\Counterfactual-XAI-Verifier\experiments\yolov8_search_comparison\training\yolov8s_sim_20260902\dataset\labels\train\train_v02_clear__frame_0154.txt,250219C5B78347F54CB2FF3B04E615B25FFD46A9B62471B1746396F27AF403B1,0,1,308CD5D9A1578EEC18E168D24FBA52F3DF56B4364F6271ABFE3AB61784FEE2D7
train_v02_clear,train,2,157,C:\Users\lab\Counterfactual-XAI-Verifier\experiments\yolov8_search_comparison\training\yolov8s_sim_20260902\dataset\images\train\train_v02_clear__frame_0157.jpg,C:\Users\lab\Counterfactual-XAI-Verifier\experiments\yolov8_search_comparison\training\yolov8s_sim_20260902\dataset\labels\train\train_v02_clear__frame_0157.txt,AF433EEC55BB090FA92607AF0AB31BEA7DED55754415EBC0385DA36A68B61BC4,0,0,A596CC1B238CAD47544F9F02510E23F7BA069D2A263E099290077E613CC89C8F
train_v02_clear,train,2,160,C:\Users\lab\Counterfactual-XAI-Verifier\experiments\yolov8_search_comparison\training\yolov8s_sim_20260902\dataset\images\train\train_v02_clear__frame_0160.jpg,C:\Users\lab\Counterfactual-XAI-Verifier\experiments\yolov8_search_comparison\training\yolov8s_sim_20260902\dataset\labels\train\train_v02_clear__frame_0160.txt,AC7A08893ED3C70622FA9F611B078406B92BB5985C464EB70D1D705E4CBB361D,0,0,E8A683454ED993E942070507F3563EDE31C4DAE89A7CD2E5DE5F29541E1F1006
train_v02_clear,train,2,163,C:\Users\lab\Counterfactual-XAI-Verifier\experiments\yolov8_search_comparison\training\yolov8s_sim_20260902\dataset\images\train\train_v02_clear__frame_0163.jpg,C:\Users\lab\Counterfactual-XAI-Verifier\experiments\yolov8_search_comparison\training\yolov8s_sim_20260902\dataset\labels\train\train_v02_clear__frame_0163.txt,155B5F32422122AD0FAE2A7876A2B759129C3582C97255A4801B98FB0AE51B95,0,0,F3D3C948EA4878232A6DCF959750B226BC747A12A1DBD0FB5DC638789F82CE4A
train_v02_clear,train,2,166,C:\Users\lab\Counterfactual-XAI-Verifier\experiments\yolov8_search_comparison\training\yolov8s_sim_20260902\dataset\images\train\train_v02_clear__frame_0166.jpg,C:\Users\lab\Counterfactual-XAI-Verifier\experiments\yolov8_search_comparison\training\yolov8s_sim_20260902\dataset\labels\train\train_v02_clear__frame_0166.txt,4B6337B1810B4FF9183070C358F0F91FDC4BD216B3A4EEA7B31EDD712717C01C,0,0,0DE68D724347946511920C83C2EFE6A612B5D9202CFBB899E2DF02E39DB33284
train_v02_clear,train,2,169,C:\Users\lab\Counterfactual-XAI-Verifier\experiments\yolov8_search_comparison\training\yolov8s_sim_20260902\dataset\images\train\train_v02_clear__frame_0169.jpg,C:\Users\lab\Counterfactual-XAI-Verifier\experiments\yolov8_search_comparison\training\yolov8s_sim_20260902\dataset\labels\train\train_v02_clear__frame_0169.txt,4B574AA41453D3DD233D1B7A05CF862E63C9AFA8DEF86ACB88E285A0D9DB11A8,0,0,2D635395CB4AB3D85D09E2BCA53E57001A5A30BDA63BBA8B2228D3B8672B7512
train_v02_clear,train,2,172,C:\Users\lab\Counterfactual-XAI-Verifier\experiments\yolov8_search_comparison\training\yolov8s_sim_20260902\dataset\images\train\train_v02_clear__frame_0172.jpg,C:\Users\lab\Counterfactual-XAI-Verifier\experiments\yolov8_search_comparison\training\yolov8s_sim_20260902\dataset\labels\train\train_v02_clear__frame_0172.txt,1182D3099CEF2FCE9AD8DFE2372768BDE003208C20813EC08D5C2627804434A7,0,0,F8739928080971D2FD5747B93C4EA11741596F3B0797B70A13E77F79976AC924
train_v02_clear,train,2,175,C:\Users\lab\Counterfactual-XAI-Verifier\experiments\yolov8_search_comparison\training\yolov8s_sim_20260902\dataset\images\train\train_v02_clear__frame_0175.jpg,C:\Users\lab\Counterfactual-XAI-Verifier\experiments\yolov8_search_comparison\training\yolov8s_sim_20260902\dataset\labels\train\train_v02_clear__frame_0175.txt,FACA7295EC9AF7A26AFF51F592BBF09446926D3B0B72854D7CDA30AC29016F76,0,0,8E36D5B3223ECC0D18EB9ACAA03EE310536FD30AC9796D10F81D2864E2AF83EE
train_v02_clear,train,2,178,C:\Users\lab\Counterfactual-XAI-Verifier\experiments\yolov8_search_comparison\training\yolov8s_sim_20260902\dataset\images\train\train_v02_clear__frame_0178.jpg,C:\Users\lab\Counterfactual-XAI-Verifier\experiments\yolov8_search_comparison\training\yolov8s_sim_20260902\dataset\labels\train\train_v02_clear__frame_0178.txt,4E7FDD8D8F8F2C33A0254C8325E75CA98C72D18CC8C87211B78CDC4AE007761A,0,0,CB08EC5BD96F2B06FCF59420CE01369C75AED5076BEE43965D1EEEB9D5CD01F5
train_v02_clear,train,2,181,C:\Users\lab\Counterfactual-XAI-Verifier\experiments\yolov8_search_comparison\training\yolov8s_sim_20260902\dataset\images\train\train_v02_clear__frame_0181.jpg,C:\Users\lab\Counterfactual-XAI-Verifier\experiments\yolov8_search_comparison\training\yolov8s_sim_20260902\dataset\labels\train\train_v02_clear__frame_0181.txt,ED2C023F6C2021EC307C14604178E662D6FD8BD947BA21F4AE2351341DD75271,0,0,56D3516C47BA4BC2DF27D778E0F341C699DEAE5C643A5EED49A336139B59B553
train_v03_light,train,3,1,C:\Users\lab\Counterfactual-XAI-Verifier\experiments\yolov8_search_comparison\training\yolov8s_sim_20260902\dataset\images\train\train_v03_light__frame_0001.jpg,C:\Users\lab\Counterfactual-XAI-Verifier\experiments\yolov8_search_comparison\training\yolov8s_sim_20260902\dataset\labels\train\train_v03_light__frame_0001.txt,038C370CEDB396BF61D95D489ECA7E653E4805DA8BAD22F8415E12195A6C5D70,1,0,EEDB74CA7FEAE3C8D163746B99839ED432744709E41473E7B7C3D59636911579
train_v03_light,train,3,4,C:\Users\lab\Counterfactual-XAI-Verifier\experiments\yolov8_search_comparison\training\yolov8s_sim_20260902\dataset\images\train\train_v03_light__frame_0004.jpg,C:\Users\lab\Counterfactual-XAI-Verifier\experiments\yolov8_search_comparison\training\yolov8s_sim_20260902\dataset\labels\train\train_v03_light__frame_0004.txt,D9A47CC3E08F3FA24E6268DD465A31A73BCAEB9298612FC4FD4539280C3B8618,1,0,1E65C2EF73767B81AD8410BB5895BD3C4FE671E5E5A12577BD96BFFC414452D7
train_v03_light,train,3,7,C:\Users\lab\Counterfactual-XAI-Verifier\experiments\yolov8_search_comparison\training\yolov8s_sim_20260902\dataset\images\train\train_v03_light__frame_0007.jpg,C:\Users\lab\Counterfactual-XAI-Verifier\experiments\yolov8_search_comparison\training\yolov8s_sim_20260902\dataset\labels\train\train_v03_light__frame_0007.txt,DB14FCC94E82C6210595F5DAED3196EC7D23034AE053ABF222AE63B1FC8E42FA,2,0,F9FBECFB4E5C4262F188E4BAAB67B73EFFFFECF12F4E5197CC19629A1857E4E4
train_v03_light,train,3,10,C:\Users\lab\Counterfactual-XAI-Verifier\experiments\yolov8_search_comparison\training\yolov8s_sim_20260902\dataset\images\train\train_v03_light__frame_0010.jpg,C:\Users\lab\Counterfactual-XAI-Verifier\experiments\yolov8_search_comparison\training\yolov8s_sim_20260902\dataset\labels\train\train_v03_light__frame_0010.txt,015361D4A9C2B063A349A52071C19C5C59D5A7B90555F6530AA0072FB7EB1328,2,0,504772076FDA068ACC33B05EFC241FC64E10CC780A5A72B7B55FB2ED371D47A0
train_v03_light,train,3,13,C:\Users\lab\Counterfactual-XAI-Verifier\experiments\yolov8_search_comparison\training\yolov8s_sim_20260902\dataset\images\train\train_v03_light__frame_0013.jpg,C:\Users\lab\Counterfactual-XAI-Verifier\experiments\yolov8_search_comparison\training\yolov8s_sim_20260902\dataset\labels\train\train_v03_light__frame_0013.txt,ABD02459CB9B69D662700DDF2AA44D26F91F83071831668EC593FECB35EAC8A8,2,0,95584663F4E3A6F96E5C724D0F8E9925B8A334711A3056EA21451EC2BB57D8A8
train_v03_light,train,3,16,C:\Users\lab\Counterfactual-XAI-Verifier\experiments\yolov8_search_comparison\training\yolov8s_sim_20260902\dataset\images\train\train_v03_light__frame_0016.jpg,C:\Users\lab\Counterfactual-XAI-Verifier\experiments\yolov8_search_comparison\training\yolov8s_sim_20260902\dataset\labels\train\train_v03_light__frame_0016.txt,41A718D1C4602B39393BA114A7DD20AD183B2A1D71C480CF0969A55C66E862DF,2,0,50529EF7F7B3E845D3047FAF3BA302396759791FB47FDA02FDC3392D9C5F687C
train_v03_light,train,3,19,C:\Users\lab\Counterfactual-XAI-Verifier\experiments\yolov8_search_comparison\training\yolov8s_sim_20260902\dataset\images\train\train_v03_light__frame_0019.jpg,C:\Users\lab\Counterfactual-XAI-Verifier\experiments\yolov8_search_comparison\training\yolov8s_sim_20260902\dataset\labels\train\train_v03_light__frame_0019.txt,625090C1ADD57C68A896F5F49213A36B51F0294D261A7ADCEB7806CD83D61733,1,0,6275AD4C59D648F01FEBA26F40C701EEB4D3A8AA5BEA0C193805ACC797B2805C
train_v03_light,train,3,22,C:\Users\lab\Counterfactual-XAI-Verifier\experiments\yolov8_search_comparison\training\yolov8s_sim_20260902\dataset\images\train\train_v03_light__frame_0022.jpg,C:\Users\lab\Counterfactual-XAI-Verifier\experiments\yolov8_search_comparison\training\yolov8s_sim_20260902\dataset\labels\train\train_v03_light__frame_0022.txt,12A03BCA124C9B0B43348F0872788C5E9D0A7CCC0333133D1807D5814E8E8B12,1,0,F1B9667AC6BC83623167F33945B4BB4BA3E93B0D34CAEF894D9725B6571B8A10
train_v03_light,train,3,25,C:\Users\lab\Counterfactual-XAI-Verifier\experiments\yolov8_search_comparison\training\yolov8s_sim_20260902\dataset\images\train\train_v03_light__frame_0025.jpg,C:\Users\lab\Counterfactual-XAI-Verifier\experiments\yolov8_search_comparison\training\yolov8s_sim_20260902\dataset\labels\train\train_v03_light__frame_0025.txt,DC1D572EF1DB6A01446A019A11C9C6E405ED1D706E7B5472E26EB0E75A6858FD,1,0,048588A0C5A4E0528CC087FA20265501240012C6148332FED1138521BCD52056
train_v03_light,train,3,28,C:\Users\lab\Counterfactual-XAI-Verifier\experiments\yolov8_search_comparison\training\yolov8s_sim_20260902\dataset\images\train\train_v03_light__frame_0028.jpg,C:\Users\lab\Counterfactual-XAI-Verifier\experiments\yolov8_search_comparison\training\yolov8s_sim_20260902\dataset\labels\train\train_v03_light__frame_0028.txt,CCE293C6C4C287396ABE95D3EF5BAB324B820FB0B0B2BD93C9C0D80B7369BBCC,1,0,6A1ECE5FF3FBE64CF67CD123729A4BA77CF2D35A35169EE593749A0BDFBC6922
train_v03_light,train,3,31,C:\Users\lab\Counterfactual-XAI-Verifier\experiments\yolov8_search_comparison\training\yolov8s_sim_20260902\dataset\images\train\train_v03_light__frame_0031.jpg,C:\Users\lab\Counterfactual-XAI-Verifier\experiments\yolov8_search_comparison\training\yolov8s_sim_20260902\dataset\labels\train\train_v03_light__frame_0031.txt,FE02136AE73B96C536CC0B96FF028F45CDE919D0AAECCE3E158683D4F560EBF7,1,0,211BCABBFFF755582667FC60401ED1ED3C118EE3CB38F24589E5CBF235098A5B
train_v03_light,train,3,34,C:\Users\lab\Counterfactual-XAI-Verifier\experiments\yolov8_search_comparison\training\yolov8s_sim_20260902\dataset\images\train\train_v03_light__frame_0034.jpg,C:\Users\lab\Counterfactual-XAI-Verifier\experiments\yolov8_search_comparison\training\yolov8s_sim_20260902\dataset\labels\train\train_v03_light__frame_0034.txt,6CDDC58E38442E82B431112DE74B2257BE3A145C042A2C00DDB883AC92F7CC78,1,0,1EC71854AD01EE70D281833E6104C9959D027ADA1B7454B5F6C6D0EC189F0626
train_v03_light,train,3,37,C:\Users\lab\Counterfactual-XAI-Verifier\experiments\yolov8_search_comparison\training\yolov8s_sim_20260902\dataset\images\train\train_v03_light__frame_0037.jpg,C:\Users\lab\Counterfactual-XAI-Verifier\experiments\yolov8_search_comparison\training\yolov8s_sim_20260902\dataset\labels\train\train_v03_light__frame_0037.txt,3FE46AD993E7D76209E072D9A25BF737BCEBCF7D4CCE9B630A1A02CD37EA5F22,1,0,E859C91068E74AD7B85661DFAF6E63D1DEE3FCC7B95252C18C139483A518CA85
train_v03_light,train,3,40,C:\Users\lab\Counterfactual-XAI-Verifier\experiments\yolov8_search_comparison\training\yolov8s_sim_20260902\dataset\images\train\train_v03_light__frame_0040.jpg,C:\Users\lab\Counterfactual-XAI-Verifier\experiments\yolov8_search_comparison\training\yolov8s_sim_20260902\dataset\labels\train\train_v03_light__frame_0040.txt,B0A6C43E3A68A76FC9037C008CC65E77861B03BFB5D0E804ABF7D7682490B312,1,0,0083EBA014F3570D85A4F87434CC60EF6E02A06173BFA215159AE6D5F5CC63DA
train_v03_light,train,3,43,C:\Users\lab\Counterfactual-XAI-Verifier\experiments\yolov8_search_comparison\training\yolov8s_sim_20260902\dataset\images\train\train_v03_light__frame_0043.jpg,C:\Users\lab\Counterfactual-XAI-Verifier\experiments\yolov8_search_comparison\training\yolov8s_sim_20260902\dataset\labels\train\train_v03_light__frame_0043.txt,2B318229B8A48B60DB07B8F049D48C3C360F4D2B16D5EF5599CECCE1F380675B,2,0,3DEBFF80EB9A13A1157383FBDB4A9733070D326A684F24B297598FEF17BE3A08
train_v03_light,train,3,46,C:\Users\lab\Counterfactual-XAI-Verifier\experiments\yolov8_search_comparison\training\yolov8s_sim_20260902\dataset\images\train\train_v03_light__frame_0046.jpg,C:\Users\lab\Counterfactual-XAI-Verifier\experiments\yolov8_search_comparison\training\yolov8s_sim_20260902\dataset\labels\train\train_v03_light__frame_0046.txt,7D40D39F8E9EDB5565AE94583BA5B80DD435D00C02F263860C2BD0387D4B7199,2,0,E6011E173CB60D3B6FC9AA04E67603861CF46DBE434216199EAB5FAD894E65FC
train_v03_light,train,3,49,C:\Users\lab\Counterfactual-XAI-Verifier\experiments\yolov8_search_comparison\training\yolov8s_sim_20260902\dataset\images\train\train_v03_light__frame_0049.jpg,C:\Users\lab\Counterfactual-XAI-Verifier\experiments\yolov8_search_comparison\training\yolov8s_sim_20260902\dataset\labels\train\train_v03_light__frame_0049.txt,6B5194E28C6C325FCD1358131EAD642104030D6D31A8DE81CCA35F72D09F4072,2,0,6E86D6E75469A7D5DD571B584338D1137978364286A6CDB6D3F6C3D248BA2448
train_v03_light,train,3,52,C:\Users\lab\Counterfactual-XAI-Verifier\experiments\yolov8_search_comparison\training\yolov8s_sim_20260902\dataset\images\train\train_v03_light__frame_0052.jpg,C:\Users\lab\Counterfactual-XAI-Verifier\experiments\yolov8_search_comparison\training\yolov8s_sim_20260902\dataset\labels\train\train_v03_light__frame_0052.txt,1E0ADE960491ACA71BDAA0A7AD2D8214C49CD0247E1E198406D064A88262ECE1,1,0,48BFF40C3DB31D908249069706CA7EB8C8922074BBCF9973A6C1EA7DB937194B
train_v03_light,train,3,55,C:\Users\lab\Counterfactual-XAI-Verifier\experiments\yolov8_search_comparison\training\yolov8s_sim_20260902\dataset\images\train\train_v03_light__frame_0055.jpg,C:\Users\lab\Counterfactual-XAI-Verifier\experiments\yolov8_search_comparison\training\yolov8s_sim_20260902\dataset\labels\train\train_v03_light__frame_0055.txt,B293143132FCF7732EF0CEE2AC60AF357A2CD8B8C0AAE1F350EA76D7F8DDD1AC,1,0,5E09A7654B98B1DAB74784AA61D0979C3303DE02A4B8481E65CFE3D5106B29FD
train_v03_light,train,3,58,C:\Users\lab\Counterfactual-XAI-Verifier\experiments\yolov8_search_comparison\training\yolov8s_sim_20260902\dataset\images\train\train_v03_light__frame_0058.jpg,C:\Users\lab\Counterfactual-XAI-Verifier\experiments\yolov8_search_comparison\training\yolov8s_sim_20260902\dataset\labels\train\train_v03_light__frame_0058.txt,FC786014EEBDD26566C2FECF2441E82C99D072DBA7D8B4E37D2B6DCD5B71475B,1,0,B140BFB118A0C553C0F8A53B5E921718B59D32C391A30F5A24FC8D333A13320C
train_v03_light,train,3,61,C:\Users\lab\Counterfactual-XAI-Verifier\experiments\yolov8_search_comparison\training\yolov8s_sim_20260902\dataset\images\train\train_v03_light__frame_0061.jpg,C:\Users\lab\Counterfactual-XAI-Verifier\experiments\yolov8_search_comparison\training\yolov8s_sim_20260902\dataset\labels\train\train_v03_light__frame_0061.txt,DD3223E795360CF6191BBAEE0E4523BD6C4B74ACC9F993EABC3DBF0EFA18356D,1,0,73C51FD64627D26C4B783AA030BDA9503DEF39014BFACEBA1F0663743474BBCD
train_v03_light,train,3,64,C:\Users\lab\Counterfactual-XAI-Verifier\experiments\yolov8_search_comparison\training\yolov8s_sim_20260902\dataset\images\train\train_v03_light__frame_0064.jpg,C:\Users\lab\Counterfactual-XAI-Verifier\experiments\yolov8_search_comparison\training\yolov8s_sim_20260902\dataset\labels\train\train_v03_light__frame_0064.txt,7998DA6CBB0570943D8447D786E6B1F6ABC3D356CBB6F26F735D25AE8B988721,1,0,5D79BB269E330832D8355B313B990CB3A798F220675BF5CFB745DFBFB637BA48
train_v03_light,train,3,67,C:\Users\lab\Counterfactual-XAI-Verifier\experiments\yolov8_search_comparison\training\yolov8s_sim_20260902\dataset\images\train\train_v03_light__frame_0067.jpg,C:\Users\lab\Counterfactual-XAI-Verifier\experiments\yolov8_search_comparison\training\yolov8s_sim_20260902\dataset\labels\train\train_v03_light__frame_0067.txt,53B777B5BF451D4E16DC7E7C4D21FDDABE70B1AE950EB54BEC60A84207F2B0B4,1,1,DECA287C597F34E4AE7B73858B8465E77C9B45D1F951146DF27EA5E287213473
train_v03_light,train,3,70,C:\Users\lab\Counterfactual-XAI-Verifier\experiments\yolov8_search_comparison\training\yolov8s_sim_20260902\dataset\images\train\train_v03_light__frame_0070.jpg,C:\Users\lab\Counterfactual-XAI-Verifier\experiments\yolov8_search_comparison\training\yolov8s_sim_20260902\dataset\labels\train\train_v03_light__frame_0070.txt,CB495EF20634386098B3DC92634199566679A680B155E78736E2DD12CADD0ED7,1,1,358DFAED8CCB35535A108AD50C0E5A0CA790C436C793E796F6D4AE37CA58C9F2
train_v03_light,train,3,73,C:\Users\lab\Counterfactual-XAI-Verifier\experiments\yolov8_search_comparison\training\yolov8s_sim_20260902\dataset\images\train\train_v03_light__frame_0073.jpg,C:\Users\lab\Counterfactual-XAI-Verifier\experiments\yolov8_search_comparison\training\yolov8s_sim_20260902\dataset\labels\train\train_v03_light__frame_0073.txt,B8DF6DAB07C32403ED2E804D901B443358B7CE480E008146380A13DC094E4F67,1,1,A62955AC0B0B1E23306588D65D6929FC2BA15E3DA85F0E47E89626CAF7951C5E
train_v03_light,train,3,76,C:\Users\lab\Counterfactual-XAI-Verifier\experiments\yolov8_search_comparison\training\yolov8s_sim_20260902\dataset\images\train\train_v03_light__frame_0076.jpg,C:\Users\lab\Counterfactual-XAI-Verifier\experiments\yolov8_search_comparison\training\yolov8s_sim_20260902\dataset\labels\train\train_v03_light__frame_0076.txt,80129A4CAE68AEFBFFE0C36F8FC9C065E50FE3AB4E17B9DA7812F16AB9A8FFA8,0,1,CCC149664E44558605F2CE5680AF01D0EF3C3C59E5E55F256DADCFB255BAAD39
train_v03_light,train,3,79,C:\Users\lab\Counterfactual-XAI-Verifier\experiments\yolov8_search_comparison\training\yolov8s_sim_20260902\dataset\images\train\train_v03_light__frame_0079.jpg,C:\Users\lab\Counterfactual-XAI-Verifier\experiments\yolov8_search_comparison\training\yolov8s_sim_20260902\dataset\labels\train\train_v03_light__frame_0079.txt,BBB8EA1862EE801B1E2D8EDA51998EF3E763A60ADEBC5AD769464AE65F485DAA,0,1,431B3CD285257184A2D777BD5546443419F45DCC4B7BE92DD2A0AF2C48451E55
train_v03_light,train,3,82,C:\Users\lab\Counterfactual-XAI-Verifier\experiments\yolov8_search_comparison\training\yolov8s_sim_20260902\dataset\images\train\train_v03_light__frame_0082.jpg,C:\Users\lab\Counterfactual-XAI-Verifier\experiments\yolov8_search_comparison\training\yolov8s_sim_20260902\dataset\labels\train\train_v03_light__frame_0082.txt,3409F5523931282C1EC93D88DC46B6A3739B016585A3EC6D9E744A11E76289DC,0,1,4E22E5B9A4713197C479024478CD6617B6A82CDC4EA5A8B892AFBF9C52627DA4
train_v03_light,train,3,85,C:\Users\lab\Counterfactual-XAI-Verifier\experiments\yolov8_search_comparison\training\yolov8s_sim_20260902\dataset\images\train\train_v03_light__frame_0085.jpg,C:\Users\lab\Counterfactual-XAI-Verifier\experiments\yolov8_search_comparison\training\yolov8s_sim_20260902\dataset\labels\train\train_v03_light__frame_0085.txt,734BAF78443F4005B385FB502DABC3334AA2876868462CEFE7A51494ECA01084,0,1,B979D3A7A08AC23630339509B07A9FE899F1BB7AAA2177EE6115B05E17FDE920
train_v03_light,train,3,88,C:\Users\lab\Counterfactual-XAI-Verifier\experiments\yolov8_search_comparison\training\yolov8s_sim_20260902\dataset\images\train\train_v03_light__frame_0088.jpg,C:\Users\lab\Counterfactual-XAI-Verifier\experiments\yolov8_search_comparison\training\yolov8s_sim_20260902\dataset\labels\train\train_v03_light__frame_0088.txt,B847EC32A838A8285760E71ADCE071ACC74CCA3EB6F03CF8305C2019BEAF91D3,0,1,02F6A2277760F2FC0040C41165C3134113E387C40CEDF69B9A7F644A05E16E4A
train_v03_light,train,3,91,C:\Users\lab\Counterfactual-XAI-Verifier\experiments\yolov8_search_comparison\training\yolov8s_sim_20260902\dataset\images\train\train_v03_light__frame_0091.jpg,C:\Users\lab\Counterfactual-XAI-Verifier\experiments\yolov8_search_comparison\training\yolov8s_sim_20260902\dataset\labels\train\train_v03_light__frame_0091.txt,1EE6C39C40DD8A3BEB6488B357E11692D28582B309B17D90ABC971CCA8C398E1,0,1,9F0646602BA947D630F0CA0A505B28A16CF18F3CBEE54C9CDA58EAA2305B93FF
train_v03_light,train,3,94,C:\Users\lab\Counterfactual-XAI-Verifier\experiments\yolov8_search_comparison\training\yolov8s_sim_20260902\dataset\images\train\train_v03_light__frame_0094.jpg,C:\Users\lab\Counterfactual-XAI-Verifier\experiments\yolov8_search_comparison\training\yolov8s_sim_20260902\dataset\labels\train\train_v03_light__frame_0094.txt,C136D550AA6FF4BC6B0BC941E376F6256C1189A3A8DA455C2E9A5B60DEA3E8A4,0,1,2EF644F68014D1FCE8767EEDD249E20010011B8122653C9EACFA2A48930B6CBC
train_v03_light,train,3,97,C:\Users\lab\Counterfactual-XAI-Verifier\experiments\yolov8_search_comparison\training\yolov8s_sim_20260902\dataset\images\train\train_v03_light__frame_0097.jpg,C:\Users\lab\Counterfactual-XAI-Verifier\experiments\yolov8_search_comparison\training\yolov8s_sim_20260902\dataset\labels\train\train_v03_light__frame_0097.txt,12132D3F4ED8893611EFB0833C299D3FF464D4431438A30B270A8992BBD9BF1F,0,1,5D7E397CA1E580B42887094F5DF67B2F4DBF4E46DC65D007481955D9D32EBD4D
train_v03_light,train,3,100,C:\Users\lab\Counterfactual-XAI-Verifier\experiments\yolov8_search_comparison\training\yolov8s_sim_20260902\dataset\images\train\train_v03_light__frame_0100.jpg,C:\Users\lab\Counterfactual-XAI-Verifier\experiments\yolov8_search_comparison\training\yolov8s_sim_20260902\dataset\labels\train\train_v03_light__frame_0100.txt,67BAA5753F283F95F5212E172D7E5EE6C3F615C775ACA9799C357E0B1DE84082,0,1,9BEF45B734D043BF6F2D42432255E177EEF6B5356E8D8E45C5BA6BFD70F8CA14
train_v03_light,train,3,103,C:\Users\lab\Counterfactual-XAI-Verifier\experiments\yolov8_search_comparison\training\yolov8s_sim_20260902\dataset\images\train\train_v03_light__frame_0103.jpg,C:\Users\lab\Counterfactual-XAI-Verifier\experiments\yolov8_search_comparison\training\yolov8s_sim_20260902\dataset\labels\train\train_v03_light__frame_0103.txt,056AC5F506BCA82F6BEFD10A84BFC3FDC458922197A278A534B78D55E8D4CBAB,0,2,BC4E65ADC9965E1F8A218FE93327860C6017D3732E9360C22B97072CEE78CDD8
train_v03_light,train,3,106,C:\Users\lab\Counterfactual-XAI-Verifier\experiments\yolov8_search_comparison\training\yolov8s_sim_20260902\dataset\images\train\train_v03_light__frame_0106.jpg,C:\Users\lab\Counterfactual-XAI-Verifier\experiments\yolov8_search_comparison\training\yolov8s_sim_20260902\dataset\labels\train\train_v03_light__frame_0106.txt,E19EFFB62C8020389BCFE2CA7C17B4D2A6EF373F7FAAA7438720A4F291A52A6B,0,2,11C92992A2711DB59E155B97691582D82266C0852F2E4794F126A833BB81D255
train_v03_light,train,3,109,C:\Users\lab\Counterfactual-XAI-Verifier\experiments\yolov8_search_comparison\training\yolov8s_sim_20260902\dataset\images\train\train_v03_light__frame_0109.jpg,C:\Users\lab\Counterfactual-XAI-Verifier\experiments\yolov8_search_comparison\training\yolov8s_sim_20260902\dataset\labels\train\train_v03_light__frame_0109.txt,97FA552DBF0E7116D155A1C42FB4695A357429D6AC555BDA4373B510E7D51746,0,2,4C3A1BCB50EA51566B9AFF2F328EC0E64F0BEF0C4A1D817EED7307354890BF34
train_v03_light,train,3,112,C:\Users\lab\Counterfactual-XAI-Verifier\experiments\yolov8_search_comparison\training\yolov8s_sim_20260902\dataset\images\train\train_v03_light__frame_0112.jpg,C:\Users\lab\Counterfactual-XAI-Verifier\experiments\yolov8_search_comparison\training\yolov8s_sim_20260902\dataset\labels\train\train_v03_light__frame_0112.txt,3182A353A138C35B189DE84E1E51D3B42671B18E77AEB527411CBDBE21ECC0CA,0,2,2160F079B6C48D2177F65D391D2FCB9175D89F87EB0C9146C6E032E987F7EEA0
train_v03_light,train,3,115,C:\Users\lab\Counterfactual-XAI-Verifier\experiments\yolov8_search_comparison\training\yolov8s_sim_20260902\dataset\images\train\train_v03_light__frame_0115.jpg,C:\Users\lab\Counterfactual-XAI-Verifier\experiments\yolov8_search_comparison\training\yolov8s_sim_20260902\dataset\labels\train\train_v03_light__frame_0115.txt,718FD216A178BC888AE1A3DB811327B27FB9F4152837A7C9DE82B460270B55FF,0,2,57A9E46476D1BA8CA9CA7FB081087DFA934143C6F802F5F8E11CCD03725E5DE0
train_v03_light,train,3,118,C:\Users\lab\Counterfactual-XAI-Verifier\experiments\yolov8_search_comparison\training\yolov8s_sim_20260902\dataset\images\train\train_v03_light__frame_0118.jpg,C:\Users\lab\Counterfactual-XAI-Verifier\experiments\yolov8_search_comparison\training\yolov8s_sim_20260902\dataset\labels\train\train_v03_light__frame_0118.txt,0F59CF8E79CAA8FA665F134E608ACBD55838DEDF4C3D5440380E9154E76B6C04,0,2,DE7279082381299F0954F3E9DF631FFFFCFB045B4625FCAF4F43C46DE5B72CC7
train_v03_light,train,3,121,C:\Users\lab\Counterfactual-XAI-Verifier\experiments\yolov8_search_comparison\training\yolov8s_sim_20260902\dataset\images\train\train_v03_light__frame_0121.jpg,C:\Users\lab\Counterfactual-XAI-Verifier\experiments\yolov8_search_comparison\training\yolov8s_sim_20260902\dataset\labels\train\train_v03_light__frame_0121.txt,DDE626F3889C6DBFAC9F4427A6B643697D1E66FB581EBDB9643C23385B701B1F,0,2,3E16E4D1A277848E9A1B4AC093AA258BA924237EF089791195F18C92EA2C65ED
train_v03_light,train,3,124,C:\Users\lab\Counterfactual-XAI-Verifier\experiments\yolov8_search_comparison\training\yolov8s_sim_20260902\dataset\images\train\train_v03_light__frame_0124.jpg,C:\Users\lab\Counterfactual-XAI-Verifier\experiments\yolov8_search_comparison\training\yolov8s_sim_20260902\dataset\labels\train\train_v03_light__frame_0124.txt,F1C2E407AD015CE5BA845F254F42A1EF556D973BA5BAC66010EB15ACF37E5373,0,1,C8F454D4F80B068FC7E233D6B11F7FD8E4503054A9299FEA9F94EE134BC756E0
train_v03_light,train,3,127,C:\Users\lab\Counterfactual-XAI-Verifier\experiments\yolov8_search_comparison\training\yolov8s_sim_20260902\dataset\images\train\train_v03_light__frame_0127.jpg,C:\Users\lab\Counterfactual-XAI-Verifier\experiments\yolov8_search_comparison\training\yolov8s_sim_20260902\dataset\labels\train\train_v03_light__frame_0127.txt,064A7381B229B806E11E2034E47B7EB4C4E4E6A636920451DF27DA97369BCD75,0,1,5B7CD9AB26D79482B46786138C006ECF3DF7427C6380901BC9090DDC8E0AFAA0
train_v03_light,train,3,130,C:\Users\lab\Counterfactual-XAI-Verifier\experiments\yolov8_search_comparison\training\yolov8s_sim_20260902\dataset\images\train\train_v03_light__frame_0130.jpg,C:\Users\lab\Counterfactual-XAI-Verifier\experiments\yolov8_search_comparison\training\yolov8s_sim_20260902\dataset\labels\train\train_v03_light__frame_0130.txt,1E103FA3F184B0291186C72DB49D85636B46D8D0B65964351EDE98DB494A21F0,0,1,F878FF5DF8A661594CC7C6255B93A146B26D90B0C87B2F2C35D7FC588A5AAC0F
train_v03_light,train,3,133,C:\Users\lab\Counterfactual-XAI-Verifier\experiments\yolov8_search_comparison\training\yolov8s_sim_20260902\dataset\images\train\train_v03_light__frame_0133.jpg,C:\Users\lab\Counterfactual-XAI-Verifier\experiments\yolov8_search_comparison\training\yolov8s_sim_20260902\dataset\labels\train\train_v03_light__frame_0133.txt,5EADC473E1AEE26687F3FA05A39C78AA1B290DD4A5768AE0E61C448B28873D80,0,1,F6F1AF4CE058BEEBEAEA6BA2F1A9894B2E995F9F0701D76123AC6C9513B3D98F
train_v03_light,train,3,136,C:\Users\lab\Counterfactual-XAI-Verifier\experiments\yolov8_search_comparison\training\yolov8s_sim_20260902\dataset\images\train\train_v03_light__frame_0136.jpg,C:\Users\lab\Counterfactual-XAI-Verifier\experiments\yolov8_search_comparison\training\yolov8s_sim_20260902\dataset\labels\train\train_v03_light__frame_0136.txt,13AD3C9CD1E93F888BDB0A9D1AC191B9290478CDFB1C1EA7056D835406425527,0,1,DCB105C011617B88DB0146738ECC8DCEDF8F565CC7DBD0AFA78924FE506A0ABA
train_v03_light,train,3,139,C:\Users\lab\Counterfactual-XAI-Verifier\experiments\yolov8_search_comparison\training\yolov8s_sim_20260902\dataset\images\train\train_v03_light__frame_0139.jpg,C:\Users\lab\Counterfactual-XAI-Verifier\experiments\yolov8_search_comparison\training\yolov8s_sim_20260902\dataset\labels\train\train_v03_light__frame_0139.txt,F9731FB04D9B1A8A23CB1BDED880112C7AB2D43FBA040D57E52F16F386EBCAEB,0,1,CFE882298099ADC72ADE5CB8FBC4C0B132D7E965EA968EBCB5511ED496E90F14
train_v03_light,train,3,142,C:\Users\lab\Counterfactual-XAI-Verifier\experiments\yolov8_search_comparison\training\yolov8s_sim_20260902\dataset\images\train\train_v03_light__frame_0142.jpg,C:\Users\lab\Counterfactual-XAI-Verifier\experiments\yolov8_search_comparison\training\yolov8s_sim_20260902\dataset\labels\train\train_v03_light__frame_0142.txt,40CF2C00BE352535FA78D0454E80A08E64FFD6F5E7C1458257C76B1FA1393415,0,1,6315EBCD30F45D4C669F694F5B90521D1B41E1A852431BAFC1BE5F1C98EDA607
train_v03_light,train,3,145,C:\Users\lab\Counterfactual-XAI-Verifier\experiments\yolov8_search_comparison\training\yolov8s_sim_20260902\dataset\images\train\train_v03_light__frame_0145.jpg,C:\Users\lab\Counterfactual-XAI-Verifier\experiments\yolov8_search_comparison\training\yolov8s_sim_20260902\dataset\labels\train\train_v03_light__frame_0145.txt,AF067EDA8B1E2961B3F5EDB9D0AD05976B62DA82C8ABB8963433BB9B31BB0106,0,1,63C2C23F965B7CE0220D7DD7045472857CFF9DE534145525619F3BBCA80C32F5
train_v03_light,train,3,148,C:\Users\lab\Counterfactual-XAI-Verifier\experiments\yolov8_search_comparison\training\yolov8s_sim_20260902\dataset\images\train\train_v03_light__frame_0148.jpg,C:\Users\lab\Counterfactual-XAI-Verifier\experiments\yolov8_search_comparison\training\yolov8s_sim_20260902\dataset\labels\train\train_v03_light__frame_0148.txt,9A54B4473F1D6FC79658A21992B39DF8E1FAED72CFE11D29407383C1D0A75B6C,0,1,FAFBCC5690D7F930E41C5942296C0C83C846E1CA77F6343FFB0D2308E2B2F333
train_v03_light,train,3,151,C:\Users\lab\Counterfactual-XAI-Verifier\experiments\yolov8_search_comparison\training\yolov8s_sim_20260902\dataset\images\train\train_v03_light__frame_0151.jpg,C:\Users\lab\Counterfactual-XAI-Verifier\experiments\yolov8_search_comparison\training\yolov8s_sim_20260902\dataset\labels\train\train_v03_light__frame_0151.txt,D3E7C8AD2BCF34738ABBF363EB683EE907FFACC5D149A2212A57B6B3573D44BE,0,1,4497FF139DB26878EC1762166EB36A99BE429D8CAF0914BA5070F5AB95FD3C08
train_v03_light,train,3,154,C:\Users\lab\Counterfactual-XAI-Verifier\experiments\yolov8_search_comparison\training\yolov8s_sim_20260902\dataset\images\train\train_v03_light__frame_0154.jpg,C:\Users\lab\Counterfactual-XAI-Verifier\experiments\yolov8_search_comparison\training\yolov8s_sim_20260902\dataset\labels\train\train_v03_light__frame_0154.txt,E2610A15BFB7E9D98BA094AED7E457E85DE2B9EEDA98DCC1E1166B30A4DE9100,0,1,C39577668D569B9528B1468D1F26645170BE233F251CE1482C50E6DA5D48D657
train_v03_light,train,3,157,C:\Users\lab\Counterfactual-XAI-Verifier\experiments\yolov8_search_comparison\training\yolov8s_sim_20260902\dataset\images\train\train_v03_light__frame_0157.jpg,C:\Users\lab\Counterfactual-XAI-Verifier\experiments\yolov8_search_comparison\training\yolov8s_sim_20260902\dataset\labels\train\train_v03_light__frame_0157.txt,0E8F8015B48F29EEA7ACFA0AB5C9EB9BE2E7F1417CB59745C10FAEC1B0A26EAA,0,1,E083735348BB89F65D177CABF47B1351389F0193C8706D1D485DB4B6D7CD6DDD
train_v03_light,train,3,160,C:\Users\lab\Counterfactual-XAI-Verifier\experiments\yolov8_search_comparison\training\yolov8s_sim_20260902\dataset\images\train\train_v03_light__frame_0160.jpg,C:\Users\lab\Counterfactual-XAI-Verifier\experiments\yolov8_search_comparison\training\yolov8s_sim_20260902\dataset\labels\train\train_v03_light__frame_0160.txt,BA332843848E3D4A43C39D6C48EBC5FCCF668FEEA4CDEB4B52D8C3D1C1217854,0,0,2D93B3D31238666E687DD8C67D65AE11082DCE983C134532176D7BEC3704C187
train_v03_light,train,3,163,C:\Users\lab\Counterfactual-XAI-Verifier\experiments\yolov8_search_comparison\training\yolov8s_sim_20260902\dataset\images\train\train_v03_light__frame_0163.jpg,C:\Users\lab\Counterfactual-XAI-Verifier\experiments\yolov8_search_comparison\training\yolov8s_sim_20260902\dataset\labels\train\train_v03_light__frame_0163.txt,559E365189F91B23D1EAB891A5F7C832D14503CBF948FB90332311B1457C3DFC,0,0,36760CD49F1D771C5B5CFB85274597255F0324F9409243372DC8DC521785B03C
train_v03_light,train,3,166,C:\Users\lab\Counterfactual-XAI-Verifier\experiments\yolov8_search_comparison\training\yolov8s_sim_20260902\dataset\images\train\train_v03_light__frame_0166.jpg,C:\Users\lab\Counterfactual-XAI-Verifier\experiments\yolov8_search_comparison\training\yolov8s_sim_20260902\dataset\labels\train\train_v03_light__frame_0166.txt,15E4538AF2DB356D341499F58CBC735F5616F0020A2529DDE2FC8441DC7D87FB,0,0,F20D6AB209167B095AE475342CFF0150879BCD91A35E0468929AFB5D99B0BAEE
train_v03_light,train,3,169,C:\Users\lab\Counterfactual-XAI-Verifier\experiments\yolov8_search_comparison\training\yolov8s_sim_20260902\dataset\images\train\train_v03_light__frame_0169.jpg,C:\Users\lab\Counterfactual-XAI-Verifier\experiments\yolov8_search_comparison\training\yolov8s_sim_20260902\dataset\labels\train\train_v03_light__frame_0169.txt,AA67B946F6C3228BEFE30C476549726C35F6B61E329B30C39377C8EFEB12D545,0,0,43F6053D4BEC8DEBBEA3D35DE230F9CE15E86E6EA94BB0B1441E1E249B1556F9
train_v03_light,train,3,172,C:\Users\lab\Counterfactual-XAI-Verifier\experiments\yolov8_search_comparison\training\yolov8s_sim_20260902\dataset\images\train\train_v03_light__frame_0172.jpg,C:\Users\lab\Counterfactual-XAI-Verifier\experiments\yolov8_search_comparison\training\yolov8s_sim_20260902\dataset\labels\train\train_v03_light__frame_0172.txt,A89865E5B981ED296CC810738C4C1FE032EF2DB01271B9DCE1B56799CB226413,0,0,5D1E8E470AD5A62A63AC6AED1C2B96F608B2CCCC38A03DE252B25249FFAC107D
train_v03_light,train,3,175,C:\Users\lab\Counterfactual-XAI-Verifier\experiments\yolov8_search_comparison\training\yolov8s_sim_20260902\dataset\images\train\train_v03_light__frame_0175.jpg,C:\Users\lab\Counterfactual-XAI-Verifier\experiments\yolov8_search_comparison\training\yolov8s_sim_20260902\dataset\labels\train\train_v03_light__frame_0175.txt,B23F1BF195D20F164DE84D7CA0AB4D1F37A06EC57133E76FF8125F04E38DA873,0,0,BC101309053C5BE3E4DA4EECFB68D517BBD38ACEE4103E6DC5BAE46CB4018C23
train_v03_light,train,3,178,C:\Users\lab\Counterfactual-XAI-Verifier\experiments\yolov8_search_comparison\training\yolov8s_sim_20260902\dataset\images\train\train_v03_light__frame_0178.jpg,C:\Users\lab\Counterfactual-XAI-Verifier\experiments\yolov8_search_comparison\training\yolov8s_sim_20260902\dataset\labels\train\train_v03_light__frame_0178.txt,60F95C5674FE1B2C01E06FB6EBD85364C57303BF57F64FE9EA48A1F6A1D4708B,0,0,DA980AAF6313168943A2637222ACE1D8BE9E5F94AE23797275F534C423A1CBC9
train_v03_light,train,3,181,C:\Users\lab\Counterfactual-XAI-Verifier\experiments\yolov8_search_comparison\training\yolov8s_sim_20260902\dataset\images\train\train_v03_light__frame_0181.jpg,C:\Users\lab\Counterfactual-XAI-Verifier\experiments\yolov8_search_comparison\training\yolov8s_sim_20260902\dataset\labels\train\train_v03_light__frame_0181.txt,D418E7ECDEDE8D76C07B21C0791AA337B6B1E700A624D883732889139D843D36,0,0,D12D71714720A8532B6B8DA898F021517FCE052E012EB935ECBC1EF0F97CE959
train_v04_moderate,train,4,1,C:\Users\lab\Counterfactual-XAI-Verifier\experiments\yolov8_search_comparison\training\yolov8s_sim_20260902\dataset\images\train\train_v04_moderate__frame_0001.jpg,C:\Users\lab\Counterfactual-XAI-Verifier\experiments\yolov8_search_comparison\training\yolov8s_sim_20260902\dataset\labels\train\train_v04_moderate__frame_0001.txt,A5C06460ED1FDBBDD8E0039B2FCE4F071DB1CD2BA51541005216697C01F7F085,2,0,749C9E50F82C54B1D573231E5EB63F50E4C633628746AF82451082A49782D3DC
train_v04_moderate,train,4,4,C:\Users\lab\Counterfactual-XAI-Verifier\experiments\yolov8_search_comparison\training\yolov8s_sim_20260902\dataset\images\train\train_v04_moderate__frame_0004.jpg,C:\Users\lab\Counterfactual-XAI-Verifier\experiments\yolov8_search_comparison\training\yolov8s_sim_20260902\dataset\labels\train\train_v04_moderate__frame_0004.txt,0CFEE873EAFB5166355219B16D7D7A90B74348A8CFD688D5B3486D13357CCC98,2,0,D0DC637E349B84249D864BA4F871654856534CA86C03CFB826AFA5010144FA3F
train_v04_moderate,train,4,7,C:\Users\lab\Counterfactual-XAI-Verifier\experiments\yolov8_search_comparison\training\yolov8s_sim_20260902\dataset\images\train\train_v04_moderate__frame_0007.jpg,C:\Users\lab\Counterfactual-XAI-Verifier\experiments\yolov8_search_comparison\training\yolov8s_sim_20260902\dataset\labels\train\train_v04_moderate__frame_0007.txt,5AF5E0DD48C9B4717B986CF6B197B0AF98F1DE1A27B371EE301A943C525BDD81,2,0,B7549DEA7568740696DA41AC3774F970B6F3E7D48938050C697AC8FD1B57E01E
train_v04_moderate,train,4,10,C:\Users\lab\Counterfactual-XAI-Verifier\experiments\yolov8_search_comparison\training\yolov8s_sim_20260902\dataset\images\train\train_v04_moderate__frame_0010.jpg,C:\Users\lab\Counterfactual-XAI-Verifier\experiments\yolov8_search_comparison\training\yolov8s_sim_20260902\dataset\labels\train\train_v04_moderate__frame_0010.txt,3BF73BB159A450FB9FED9E3B9A1934C17115B1C2AD3B21862DA4583984F685EC,2,0,E84B76F77852BE93D7817809EDA261879A192575BCC39A17C40019D5DE5EA93A
train_v04_moderate,train,4,13,C:\Users\lab\Counterfactual-XAI-Verifier\experiments\yolov8_search_comparison\training\yolov8s_sim_20260902\dataset\images\train\train_v04_moderate__frame_0013.jpg,C:\Users\lab\Counterfactual-XAI-Verifier\experiments\yolov8_search_comparison\training\yolov8s_sim_20260902\dataset\labels\train\train_v04_moderate__frame_0013.txt,B5764FAFF4421B7A1850B89600EADC059CF25CB7A95F8A54C54C6BB7CFAA3C2F,2,0,236B4E361A54BBCF6513DE0827387EFB2DEA95F1B92B2D77CE8C7F37617935E1
train_v04_moderate,train,4,16,C:\Users\lab\Counterfactual-XAI-Verifier\experiments\yolov8_search_comparison\training\yolov8s_sim_20260902\dataset\images\train\train_v04_moderate__frame_0016.jpg,C:\Users\lab\Counterfactual-XAI-Verifier\experiments\yolov8_search_comparison\training\yolov8s_sim_20260902\dataset\labels\train\train_v04_moderate__frame_0016.txt,43F3E2673A664C55F7B4615F65704A85DE2D1E259B2C1AECC725396B34A72615,2,0,B97136E53E9D0B8B802CA30C2A45773E487F8536B2C69AFF8AE7283B564D46D6
train_v04_moderate,train,4,19,C:\Users\lab\Counterfactual-XAI-Verifier\experiments\yolov8_search_comparison\training\yolov8s_sim_20260902\dataset\images\train\train_v04_moderate__frame_0019.jpg,C:\Users\lab\Counterfactual-XAI-Verifier\experiments\yolov8_search_comparison\training\yolov8s_sim_20260902\dataset\labels\train\train_v04_moderate__frame_0019.txt,11F1725F74BB904E11CEA732922F5E6D561B009AED089DD79A9E7C2BF3E777DE,1,0,0E943097ABA20F382CD3918285FDFE19EE3A8161B294B3DF8B24AD884F8ECA57
train_v04_moderate,train,4,22,C:\Users\lab\Counterfactual-XAI-Verifier\experiments\yolov8_search_comparison\training\yolov8s_sim_20260902\dataset\images\train\train_v04_moderate__frame_0022.jpg,C:\Users\lab\Counterfactual-XAI-Verifier\experiments\yolov8_search_comparison\training\yolov8s_sim_20260902\dataset\labels\train\train_v04_moderate__frame_0022.txt,21FF705423503B3839DFE3953F010C0F2AF99A18F1FCE87495E809B47033F6AD,1,0,09192CC1C6EFC7D0F2450D1B08E80CCA8B0210524BB3D09504E0DEAC870E5C57
train_v04_moderate,train,4,25,C:\Users\lab\Counterfactual-XAI-Verifier\experiments\yolov8_search_comparison\training\yolov8s_sim_20260902\dataset\images\train\train_v04_moderate__frame_0025.jpg,C:\Users\lab\Counterfactual-XAI-Verifier\experiments\yolov8_search_comparison\training\yolov8s_sim_20260902\dataset\labels\train\train_v04_moderate__frame_0025.txt,27A62C2AC4809843B81717348036A437AA8CDA57C93A4B177986F282E5CAA10C,1,0,71D4039B82B872B61FDB755C6E01C0E8129E2966BEBFA549154186BA39AACC11
train_v04_moderate,train,4,28,C:\Users\lab\Counterfactual-XAI-Verifier\experiments\yolov8_search_comparison\training\yolov8s_sim_20260902\dataset\images\train\train_v04_moderate__frame_0028.jpg,C:\Users\lab\Counterfactual-XAI-Verifier\experiments\yolov8_search_comparison\training\yolov8s_sim_20260902\dataset\labels\train\train_v04_moderate__frame_0028.txt,C6B4201F1B05E76414B27B0F2F3EC5151069C305C548048B8752B73C2E62C782,1,0,6B8DB86FB61BE0C83BC1A2B0C17F64102472A9842CD5E330363F61A33EA8BC48
train_v04_moderate,train,4,31,C:\Users\lab\Counterfactual-XAI-Verifier\experiments\yolov8_search_comparison\training\yolov8s_sim_20260902\dataset\images\train\train_v04_moderate__frame_0031.jpg,C:\Users\lab\Counterfactual-XAI-Verifier\experiments\yolov8_search_comparison\training\yolov8s_sim_20260902\dataset\labels\train\train_v04_moderate__frame_0031.txt,967BAF7ABDA78B5667CAE3DD546E3600BA99D53493FE8FC050D4AB134556094F,1,0,F0F29B1632426393D90615E4454E1BF4EEA1B06A4B3D73186271E4B31DA5B7A1
train_v04_moderate,train,4,34,C:\Users\lab\Counterfactual-XAI-Verifier\experiments\yolov8_search_comparison\training\yolov8s_sim_20260902\dataset\images\train\train_v04_moderate__frame_0034.jpg,C:\Users\lab\Counterfactual-XAI-Verifier\experiments\yolov8_search_comparison\training\yolov8s_sim_20260902\dataset\labels\train\train_v04_moderate__frame_0034.txt,7AA8170AB16E66C26BDC04105A38742453F4FBA8E56946BFCA20792427F4BF2E,1,0,E7369D72D7740D9CE3E8A2D0A2FB122DE5DEC860AD4E7725D706B6AF8A9CD877
train_v04_moderate,train,4,37,C:\Users\lab\Counterfactual-XAI-Verifier\experiments\yolov8_search_comparison\training\yolov8s_sim_20260902\dataset\images\train\train_v04_moderate__frame_0037.jpg,C:\Users\lab\Counterfactual-XAI-Verifier\experiments\yolov8_search_comparison\training\yolov8s_sim_20260902\dataset\labels\train\train_v04_moderate__frame_0037.txt,C14A373EE82C308C2072033990897C00FAB8D753395211C4B89412602FA940DE,1,0,EA905B8F0FBBF4AF752630CEE682C4320C125CAF5B3C906DE4B32E184869E8B3
train_v04_moderate,train,4,40,C:\Users\lab\Counterfactual-XAI-Verifier\experiments\yolov8_search_comparison\training\yolov8s_sim_20260902\dataset\images\train\train_v04_moderate__frame_0040.jpg,C:\Users\lab\Counterfactual-XAI-Verifier\experiments\yolov8_search_comparison\training\yolov8s_sim_20260902\dataset\labels\train\train_v04_moderate__frame_0040.txt,36B5C0CC355055CA13A47F3A19299531FABA4394B59737A6894B1C870B027D50,1,0,342C708B3F581715922BBE0B9EFA69DB48FDB4556E033AEE876725FFE8B637B9
train_v04_moderate,train,4,43,C:\Users\lab\Counterfactual-XAI-Verifier\experiments\yolov8_search_comparison\training\yolov8s_sim_20260902\dataset\images\train\train_v04_moderate__frame_0043.jpg,C:\Users\lab\Counterfactual-XAI-Verifier\experiments\yolov8_search_comparison\training\yolov8s_sim_20260902\dataset\labels\train\train_v04_moderate__frame_0043.txt,59776D118FF641E1F6E74E8E18CFF7C871906270C785FEA8C2FBDAB707F54695,1,0,FDD7DDB2FD48E3601B0B0433E548514FAED8CEF9EE0CD792F7CFEEA5AFBD24F7
train_v04_moderate,train,4,46,C:\Users\lab\Counterfactual-XAI-Verifier\experiments\yolov8_search_comparison\training\yolov8s_sim_20260902\dataset\images\train\train_v04_moderate__frame_0046.jpg,C:\Users\lab\Counterfactual-XAI-Verifier\experiments\yolov8_search_comparison\training\yolov8s_sim_20260902\dataset\labels\train\train_v04_moderate__frame_0046.txt,D5B0196B34D90CC677752E6831F944D039B50C67804FCB89C329C6BE25E6173E,2,0,01B731BB112306F06C1540F681223FEFB7C3CC11AB17EAD01505E2FC05CDCD86
train_v04_moderate,train,4,49,C:\Users\lab\Counterfactual-XAI-Verifier\experiments\yolov8_search_comparison\training\yolov8s_sim_20260902\dataset\images\train\train_v04_moderate__frame_0049.jpg,C:\Users\lab\Counterfactual-XAI-Verifier\experiments\yolov8_search_comparison\training\yolov8s_sim_20260902\dataset\labels\train\train_v04_moderate__frame_0049.txt,ECC6ECB222E9A4E6846C26C0E5B68E12FE3A721FB7329439FF8086281C2A28FF,2,0,466768599F04639603035803D7DDE96EB91365003DAB7441BB9601996A0FEC54
train_v04_moderate,train,4,52,C:\Users\lab\Counterfactual-XAI-Verifier\experiments\yolov8_search_comparison\training\yolov8s_sim_20260902\dataset\images\train\train_v04_moderate__frame_0052.jpg,C:\Users\lab\Counterfactual-XAI-Verifier\experiments\yolov8_search_comparison\training\yolov8s_sim_20260902\dataset\labels\train\train_v04_moderate__frame_0052.txt,663892B7FFD5877079A0CCD5A1B098DDBBB693AFE02D7818FC2C978B78EC775C,2,0,D3559436E99499C87D86EFD4C491E7610E3F28F914BAC48A93AEBD5BA6D8F565
train_v04_moderate,train,4,55,C:\Users\lab\Counterfactual-XAI-Verifier\experiments\yolov8_search_comparison\training\yolov8s_sim_20260902\dataset\images\train\train_v04_moderate__frame_0055.jpg,C:\Users\lab\Counterfactual-XAI-Verifier\experiments\yolov8_search_comparison\training\yolov8s_sim_20260902\dataset\labels\train\train_v04_moderate__frame_0055.txt,D010F308BDFA5FED2AFA7CDA1E7E1C1C15BAD6DF76D02C95494D2F99D4AB86C1,1,0,C6B10835927C101F12835590A129EABF9FAC75B0083CC6AA0CE16ED372B2881C
train_v04_moderate,train,4,58,C:\Users\lab\Counterfactual-XAI-Verifier\experiments\yolov8_search_comparison\training\yolov8s_sim_20260902\dataset\images\train\train_v04_moderate__frame_0058.jpg,C:\Users\lab\Counterfactual-XAI-Verifier\experiments\yolov8_search_comparison\training\yolov8s_sim_20260902\dataset\labels\train\train_v04_moderate__frame_0058.txt,49451430051B60F51B13E08151AE5911C3EAC9EF3281040ED6FC56D9BF54A3BE,1,0,6E7F64764E332BCA2B544D071CCE170E395967B7B8B6FE05A7C843122F276BE4
train_v04_moderate,train,4,61,C:\Users\lab\Counterfactual-XAI-Verifier\experiments\yolov8_search_comparison\training\yolov8s_sim_20260902\dataset\images\train\train_v04_moderate__frame_0061.jpg,C:\Users\lab\Counterfactual-XAI-Verifier\experiments\yolov8_search_comparison\training\yolov8s_sim_20260902\dataset\labels\train\train_v04_moderate__frame_0061.txt,B1171F883427692A92A623FF16BB2073CF7B1A5F0953DDC0DABD6348448DF532,1,0,258152FBE2D86955899C602B2197C4C77C456443A4299C451BC65FB155E5EE1B
train_v04_moderate,train,4,64,C:\Users\lab\Counterfactual-XAI-Verifier\experiments\yolov8_search_comparison\training\yolov8s_sim_20260902\dataset\images\train\train_v04_moderate__frame_0064.jpg,C:\Users\lab\Counterfactual-XAI-Verifier\experiments\yolov8_search_comparison\training\yolov8s_sim_20260902\dataset\labels\train\train_v04_moderate__frame_0064.txt,4228C73E9B5F15483B7A4079F8BF5A04A53A6A057FA562B3888EDFF7A447633C,1,0,82882B43244598DCB35CA708F1E7BA075EA88A6F03727C47B5B1A074A5D9464F
train_v04_moderate,train,4,67,C:\Users\lab\Counterfactual-XAI-Verifier\experiments\yolov8_search_comparison\training\yolov8s_sim_20260902\dataset\images\train\train_v04_moderate__frame_0067.jpg,C:\Users\lab\Counterfactual-XAI-Verifier\experiments\yolov8_search_comparison\training\yolov8s_sim_20260902\dataset\labels\train\train_v04_moderate__frame_0067.txt,62D568E21707EC79FD009EE8264BE303CBE9F64A995F74C45C4E6E2C58B749FA,1,0,D5C71DF8C44616C01A2DF8CD69D5C4BF1F46AE86958A4CFC200129CE2B876FD2
train_v04_moderate,train,4,70,C:\Users\lab\Counterfactual-XAI-Verifier\experiments\yolov8_search_comparison\training\yolov8s_sim_20260902\dataset\images\train\train_v04_moderate__frame_0070.jpg,C:\Users\lab\Counterfactual-XAI-Verifier\experiments\yolov8_search_comparison\training\yolov8s_sim_20260902\dataset\labels\train\train_v04_moderate__frame_0070.txt,6871009A7504BEB33E26D054AB3F072659C43A4CA1E7BAF259390E8015432571,1,0,53154BF46D065140D8B6E3777E6ADDD471666889265861E02AA808C9386CD7C7
train_v04_moderate,train,4,73,C:\Users\lab\Counterfactual-XAI-Verifier\experiments\yolov8_search_comparison\training\yolov8s_sim_20260902\dataset\images\train\train_v04_moderate__frame_0073.jpg,C:\Users\lab\Counterfactual-XAI-Verifier\experiments\yolov8_search_comparison\training\yolov8s_sim_20260902\dataset\labels\train\train_v04_moderate__frame_0073.txt,AB0BFED5BA5EA3AA97C2DE4A3B148B83B1F972855D80D7CE925053C96C005465,1,1,F52120B42C1BE181DCC5F6B03A24B25496EE10DAD98DE75E78B325A7DA76EAE6
train_v04_moderate,train,4,76,C:\Users\lab\Counterfactual-XAI-Verifier\experiments\yolov8_search_comparison\training\yolov8s_sim_20260902\dataset\images\train\train_v04_moderate__frame_0076.jpg,C:\Users\lab\Counterfactual-XAI-Verifier\experiments\yolov8_search_comparison\training\yolov8s_sim_20260902\dataset\labels\train\train_v04_moderate__frame_0076.txt,C8071CCD18BA0FDDC8B9D0F26388524A549E2059D2EA54A8BAAD4E629E437C6F,1,1,B7213FDBB8CC50E82DF195FE408184199B19862A9D2A1CBCB317897143ED13FD
train_v04_moderate,train,4,79,C:\Users\lab\Counterfactual-XAI-Verifier\experiments\yolov8_search_comparison\training\yolov8s_sim_20260902\dataset\images\train\train_v04_moderate__frame_0079.jpg,C:\Users\lab\Counterfactual-XAI-Verifier\experiments\yolov8_search_comparison\training\yolov8s_sim_20260902\dataset\labels\train\train_v04_moderate__frame_0079.txt,8DE57D07D140126BDF06C75D38F5A5A4540F9880FCAD27438FCD4611F88507CC,0,1,286C46F2098013580394BDD6050D44013919D940DC4B2C8B9FB1DD1C6F1607DA
train_v04_moderate,train,4,82,C:\Users\lab\Counterfactual-XAI-Verifier\experiments\yolov8_search_comparison\training\yolov8s_sim_20260902\dataset\images\train\train_v04_moderate__frame_0082.jpg,C:\Users\lab\Counterfactual-XAI-Verifier\experiments\yolov8_search_comparison\training\yolov8s_sim_20260902\dataset\labels\train\train_v04_moderate__frame_0082.txt,50D363A0B9F9E70F4656C130C43AAFAEABE5944C56E0A806F74423A4FA3B80F5,0,1,5DB61ECCCE9F7BC7EC03FC3781F46CFBC1D4DDD0BA1EF1DECEF8C884283E00F7
train_v04_moderate,train,4,85,C:\Users\lab\Counterfactual-XAI-Verifier\experiments\yolov8_search_comparison\training\yolov8s_sim_20260902\dataset\images\train\train_v04_moderate__frame_0085.jpg,C:\Users\lab\Counterfactual-XAI-Verifier\experiments\yolov8_search_comparison\training\yolov8s_sim_20260902\dataset\labels\train\train_v04_moderate__frame_0085.txt,06E968470160BA75ECC2AE0D6AE751F818EEBBFCAF4E0233034AB4C70731FB61,0,1,0946B9B58BDA1789550F480760FD74D9F5163C9DE3466A36967BC540B8FE7910
train_v04_moderate,train,4,88,C:\Users\lab\Counterfactual-XAI-Verifier\experiments\yolov8_search_comparison\training\yolov8s_sim_20260902\dataset\images\train\train_v04_moderate__frame_0088.jpg,C:\Users\lab\Counterfactual-XAI-Verifier\experiments\yolov8_search_comparison\training\yolov8s_sim_20260902\dataset\labels\train\train_v04_moderate__frame_0088.txt,CBCC694CA4C8CEF0EE5F388DC458683A4DCDC96E4A97AFC9E63B5446B6333F97,0,1,6DDECCF8F8D07FA440ACB5F92D077B64DC93C4C62E6F3C9E06C2AA319341A3E1
train_v04_moderate,train,4,91,C:\Users\lab\Counterfactual-XAI-Verifier\experiments\yolov8_search_comparison\training\yolov8s_sim_20260902\dataset\images\train\train_v04_moderate__frame_0091.jpg,C:\Users\lab\Counterfactual-XAI-Verifier\experiments\yolov8_search_comparison\training\yolov8s_sim_20260902\dataset\labels\train\train_v04_moderate__frame_0091.txt,B7453E256A4A0824F9DE681A1483D0C46BF2BB88A88C3813E36BCDE6F9E4BAF8,0,1,5DCF2CD5C36AA9A81CD06A421AE6B83BBE7D9021D15AA42A03C32640451907E5
train_v04_moderate,train,4,94,C:\Users\lab\Counterfactual-XAI-Verifier\experiments\yolov8_search_comparison\training\yolov8s_sim_20260902\dataset\images\train\train_v04_moderate__frame_0094.jpg,C:\Users\lab\Counterfactual-XAI-Verifier\experiments\yolov8_search_comparison\training\yolov8s_sim_20260902\dataset\labels\train\train_v04_moderate__frame_0094.txt,8C746B10AF75FD9D38BAFECFB584CD6BCDB75D727CEAF030852731506B7560E8,0,1,DE1A76C2BF65622F827EE19FE28E9D7020DBBCFD4612C3ECA6C1FFE875266BD6
train_v04_moderate,train,4,97,C:\Users\lab\Counterfactual-XAI-Verifier\experiments\yolov8_search_comparison\training\yolov8s_sim_20260902\dataset\images\train\train_v04_moderate__frame_0097.jpg,C:\Users\lab\Counterfactual-XAI-Verifier\experiments\yolov8_search_comparison\training\yolov8s_sim_20260902\dataset\labels\train\train_v04_moderate__frame_0097.txt,2BBC876D1A89004D073A0B57EF51011A9EB6EA33252AF16928E0E858FCDC78EF,0,1,1CF0526A616BBF571335B30B0D4A3FB205CFC12DF10F558E07DB30FED1EE44A0
train_v04_moderate,train,4,100,C:\Users\lab\Counterfactual-XAI-Verifier\experiments\yolov8_search_comparison\training\yolov8s_sim_20260902\dataset\images\train\train_v04_moderate__frame_0100.jpg,C:\Users\lab\Counterfactual-XAI-Verifier\experiments\yolov8_search_comparison\training\yolov8s_sim_20260902\dataset\labels\train\train_v04_moderate__frame_0100.txt,6611F990BAEDEABD66646A89BF46B400C81888514C162A99B057BD1D7FF3BF86,0,1,D9369A02F8F2E1BB68E47F44C823B9C26E95BE7BB4317D381A10925C6E9084DD
train_v04_moderate,train,4,103,C:\Users\lab\Counterfactual-XAI-Verifier\experiments\yolov8_search_comparison\training\yolov8s_sim_20260902\dataset\images\train\train_v04_moderate__frame_0103.jpg,C:\Users\lab\Counterfactual-XAI-Verifier\experiments\yolov8_search_comparison\training\yolov8s_sim_20260902\dataset\labels\train\train_v04_moderate__frame_0103.txt,B478B6438D651DDA9DB4D14139F66069671E41C8D32782B6F93DF23DFCEB2B57,0,1,3B03421CFF9DF2357560DD48AF8CCF2A4B50BC55434F4C1AA9ACCA8CD5043600
train_v04_moderate,train,4,106,C:\Users\lab\Counterfactual-XAI-Verifier\experiments\yolov8_search_comparison\training\yolov8s_sim_20260902\dataset\images\train\train_v04_moderate__frame_0106.jpg,C:\Users\lab\Counterfactual-XAI-Verifier\experiments\yolov8_search_comparison\training\yolov8s_sim_20260902\dataset\labels\train\train_v04_moderate__frame_0106.txt,BDC5920CB6683E2C7DEF884BAB754EFC8F2CBF1567C137C8714FD346F64E576F,0,2,DEFFBBD19CC2B91A99E55DBA0659EDC140ACA212447DB541CD11431251DAB461
train_v04_moderate,train,4,109,C:\Users\lab\Counterfactual-XAI-Verifier\experiments\yolov8_search_comparison\training\yolov8s_sim_20260902\dataset\images\train\train_v04_moderate__frame_0109.jpg,C:\Users\lab\Counterfactual-XAI-Verifier\experiments\yolov8_search_comparison\training\yolov8s_sim_20260902\dataset\labels\train\train_v04_moderate__frame_0109.txt,402C38766C577E4819A61B83CDF699D6EFBCD212F92DCE009886C56BC12D96A7,0,2,7DA1C18D187AED5040D92422986E2E68A6CEE29E5A39FE5D2BA80E20E9C97F2F
train_v04_moderate,train,4,112,C:\Users\lab\Counterfactual-XAI-Verifier\experiments\yolov8_search_comparison\training\yolov8s_sim_20260902\dataset\images\train\train_v04_moderate__frame_0112.jpg,C:\Users\lab\Counterfactual-XAI-Verifier\experiments\yolov8_search_comparison\training\yolov8s_sim_20260902\dataset\labels\train\train_v04_moderate__frame_0112.txt,92657B0F7710EE1BC29A01C024C3F01108DBF63B89372068F138E441BA985C9B,0,2,091B84921A1BC5F846D5EA8EDB8356CD0D5B0247793FFE1D7DD229A9A89D9ADD
train_v04_moderate,train,4,115,C:\Users\lab\Counterfactual-XAI-Verifier\experiments\yolov8_search_comparison\training\yolov8s_sim_20260902\dataset\images\train\train_v04_moderate__frame_0115.jpg,C:\Users\lab\Counterfactual-XAI-Verifier\experiments\yolov8_search_comparison\training\yolov8s_sim_20260902\dataset\labels\train\train_v04_moderate__frame_0115.txt,0C34F5D408A7C48DB0E1E15AC89320056C3BB2AFBE01B1AFD0208AD06D95F744,0,2,9A97FF049785B9D5A8DD209C57651B25759D0417B712DB5281930F17D3AEDD9B
train_v04_moderate,train,4,118,C:\Users\lab\Counterfactual-XAI-Verifier\experiments\yolov8_search_comparison\training\yolov8s_sim_20260902\dataset\images\train\train_v04_moderate__frame_0118.jpg,C:\Users\lab\Counterfactual-XAI-Verifier\experiments\yolov8_search_comparison\training\yolov8s_sim_20260902\dataset\labels\train\train_v04_moderate__frame_0118.txt,5B87DFD1F14E261E9AE7EFAACB08F28524128EF54D071628B5892D6A20AAF0AA,0,2,DEC01E0B5449C1D4D9C354F44B8B275C2626777EF7DF1279BABB9B426F924439
train_v04_moderate,train,4,121,C:\Users\lab\Counterfactual-XAI-Verifier\experiments\yolov8_search_comparison\training\yolov8s_sim_20260902\dataset\images\train\train_v04_moderate__frame_0121.jpg,C:\Users\lab\Counterfactual-XAI-Verifier\experiments\yolov8_search_comparison\training\yolov8s_sim_20260902\dataset\labels\train\train_v04_moderate__frame_0121.txt,931613C97697B6C076D69BF94940F2806A13D6CBDE2F35669BEF28ECBE4E270F,0,2,D1BD1664CF50FCDA77F370163D8BDEC949D6D95E46702C9BF815306EDFCEF3CD
train_v04_moderate,train,4,124,C:\Users\lab\Counterfactual-XAI-Verifier\experiments\yolov8_search_comparison\training\yolov8s_sim_20260902\dataset\images\train\train_v04_moderate__frame_0124.jpg,C:\Users\lab\Counterfactual-XAI-Verifier\experiments\yolov8_search_comparison\training\yolov8s_sim_20260902\dataset\labels\train\train_v04_moderate__frame_0124.txt,BD13BB86E39AFEFBA8959EF2E2037BA554CA578A32DEB0B9C39EE0DAA0E14686,0,2,0DD0E40A31F0D340B1B5AC0F6B94A3F8A1892AD86A37D6DD50A8B5572720C8B7
train_v04_moderate,train,4,127,C:\Users\lab\Counterfactual-XAI-Verifier\experiments\yolov8_search_comparison\training\yolov8s_sim_20260902\dataset\images\train\train_v04_moderate__frame_0127.jpg,C:\Users\lab\Counterfactual-XAI-Verifier\experiments\yolov8_search_comparison\training\yolov8s_sim_20260902\dataset\labels\train\train_v04_moderate__frame_0127.txt,2AECDC3FC5900296205623765E8EE1D19B150E97571B614F7BC1E430808D72CA,0,2,F57A89D14E98140AF9AB9FF82D55A7A48895115FBE1ECEB7E1ABFFA253B54DC5
train_v04_moderate,train,4,130,C:\Users\lab\Counterfactual-XAI-Verifier\experiments\yolov8_search_comparison\training\yolov8s_sim_20260902\dataset\images\train\train_v04_moderate__frame_0130.jpg,C:\Users\lab\Counterfactual-XAI-Verifier\experiments\yolov8_search_comparison\training\yolov8s_sim_20260902\dataset\labels\train\train_v04_moderate__frame_0130.txt,2AD1EB9A49A7E4E07138F4C7F9A30D752971C52BCE129804E830D7B2F1AA1C09,0,1,003709C126DF2EEC5BFE317D86FA8C0276F1CB090D55E8E1810584343F0B13E8
train_v04_moderate,train,4,133,C:\Users\lab\Counterfactual-XAI-Verifier\experiments\yolov8_search_comparison\training\yolov8s_sim_20260902\dataset\images\train\train_v04_moderate__frame_0133.jpg,C:\Users\lab\Counterfactual-XAI-Verifier\experiments\yolov8_search_comparison\training\yolov8s_sim_20260902\dataset\labels\train\train_v04_moderate__frame_0133.txt,0E399E0951648F90DC77A07833E5231EA152337D52E13AED4D4767F8DFC7A536,0,1,36D8F4AB98FFB56B564065A950B26E847639308319097A7FA2AC3B479EB67839
train_v04_moderate,train,4,136,C:\Users\lab\Counterfactual-XAI-Verifier\experiments\yolov8_search_comparison\training\yolov8s_sim_20260902\dataset\images\train\train_v04_moderate__frame_0136.jpg,C:\Users\lab\Counterfactual-XAI-Verifier\experiments\yolov8_search_comparison\training\yolov8s_sim_20260902\dataset\labels\train\train_v04_moderate__frame_0136.txt,54F1D06EA0B75CFBECCD97675B9D05299F8B58588509B8BC7FFF6A139574C07A,0,1,3F2453B58F57961BE121823C5803D01673CF16E2FF2BB9099F59E80989CBFD0D
train_v04_moderate,train,4,139,C:\Users\lab\Counterfactual-XAI-Verifier\experiments\yolov8_search_comparison\training\yolov8s_sim_20260902\dataset\images\train\train_v04_moderate__frame_0139.jpg,C:\Users\lab\Counterfactual-XAI-Verifier\experiments\yolov8_search_comparison\training\yolov8s_sim_20260902\dataset\labels\train\train_v04_moderate__frame_0139.txt,CE8DEDC7C46F805253FFECB4802DDC530461277C50C28B9C533C5683C9DCAB8C,0,1,822C21606B4E976068C8F329C00002486F210FF173F0F2B4A31D2809179C6496
train_v04_moderate,train,4,142,C:\Users\lab\Counterfactual-XAI-Verifier\experiments\yolov8_search_comparison\training\yolov8s_sim_20260902\dataset\images\train\train_v04_moderate__frame_0142.jpg,C:\Users\lab\Counterfactual-XAI-Verifier\experiments\yolov8_search_comparison\training\yolov8s_sim_20260902\dataset\labels\train\train_v04_moderate__frame_0142.txt,F3D6E9D527AD403BDE317F93D0AFE6CF536F68C2074D2CFD0799284BA1E95FA5,0,1,EC880674C4DA5D76B31847DD3426C3A7DD68D926568DDE5A4F8376091AFA3148
train_v04_moderate,train,4,145,C:\Users\lab\Counterfactual-XAI-Verifier\experiments\yolov8_search_comparison\training\yolov8s_sim_20260902\dataset\images\train\train_v04_moderate__frame_0145.jpg,C:\Users\lab\Counterfactual-XAI-Verifier\experiments\yolov8_search_comparison\training\yolov8s_sim_20260902\dataset\labels\train\train_v04_moderate__frame_0145.txt,24F855064AEFC4644F60108F14891BB1408C714E324E80A074B20CE22B207EF1,0,1,0331F226A00CB1EE7F56A9A3C3B3E432851DE9458815FE3C8B330B6EA1964A26
train_v04_moderate,train,4,148,C:\Users\lab\Counterfactual-XAI-Verifier\experiments\yolov8_search_comparison\training\yolov8s_sim_20260902\dataset\images\train\train_v04_moderate__frame_0148.jpg,C:\Users\lab\Counterfactual-XAI-Verifier\experiments\yolov8_search_comparison\training\yolov8s_sim_20260902\dataset\labels\train\train_v04_moderate__frame_0148.txt,653CACBF64A547CC7DFC017D9510E014C0AC7D98D01E191D5D926393340E8BCC,0,1,CA30442CCF251EF73649C45A84A2DE101C5EFFA9C67FC294CE79433535703DAA
train_v04_moderate,train,4,151,C:\Users\lab\Counterfactual-XAI-Verifier\experiments\yolov8_search_comparison\training\yolov8s_sim_20260902\dataset\images\train\train_v04_moderate__frame_0151.jpg,C:\Users\lab\Counterfactual-XAI-Verifier\experiments\yolov8_search_comparison\training\yolov8s_sim_20260902\dataset\labels\train\train_v04_moderate__frame_0151.txt,FD393C55EA89B4EA978B1209E258EA3BB3619EAF25D4C03CA5E89629AC211464,0,1,21EA981A4186235F83308616F73B4C6DE976D97C92CF2043786775F7E29CA592
train_v04_moderate,train,4,154,C:\Users\lab\Counterfactual-XAI-Verifier\experiments\yolov8_search_comparison\training\yolov8s_sim_20260902\dataset\images\train\train_v04_moderate__frame_0154.jpg,C:\Users\lab\Counterfactual-XAI-Verifier\experiments\yolov8_search_comparison\training\yolov8s_sim_20260902\dataset\labels\train\train_v04_moderate__frame_0154.txt,68089A54270069C899771C724E0D569ECA56AC3909770F3DD43C3361B6BECB88,0,1,D85B8FE033E9F7B8A16A86C9ACB6001E5E5605E438FA8DFC17AEFEDB89AB1CFA
train_v04_moderate,train,4,157,C:\Users\lab\Counterfactual-XAI-Verifier\experiments\yolov8_search_comparison\training\yolov8s_sim_20260902\dataset\images\train\train_v04_moderate__frame_0157.jpg,C:\Users\lab\Counterfactual-XAI-Verifier\experiments\yolov8_search_comparison\training\yolov8s_sim_20260902\dataset\labels\train\train_v04_moderate__frame_0157.txt,49464E098BA4F04C25DEF45FB974C6E515660CD56D60521D2ECFD8DF5AA96FFC,0,1,7C1D2CB7EF4FE8368D823A7F66D2B5E935FA6B33ADE53B974EA4EAFDBC798E42
train_v04_moderate,train,4,160,C:\Users\lab\Counterfactual-XAI-Verifier\experiments\yolov8_search_comparison\training\yolov8s_sim_20260902\dataset\images\train\train_v04_moderate__frame_0160.jpg,C:\Users\lab\Counterfactual-XAI-Verifier\experiments\yolov8_search_comparison\training\yolov8s_sim_20260902\dataset\labels\train\train_v04_moderate__frame_0160.txt,CB3BC2E6D3A099026266274EB5BE2FCAEB36FF4E901D66B0D228236420B0F76F,0,1,EAF996011C4845CA588427C9C7DF171821E51F2A28F25EB60A1C6A7C08DB5B28
train_v04_moderate,train,4,163,C:\Users\lab\Counterfactual-XAI-Verifier\experiments\yolov8_search_comparison\training\yolov8s_sim_20260902\dataset\images\train\train_v04_moderate__frame_0163.jpg,C:\Users\lab\Counterfactual-XAI-Verifier\experiments\yolov8_search_comparison\training\yolov8s_sim_20260902\dataset\labels\train\train_v04_moderate__frame_0163.txt,4210E65EC838034E99DB733A651310432203D0F33CD857C1133AAA208DD677C4,0,0,F874166522C662271D3477B0AFE573639DA5BC93217A4AD09EC4DDAF016416FA
train_v04_moderate,train,4,166,C:\Users\lab\Counterfactual-XAI-Verifier\experiments\yolov8_search_comparison\training\yolov8s_sim_20260902\dataset\images\train\train_v04_moderate__frame_0166.jpg,C:\Users\lab\Counterfactual-XAI-Verifier\experiments\yolov8_search_comparison\training\yolov8s_sim_20260902\dataset\labels\train\train_v04_moderate__frame_0166.txt,D870D8E60FCCE08814602CBF635D69D9DCAA0C3B4688D6F1DD91524F505F9346,0,0,9F36786E5B7BB6DF5F098CE6B0BE1D49A8C96BCD768EFF3AD4888542E881545C
train_v04_moderate,train,4,169,C:\Users\lab\Counterfactual-XAI-Verifier\experiments\yolov8_search_comparison\training\yolov8s_sim_20260902\dataset\images\train\train_v04_moderate__frame_0169.jpg,C:\Users\lab\Counterfactual-XAI-Verifier\experiments\yolov8_search_comparison\training\yolov8s_sim_20260902\dataset\labels\train\train_v04_moderate__frame_0169.txt,2BEEA7E1168A05D77AD0585E9A58AF15EED176EBFD249F80C4B3FC653B8DC02F,0,0,E110E741F6C67DD85924B1497A3A1FF8330FFF02A49F9315154A15FF99A0E0D8
train_v04_moderate,train,4,172,C:\Users\lab\Counterfactual-XAI-Verifier\experiments\yolov8_search_comparison\training\yolov8s_sim_20260902\dataset\images\train\train_v04_moderate__frame_0172.jpg,C:\Users\lab\Counterfactual-XAI-Verifier\experiments\yolov8_search_comparison\training\yolov8s_sim_20260902\dataset\labels\train\train_v04_moderate__frame_0172.txt,E720ABD6FF1D008ADF1EF24785D8815272EDF6A6330030530E956F52672C964D,0,0,C16E161CB7F52B9285B9E7A4FFA5025F16F97879C46AC4A0EF8416B88500B565
train_v04_moderate,train,4,175,C:\Users\lab\Counterfactual-XAI-Verifier\experiments\yolov8_search_comparison\training\yolov8s_sim_20260902\dataset\images\train\train_v04_moderate__frame_0175.jpg,C:\Users\lab\Counterfactual-XAI-Verifier\experiments\yolov8_search_comparison\training\yolov8s_sim_20260902\dataset\labels\train\train_v04_moderate__frame_0175.txt,042CFFDBCA3C41949048E088DE12BDE0B0491FEF4328053984DAF59EA37B713D,0,0,5EDE14351D9EE06DF973030DDC65DE0EC2F64110DA7B68375F80867432B489C4
train_v04_moderate,train,4,178,C:\Users\lab\Counterfactual-XAI-Verifier\experiments\yolov8_search_comparison\training\yolov8s_sim_20260902\dataset\images\train\train_v04_moderate__frame_0178.jpg,C:\Users\lab\Counterfactual-XAI-Verifier\experiments\yolov8_search_comparison\training\yolov8s_sim_20260902\dataset\labels\train\train_v04_moderate__frame_0178.txt,2A37BE2F969ABF1C1F2FA93A0DD07E69495B9C6F50F2BC0E65B03BDD7B78D9B8,0,0,FBC463545BA54AC80B3EFAF37D82C2EB3DA644E22E4E5854716D7CC250F3FA7C
train_v04_moderate,train,4,181,C:\Users\lab\Counterfactual-XAI-Verifier\experiments\yolov8_search_comparison\training\yolov8s_sim_20260902\dataset\images\train\train_v04_moderate__frame_0181.jpg,C:\Users\lab\Counterfactual-XAI-Verifier\experiments\yolov8_search_comparison\training\yolov8s_sim_20260902\dataset\labels\train\train_v04_moderate__frame_0181.txt,239E0AB7BAFD9FD482A67D4DE84287A51595FFF04298A220C25E76B880AC9F8D,0,0,EE43A225B2E09D2F3851B851242EAAF2450548C1970EEED31FF965E94CF4D59E
train_v05_hard,train,5,1,C:\Users\lab\Counterfactual-XAI-Verifier\experiments\yolov8_search_comparison\training\yolov8s_sim_20260902\dataset\images\train\train_v05_hard__frame_0001.jpg,C:\Users\lab\Counterfactual-XAI-Verifier\experiments\yolov8_search_comparison\training\yolov8s_sim_20260902\dataset\labels\train\train_v05_hard__frame_0001.txt,74F0E15176ED5945C7B3989DC07B0D6D6CA18A826119E26E0DF903E0A5E51B6D,2,0,E38C60745BC623AD8D91877EECB18ED78D4EE25716165D9C372102AC8CA194E7
train_v05_hard,train,5,4,C:\Users\lab\Counterfactual-XAI-Verifier\experiments\yolov8_search_comparison\training\yolov8s_sim_20260902\dataset\images\train\train_v05_hard__frame_0004.jpg,C:\Users\lab\Counterfactual-XAI-Verifier\experiments\yolov8_search_comparison\training\yolov8s_sim_20260902\dataset\labels\train\train_v05_hard__frame_0004.txt,05EA2D30DBA22DFB76E5ED085C8631A65DB2A438C4861929EDF224CBC97C8A69,2,0,711427F8839E743B84B7E0CBBDCE53AC8A48A73E40E0F776AFA53811CAD705C3
train_v05_hard,train,5,7,C:\Users\lab\Counterfactual-XAI-Verifier\experiments\yolov8_search_comparison\training\yolov8s_sim_20260902\dataset\images\train\train_v05_hard__frame_0007.jpg,C:\Users\lab\Counterfactual-XAI-Verifier\experiments\yolov8_search_comparison\training\yolov8s_sim_20260902\dataset\labels\train\train_v05_hard__frame_0007.txt,37E3A95571C203550373EA438D02D4DBBA4C6DC939AC333A287B3DA3CB6D0764,2,0,41E13B0DACCABA92B3E5A5AC3D6877B3E2994FF113EAD68989FB42091F2B3BAC
train_v05_hard,train,5,10,C:\Users\lab\Counterfactual-XAI-Verifier\experiments\yolov8_search_comparison\training\yolov8s_sim_20260902\dataset\images\train\train_v05_hard__frame_0010.jpg,C:\Users\lab\Counterfactual-XAI-Verifier\experiments\yolov8_search_comparison\training\yolov8s_sim_20260902\dataset\labels\train\train_v05_hard__frame_0010.txt,A9DD2E6DD952E84A52B76D4F83F9F9A9BDACDDDB705CFFE9D9C89F925671D44D,2,0,490CE3BDA073C9A4E79265B5CDBEC6C6045A73F04887C92B97CB9E4B1CA50922
train_v05_hard,train,5,13,C:\Users\lab\Counterfactual-XAI-Verifier\experiments\yolov8_search_comparison\training\yolov8s_sim_20260902\dataset\images\train\train_v05_hard__frame_0013.jpg,C:\Users\lab\Counterfactual-XAI-Verifier\experiments\yolov8_search_comparison\training\yolov8s_sim_20260902\dataset\labels\train\train_v05_hard__frame_0013.txt,DB4B45FB23175E7FC9F07AF61CA429A63E3CA3DBCB97CA5AD0E83D7BEFAE607C,2,0,402B2E5F2143D7C7E69081691DD81A17BE83A24CF00CEB5BF6F259487A8D8AF8
train_v05_hard,train,5,16,C:\Users\lab\Counterfactual-XAI-Verifier\experiments\yolov8_search_comparison\training\yolov8s_sim_20260902\dataset\images\train\train_v05_hard__frame_0016.jpg,C:\Users\lab\Counterfactual-XAI-Verifier\experiments\yolov8_search_comparison\training\yolov8s_sim_20260902\dataset\labels\train\train_v05_hard__frame_0016.txt,90AFA8354D863845EE0FE1B741721B345C6F096D455676463D8EC33F9C7845CA,2,0,8169E6F5DAF236F891720C43FA5016B31CFC69EDC553390D1D404F3858B61F66
train_v05_hard,train,5,19,C:\Users\lab\Counterfactual-XAI-Verifier\experiments\yolov8_search_comparison\training\yolov8s_sim_20260902\dataset\images\train\train_v05_hard__frame_0019.jpg,C:\Users\lab\Counterfactual-XAI-Verifier\experiments\yolov8_search_comparison\training\yolov8s_sim_20260902\dataset\labels\train\train_v05_hard__frame_0019.txt,D37F9620068658CBC281A11C3E75FDDAE6FF8F183CFAA000F521A496E746F1E3,1,0,7CB7384FED7636179CDB87D3ED50619976B4B82DBD5390465EE695A0D922167F
train_v05_hard,train,5,22,C:\Users\lab\Counterfactual-XAI-Verifier\experiments\yolov8_search_comparison\training\yolov8s_sim_20260902\dataset\images\train\train_v05_hard__frame_0022.jpg,C:\Users\lab\Counterfactual-XAI-Verifier\experiments\yolov8_search_comparison\training\yolov8s_sim_20260902\dataset\labels\train\train_v05_hard__frame_0022.txt,4ACDD1819A9F9BDFF72D0232127FEC047E33190C304C2BF47059A37AF27FB578,1,0,394F4ADC21B975B652FAF7867C6158788EFAD4B546CEB102BF0B03167335CC47
train_v05_hard,train,5,25,C:\Users\lab\Counterfactual-XAI-Verifier\experiments\yolov8_search_comparison\training\yolov8s_sim_20260902\dataset\images\train\train_v05_hard__frame_0025.jpg,C:\Users\lab\Counterfactual-XAI-Verifier\experiments\yolov8_search_comparison\training\yolov8s_sim_20260902\dataset\labels\train\train_v05_hard__frame_0025.txt,2E1334022FF9B32A87E19A1DDEB8D2220FF205BAB0D57153A0D1F2FE1A29408C,1,0,634BCACEB8491C8B80796134633318FED1DACB32660D8F20FB90E193358D828A
train_v05_hard,train,5,28,C:\Users\lab\Counterfactual-XAI-Verifier\experiments\yolov8_search_comparison\training\yolov8s_sim_20260902\dataset\images\train\train_v05_hard__frame_0028.jpg,C:\Users\lab\Counterfactual-XAI-Verifier\experiments\yolov8_search_comparison\training\yolov8s_sim_20260902\dataset\labels\train\train_v05_hard__frame_0028.txt,A92C44F7B1A72552D857660C172BF4C41FE2764EB3D2C4959A4688CCE3763255,1,0,C4A34E1747DFEE0B1ACAAED3B6C838145E2358DAB4CF32EE4286CDC97C6ED99A
train_v05_hard,train,5,31,C:\Users\lab\Counterfactual-XAI-Verifier\experiments\yolov8_search_comparison\training\yolov8s_sim_20260902\dataset\images\train\train_v05_hard__frame_0031.jpg,C:\Users\lab\Counterfactual-XAI-Verifier\experiments\yolov8_search_comparison\training\yolov8s_sim_20260902\dataset\labels\train\train_v05_hard__frame_0031.txt,57007E9E2533294894803B1FAA7E888CF30573CA93A6B726F9389D9042EE3C97,1,0,64DD9E80A3DE917301CA6468D6E6D1E9F75C4C9FE43B2EEFB76BEE95A56DA42C
train_v05_hard,train,5,34,C:\Users\lab\Counterfactual-XAI-Verifier\experiments\yolov8_search_comparison\training\yolov8s_sim_20260902\dataset\images\train\train_v05_hard__frame_0034.jpg,C:\Users\lab\Counterfactual-XAI-Verifier\experiments\yolov8_search_comparison\training\yolov8s_sim_20260902\dataset\labels\train\train_v05_hard__frame_0034.txt,B0AD6DF0F8A92EFBB8FD8FE8609FF4265776151FB64F0F52A3F2D590CC25105E,1,0,F4022594FA55511B158F31C8895C510B4E60E2BC31A80CA8CA089081F101ACFD
train_v05_hard,train,5,37,C:\Users\lab\Counterfactual-XAI-Verifier\experiments\yolov8_search_comparison\training\yolov8s_sim_20260902\dataset\images\train\train_v05_hard__frame_0037.jpg,C:\Users\lab\Counterfactual-XAI-Verifier\experiments\yolov8_search_comparison\training\yolov8s_sim_20260902\dataset\labels\train\train_v05_hard__frame_0037.txt,D24D4C18790F23F402A3A59D2ED4FCA867CB358CC35338837820DFA99C57464B,1,0,C28285FCB9A8D87C93D249D61FBEA684C760B7799296D7F07C58E9A38D62D42D
train_v05_hard,train,5,40,C:\Users\lab\Counterfactual-XAI-Verifier\experiments\yolov8_search_comparison\training\yolov8s_sim_20260902\dataset\images\train\train_v05_hard__frame_0040.jpg,C:\Users\lab\Counterfactual-XAI-Verifier\experiments\yolov8_search_comparison\training\yolov8s_sim_20260902\dataset\labels\train\train_v05_hard__frame_0040.txt,4F8E2FFA5E43597029E27558D5EB3E7547D6F16BE6BE537EB2ADAB83F724E362,1,0,98E457377642A7D90B69A878C78C47E11B71C5286D4C3232CB98FCE18FFC137D
train_v05_hard,train,5,43,C:\Users\lab\Counterfactual-XAI-Verifier\experiments\yolov8_search_comparison\training\yolov8s_sim_20260902\dataset\images\train\train_v05_hard__frame_0043.jpg,C:\Users\lab\Counterfactual-XAI-Verifier\experiments\yolov8_search_comparison\training\yolov8s_sim_20260902\dataset\labels\train\train_v05_hard__frame_0043.txt,A04D8C84552B4FF1B0708E58974685CD9C410071553E366C31CADEF593DED340,1,0,46227E24E598F7045D8A9BF5F763F4C96DB20E8A9366EFEB5DDB41D99A1B06DE
train_v05_hard,train,5,46,C:\Users\lab\Counterfactual-XAI-Verifier\experiments\yolov8_search_comparison\training\yolov8s_sim_20260902\dataset\images\train\train_v05_hard__frame_0046.jpg,C:\Users\lab\Counterfactual-XAI-Verifier\experiments\yolov8_search_comparison\training\yolov8s_sim_20260902\dataset\labels\train\train_v05_hard__frame_0046.txt,AA80070351D158ACA5F6299DBBA08716BD7A442A0A7431266BDF6EB0FB9CCAA3,2,0,F2A96F637642F13B5FB4EB016964426FDAF56D137AAA5505228E9AF700445085
train_v05_hard,train,5,49,C:\Users\lab\Counterfactual-XAI-Verifier\experiments\yolov8_search_comparison\training\yolov8s_sim_20260902\dataset\images\train\train_v05_hard__frame_0049.jpg,C:\Users\lab\Counterfactual-XAI-Verifier\experiments\yolov8_search_comparison\training\yolov8s_sim_20260902\dataset\labels\train\train_v05_hard__frame_0049.txt,B8C3E8E631F4FFA607064ABB4EEACBEECF7FAA54E2B593407C2F7A7764580E5D,2,0,3DFBB932CADEBFDDD2B1E6D8CB444D5EBF72646FFAE8743E7A63806B4E4EFB66
train_v05_hard,train,5,52,C:\Users\lab\Counterfactual-XAI-Verifier\experiments\yolov8_search_comparison\training\yolov8s_sim_20260902\dataset\images\train\train_v05_hard__frame_0052.jpg,C:\Users\lab\Counterfactual-XAI-Verifier\experiments\yolov8_search_comparison\training\yolov8s_sim_20260902\dataset\labels\train\train_v05_hard__frame_0052.txt,3A7BE4E7C96DD76EEB456F0B0E9402FB6B6E16A78B98B15A99B659E5D85EF2E5,2,0,71FAE3D9E1D8CFF8BE2D800986070FF371977CBFF34FBCF7659195DAE024D436
train_v05_hard,train,5,55,C:\Users\lab\Counterfactual-XAI-Verifier\experiments\yolov8_search_comparison\training\yolov8s_sim_20260902\dataset\images\train\train_v05_hard__frame_0055.jpg,C:\Users\lab\Counterfactual-XAI-Verifier\experiments\yolov8_search_comparison\training\yolov8s_sim_20260902\dataset\labels\train\train_v05_hard__frame_0055.txt,81422D151963C23D4368EBF6B0091FCEA8684C4C761ABC4E219267A0A592CF38,2,0,876EB3FF992465448188EE25A881C671901B9F9BD8AFB713123D280D347ECCC3
train_v05_hard,train,5,58,C:\Users\lab\Counterfactual-XAI-Verifier\experiments\yolov8_search_comparison\training\yolov8s_sim_20260902\dataset\images\train\train_v05_hard__frame_0058.jpg,C:\Users\lab\Counterfactual-XAI-Verifier\experiments\yolov8_search_comparison\training\yolov8s_sim_20260902\dataset\labels\train\train_v05_hard__frame_0058.txt,53A6712C2DDCFE46610C936D854B86144FE7B5E5701E39C5E8DE6D6403737113,1,0,07B289DAA5635EC9EEC00B6854ADAC3DCC02CE783AF31A43186918B09FE829E1
train_v05_hard,train,5,61,C:\Users\lab\Counterfactual-XAI-Verifier\experiments\yolov8_search_comparison\training\yolov8s_sim_20260902\dataset\images\train\train_v05_hard__frame_0061.jpg,C:\Users\lab\Counterfactual-XAI-Verifier\experiments\yolov8_search_comparison\training\yolov8s_sim_20260902\dataset\labels\train\train_v05_hard__frame_0061.txt,128FEC1C77281AAC8CB963C338F42891AEFB992F5FF793F2E1E91F90D2141113,1,0,1FC694A4BA26C40E77292BA8359D1478DEDF5127F1313C5C4B26305AF4CB4D90
train_v05_hard,train,5,64,C:\Users\lab\Counterfactual-XAI-Verifier\experiments\yolov8_search_comparison\training\yolov8s_sim_20260902\dataset\images\train\train_v05_hard__frame_0064.jpg,C:\Users\lab\Counterfactual-XAI-Verifier\experiments\yolov8_search_comparison\training\yolov8s_sim_20260902\dataset\labels\train\train_v05_hard__frame_0064.txt,D795BDB6A3AC9CF1403047981C607A7CFBFDB11840C051189FAC058303336F00,1,0,BEC9916DE455D130D49F4AB9A9121036A05056A0692C95CF92E722613E5622D4
train_v05_hard,train,5,67,C:\Users\lab\Counterfactual-XAI-Verifier\experiments\yolov8_search_comparison\training\yolov8s_sim_20260902\dataset\images\train\train_v05_hard__frame_0067.jpg,C:\Users\lab\Counterfactual-XAI-Verifier\experiments\yolov8_search_comparison\training\yolov8s_sim_20260902\dataset\labels\train\train_v05_hard__frame_0067.txt,BAA7FBA715315B19E3E685316DA33F64E9018ABBE64EC35AFC25C4D23B77C86D,1,0,DDB23B5028938F65408DF6596BB1445F86209D12AC444BEB79B15EEBE2305465
train_v05_hard,train,5,70,C:\Users\lab\Counterfactual-XAI-Verifier\experiments\yolov8_search_comparison\training\yolov8s_sim_20260902\dataset\images\train\train_v05_hard__frame_0070.jpg,C:\Users\lab\Counterfactual-XAI-Verifier\experiments\yolov8_search_comparison\training\yolov8s_sim_20260902\dataset\labels\train\train_v05_hard__frame_0070.txt,B7356C618F1DA1CB5D0F01DA49DDAF53C587930235A5651D881E7E15A7EC6EA9,1,0,316C4F8B3D3DD1B6CACA72531C87D28D41964883405E85D6720848869F5D862F
train_v05_hard,train,5,73,C:\Users\lab\Counterfactual-XAI-Verifier\experiments\yolov8_search_comparison\training\yolov8s_sim_20260902\dataset\images\train\train_v05_hard__frame_0073.jpg,C:\Users\lab\Counterfactual-XAI-Verifier\experiments\yolov8_search_comparison\training\yolov8s_sim_20260902\dataset\labels\train\train_v05_hard__frame_0073.txt,60AC6FEF7845269D39983A7668C63DAFA09E8DD6747EF339202D98C9DFABF158,1,1,12B41631C48244AB007FCD517FD01C5A7AA4F200B9200F0E865F272D10AB19AC
train_v05_hard,train,5,76,C:\Users\lab\Counterfactual-XAI-Verifier\experiments\yolov8_search_comparison\training\yolov8s_sim_20260902\dataset\images\train\train_v05_hard__frame_0076.jpg,C:\Users\lab\Counterfactual-XAI-Verifier\experiments\yolov8_search_comparison\training\yolov8s_sim_20260902\dataset\labels\train\train_v05_hard__frame_0076.txt,85169D6B1623C2AEFF07885302B646443D8782D6B013A13942F323E0D0CFB82F,1,1,971431354837DC2E26B87A92D304A3E662E730D0D74A22C3127405DA13412C99
train_v05_hard,train,5,79,C:\Users\lab\Counterfactual-XAI-Verifier\experiments\yolov8_search_comparison\training\yolov8s_sim_20260902\dataset\images\train\train_v05_hard__frame_0079.jpg,C:\Users\lab\Counterfactual-XAI-Verifier\experiments\yolov8_search_comparison\training\yolov8s_sim_20260902\dataset\labels\train\train_v05_hard__frame_0079.txt,AC0E87974552B6065D2E835FD9E4C2D9C73F79B9126CC15A7532DE5566CCD572,1,1,7AF63A047CD35CEDFF20AC5F2BBCFED0FE42DD96600C3C004F89D71B486ECB70
train_v05_hard,train,5,82,C:\Users\lab\Counterfactual-XAI-Verifier\experiments\yolov8_search_comparison\training\yolov8s_sim_20260902\dataset\images\train\train_v05_hard__frame_0082.jpg,C:\Users\lab\Counterfactual-XAI-Verifier\experiments\yolov8_search_comparison\training\yolov8s_sim_20260902\dataset\labels\train\train_v05_hard__frame_0082.txt,E3A96A3825CF82994D3DCAA1C90219F649FB38A90DF7146C1918B43A1A216930,1,1,CBA37776851BB7BB5FCA0DB24C5D8950F4D830AE1EFA6463B50907687CA3C580
train_v05_hard,train,5,85,C:\Users\lab\Counterfactual-XAI-Verifier\experiments\yolov8_search_comparison\training\yolov8s_sim_20260902\dataset\images\train\train_v05_hard__frame_0085.jpg,C:\Users\lab\Counterfactual-XAI-Verifier\experiments\yolov8_search_comparison\training\yolov8s_sim_20260902\dataset\labels\train\train_v05_hard__frame_0085.txt,95678CF102D15360860B42EE67D8B01360AB26ECBD5914FD21C1B4FC30D4A0B8,1,1,2806CADB47388281842F372587456C6050B1FC1E30DA04EDACB8DBFB3F3D95F2
train_v05_hard,train,5,88,C:\Users\lab\Counterfactual-XAI-Verifier\experiments\yolov8_search_comparison\training\yolov8s_sim_20260902\dataset\images\train\train_v05_hard__frame_0088.jpg,C:\Users\lab\Counterfactual-XAI-Verifier\experiments\yolov8_search_comparison\training\yolov8s_sim_20260902\dataset\labels\train\train_v05_hard__frame_0088.txt,224AC83A2324DB4FDC62090535CCABA522FA63B9E0967382EF6FFF75313B572B,1,1,F4D766A03D05CF3E4AE35CDF9EFAECC345746D656425C423706308AD419BECDA
train_v05_hard,train,5,91,C:\Users\lab\Counterfactual-XAI-Verifier\experiments\yolov8_search_comparison\training\yolov8s_sim_20260902\dataset\images\train\train_v05_hard__frame_0091.jpg,C:\Users\lab\Counterfactual-XAI-Verifier\experiments\yolov8_search_comparison\training\yolov8s_sim_20260902\dataset\labels\train\train_v05_hard__frame_0091.txt,AD11FBD687F9042D9434B17DB4DC8A32BF108B7E9192FB7082631A8906878AA0,0,1,347787FEFF2C71A843102176FEFDE6E06D28F9D58689267B1BF3F61E6BE38F17
train_v05_hard,train,5,94,C:\Users\lab\Counterfactual-XAI-Verifier\experiments\yolov8_search_comparison\training\yolov8s_sim_20260902\dataset\images\train\train_v05_hard__frame_0094.jpg,C:\Users\lab\Counterfactual-XAI-Verifier\experiments\yolov8_search_comparison\training\yolov8s_sim_20260902\dataset\labels\train\train_v05_hard__frame_0094.txt,9E1E5C03C1B9E62555C55B411C1D77CE3518DFA156ACA338F4F54CDE39356A93,0,1,0F0F85DB2EF7AE727CC879CB3CE29D3244DF5F4B50B2E54FC34B680F6FCB0DD8
train_v05_hard,train,5,97,C:\Users\lab\Counterfactual-XAI-Verifier\experiments\yolov8_search_comparison\training\yolov8s_sim_20260902\dataset\images\train\train_v05_hard__frame_0097.jpg,C:\Users\lab\Counterfactual-XAI-Verifier\experiments\yolov8_search_comparison\training\yolov8s_sim_20260902\dataset\labels\train\train_v05_hard__frame_0097.txt,DA3833AF9D1BF350F3201D7077DBD9A3818BFAED2DE501CF8B22DDFAFFA9B3DA,0,1,1125FF7E39123112369300DF013596CD1F35DB3C15CD9DDA1B95B3AD0FD264F3
train_v05_hard,train,5,100,C:\Users\lab\Counterfactual-XAI-Verifier\experiments\yolov8_search_comparison\training\yolov8s_sim_20260902\dataset\images\train\train_v05_hard__frame_0100.jpg,C:\Users\lab\Counterfactual-XAI-Verifier\experiments\yolov8_search_comparison\training\yolov8s_sim_20260902\dataset\labels\train\train_v05_hard__frame_0100.txt,4B952F316018CB4FE4BEC92F113DB1F68591EA432AE5BA6DBA4FE7090BD51612,0,2,A91B34475F32F1B405DAB575C9BD3D1AF78C396499B488817FF7F4BAAC599B59
train_v05_hard,train,5,103,C:\Users\lab\Counterfactual-XAI-Verifier\experiments\yolov8_search_comparison\training\yolov8s_sim_20260902\dataset\images\train\train_v05_hard__frame_0103.jpg,C:\Users\lab\Counterfactual-XAI-Verifier\experiments\yolov8_search_comparison\training\yolov8s_sim_20260902\dataset\labels\train\train_v05_hard__frame_0103.txt,A8B3A91744F79FDCFEAEE2DAFDFB5C13A9336F17BDA752AF58D824281DEF4E2E,0,2,5C1270343B2628D980166AC590942FA57AB817211D59C8D8753F0660A2FEB144
train_v05_hard,train,5,106,C:\Users\lab\Counterfactual-XAI-Verifier\experiments\yolov8_search_comparison\training\yolov8s_sim_20260902\dataset\images\train\train_v05_hard__frame_0106.jpg,C:\Users\lab\Counterfactual-XAI-Verifier\experiments\yolov8_search_comparison\training\yolov8s_sim_20260902\dataset\labels\train\train_v05_hard__frame_0106.txt,B6C77DD78937C0FA72B10FE3C8B139426251FA6135118408007821C4AC251059,0,2,0E3DB79DAB5375802A92E8B242C9D7CD9C8C15B6FF3590A3FF250A69D83AA5FA
train_v05_hard,train,5,109,C:\Users\lab\Counterfactual-XAI-Verifier\experiments\yolov8_search_comparison\training\yolov8s_sim_20260902\dataset\images\train\train_v05_hard__frame_0109.jpg,C:\Users\lab\Counterfactual-XAI-Verifier\experiments\yolov8_search_comparison\training\yolov8s_sim_20260902\dataset\labels\train\train_v05_hard__frame_0109.txt,15B1C3AA27AA9B499A170CC49F09C8E837D2FF6254CBFC20E74FA06F65FF2F11,0,2,48010B1AA13A26E7C401B988DBBF7FECF4BEC45F9CA1BBF716D53BA0BBEF4B9C
train_v05_hard,train,5,112,C:\Users\lab\Counterfactual-XAI-Verifier\experiments\yolov8_search_comparison\training\yolov8s_sim_20260902\dataset\images\train\train_v05_hard__frame_0112.jpg,C:\Users\lab\Counterfactual-XAI-Verifier\experiments\yolov8_search_comparison\training\yolov8s_sim_20260902\dataset\labels\train\train_v05_hard__frame_0112.txt,3501F94AF62500E24937AEDBC1AFBE9F37E7BAF518E875420DA7B85C6C842BB0,0,2,D74BA18FC84D4D4577DFC26618A933825B1F8D57CCC0737422E43657D6AD543A
train_v05_hard,train,5,115,C:\Users\lab\Counterfactual-XAI-Verifier\experiments\yolov8_search_comparison\training\yolov8s_sim_20260902\dataset\images\train\train_v05_hard__frame_0115.jpg,C:\Users\lab\Counterfactual-XAI-Verifier\experiments\yolov8_search_comparison\training\yolov8s_sim_20260902\dataset\labels\train\train_v05_hard__frame_0115.txt,3A113DF080616427416BB26B5069EFC5448BA0614BA8EB305401BB1F8E919242,0,2,891AAE4F81D9B0162FADDC3058EFCCDA5C9696B523B6DA78329A07C46BEE19BB
train_v05_hard,train,5,118,C:\Users\lab\Counterfactual-XAI-Verifier\experiments\yolov8_search_comparison\training\yolov8s_sim_20260902\dataset\images\train\train_v05_hard__frame_0118.jpg,C:\Users\lab\Counterfactual-XAI-Verifier\experiments\yolov8_search_comparison\training\yolov8s_sim_20260902\dataset\labels\train\train_v05_hard__frame_0118.txt,3CCDB4EEB32DDAD750E0D3C7CF28699469041F35399F87A4543A1D646BDFBCC2,0,2,62F2F348305C05CDE9C57E009AFC5153AD08FF55C0E3E53926A6AE45FF10F4BE
train_v05_hard,train,5,121,C:\Users\lab\Counterfactual-XAI-Verifier\experiments\yolov8_search_comparison\training\yolov8s_sim_20260902\dataset\images\train\train_v05_hard__frame_0121.jpg,C:\Users\lab\Counterfactual-XAI-Verifier\experiments\yolov8_search_comparison\training\yolov8s_sim_20260902\dataset\labels\train\train_v05_hard__frame_0121.txt,40CED8645524EC2A39B6ADF4E4B883795CEDF755FE6E9441F70D28DA58DA673C,0,2,5B7AAE71C87AE2F32BC0E64BC75D0144162DFD5BD70F1FCEE3367EE2B1110A03
train_v05_hard,train,5,124,C:\Users\lab\Counterfactual-XAI-Verifier\experiments\yolov8_search_comparison\training\yolov8s_sim_20260902\dataset\images\train\train_v05_hard__frame_0124.jpg,C:\Users\lab\Counterfactual-XAI-Verifier\experiments\yolov8_search_comparison\training\yolov8s_sim_20260902\dataset\labels\train\train_v05_hard__frame_0124.txt,61C4019AD933F0FCCD153A05E0D953F32BE0412664C0F070E783A06227BE59B2,0,2,00AF615B87D110E49752C86C765EA78BEA887CC9A4DECDAC5E563219A3572EF9
train_v05_hard,train,5,127,C:\Users\lab\Counterfactual-XAI-Verifier\experiments\yolov8_search_comparison\training\yolov8s_sim_20260902\dataset\images\train\train_v05_hard__frame_0127.jpg,C:\Users\lab\Counterfactual-XAI-Verifier\experiments\yolov8_search_comparison\training\yolov8s_sim_20260902\dataset\labels\train\train_v05_hard__frame_0127.txt,F9B2B7B89D5A0F7DE3940B6280FB22A8850B183D113881548842A01B3884CC45,0,2,B8E6D8BB0AA12CFBA71623DF88EFE94C194AD8F4FC5F348F95629D582C434B98
train_v05_hard,train,5,130,C:\Users\lab\Counterfactual-XAI-Verifier\experiments\yolov8_search_comparison\training\yolov8s_sim_20260902\dataset\images\train\train_v05_hard__frame_0130.jpg,C:\Users\lab\Counterfactual-XAI-Verifier\experiments\yolov8_search_comparison\training\yolov8s_sim_20260902\dataset\labels\train\train_v05_hard__frame_0130.txt,1BF350405B9D9EEA244B0DD7276724E7B71804131A5D27E4522FB15B1B9129DC,0,2,0817D9D03E0E5A31BD6EB1F82843253B804DCD94E7ECFE2B0B3BF55A4E20ACAA
train_v05_hard,train,5,133,C:\Users\lab\Counterfactual-XAI-Verifier\experiments\yolov8_search_comparison\training\yolov8s_sim_20260902\dataset\images\train\train_v05_hard__frame_0133.jpg,C:\Users\lab\Counterfactual-XAI-Verifier\experiments\yolov8_search_comparison\training\yolov8s_sim_20260902\dataset\labels\train\train_v05_hard__frame_0133.txt,E9FEB88B6728EC813E28296F542C1859939118BC0367D13E349ECC19CB23C087,0,2,FC0630514DE5A34E4E363EA527B22387EB65032B54B4E2C874240E0F0DC5C66D
train_v05_hard,train,5,136,C:\Users\lab\Counterfactual-XAI-Verifier\experiments\yolov8_search_comparison\training\yolov8s_sim_20260902\dataset\images\train\train_v05_hard__frame_0136.jpg,C:\Users\lab\Counterfactual-XAI-Verifier\experiments\yolov8_search_comparison\training\yolov8s_sim_20260902\dataset\labels\train\train_v05_hard__frame_0136.txt,AEEC653A241B7D5F99C64363E7E173168FA419AD499B415FDF3C69B3C1E91256,0,1,A9023ABE5795957BDF80DFB96B5FA18AA20CA4F741F0E97955A20A2D71172993
train_v05_hard,train,5,139,C:\Users\lab\Counterfactual-XAI-Verifier\experiments\yolov8_search_comparison\training\yolov8s_sim_20260902\dataset\images\train\train_v05_hard__frame_0139.jpg,C:\Users\lab\Counterfactual-XAI-Verifier\experiments\yolov8_search_comparison\training\yolov8s_sim_20260902\dataset\labels\train\train_v05_hard__frame_0139.txt,A366B11BEBD5DAE5A4A10B2B1F75EBDCBCF289D2852D1B3DC2BEFA1197FFE4DF,0,1,0B13284E3B29865CF593C41BFEBB9120CD2325060C455ADD4B705E7DC76A42B7
train_v05_hard,train,5,142,C:\Users\lab\Counterfactual-XAI-Verifier\experiments\yolov8_search_comparison\training\yolov8s_sim_20260902\dataset\images\train\train_v05_hard__frame_0142.jpg,C:\Users\lab\Counterfactual-XAI-Verifier\experiments\yolov8_search_comparison\training\yolov8s_sim_20260902\dataset\labels\train\train_v05_hard__frame_0142.txt,25B42C3DF47D24DB0B5CBDE23D981FDE604CEEB21723FFB58544A972664B701F,0,1,23172AD89C1C036207FA1A9FFBB46199CBF6F25A04A397A5D7A54D82D91492B2
train_v05_hard,train,5,145,C:\Users\lab\Counterfactual-XAI-Verifier\experiments\yolov8_search_comparison\training\yolov8s_sim_20260902\dataset\images\train\train_v05_hard__frame_0145.jpg,C:\Users\lab\Counterfactual-XAI-Verifier\experiments\yolov8_search_comparison\training\yolov8s_sim_20260902\dataset\labels\train\train_v05_hard__frame_0145.txt,5D4AFBDE219B418000A20472663BE7F9016D4386D96F666DB87EAC79677462BD,0,1,030CD116E967396EBC6ACCAC9A974AF65E14400E27616DD2546C5E0B1340B25B
train_v05_hard,train,5,148,C:\Users\lab\Counterfactual-XAI-Verifier\experiments\yolov8_search_comparison\training\yolov8s_sim_20260902\dataset\images\train\train_v05_hard__frame_0148.jpg,C:\Users\lab\Counterfactual-XAI-Verifier\experiments\yolov8_search_comparison\training\yolov8s_sim_20260902\dataset\labels\train\train_v05_hard__frame_0148.txt,4FBE52C498BBF7EC32175F4E1EC524EC986AA913897BEC63674DD944873B8B3C,0,1,B18FAB9D68D0C4C0B8FE108396BADFB21D1ED4CFC5E20F52207595DDCEC806CA
train_v05_hard,train,5,151,C:\Users\lab\Counterfactual-XAI-Verifier\experiments\yolov8_search_comparison\training\yolov8s_sim_20260902\dataset\images\train\train_v05_hard__frame_0151.jpg,C:\Users\lab\Counterfactual-XAI-Verifier\experiments\yolov8_search_comparison\training\yolov8s_sim_20260902\dataset\labels\train\train_v05_hard__frame_0151.txt,2DE5CA6B0280B7832ED14D344C04F3375E3D589FB809FBDEA2B2817643AE94E6,0,1,3E937658D77799D7499A89354234DBEF022B8F503C04B6720BA0CE45130CB307
train_v05_hard,train,5,154,C:\Users\lab\Counterfactual-XAI-Verifier\experiments\yolov8_search_comparison\training\yolov8s_sim_20260902\dataset\images\train\train_v05_hard__frame_0154.jpg,C:\Users\lab\Counterfactual-XAI-Verifier\experiments\yolov8_search_comparison\training\yolov8s_sim_20260902\dataset\labels\train\train_v05_hard__frame_0154.txt,C47E920A3AEA61F3F059ACB06722087BFDD210DE423AB63A70270A1C929BEE4C,0,1,272CE31BBA61DAE734C414F1BF8D35748F1D2A20E74AC6E6F238DCE5258B0826
train_v05_hard,train,5,157,C:\Users\lab\Counterfactual-XAI-Verifier\experiments\yolov8_search_comparison\training\yolov8s_sim_20260902\dataset\images\train\train_v05_hard__frame_0157.jpg,C:\Users\lab\Counterfactual-XAI-Verifier\experiments\yolov8_search_comparison\training\yolov8s_sim_20260902\dataset\labels\train\train_v05_hard__frame_0157.txt,5093B33F2A9EFB6440EB7449B22A9B577E021865335D23E73F555D5D17787FBD,0,1,5834FDB4FE4AE07622AD149B8B5C6B65FF962B77ED0280A636C0EC88A32CE0B6
train_v05_hard,train,5,160,C:\Users\lab\Counterfactual-XAI-Verifier\experiments\yolov8_search_comparison\training\yolov8s_sim_20260902\dataset\images\train\train_v05_hard__frame_0160.jpg,C:\Users\lab\Counterfactual-XAI-Verifier\experiments\yolov8_search_comparison\training\yolov8s_sim_20260902\dataset\labels\train\train_v05_hard__frame_0160.txt,394AE70DDA1C86F0069A9649C18F8E122B8BD1430D3A69B22EB5CE1F9D5BDE35,0,1,6963CDD352762A5D1EFE8D9E765DFB8E2D7BEEAC773A82C4201D3E4678D77792
train_v05_hard,train,5,163,C:\Users\lab\Counterfactual-XAI-Verifier\experiments\yolov8_search_comparison\training\yolov8s_sim_20260902\dataset\images\train\train_v05_hard__frame_0163.jpg,C:\Users\lab\Counterfactual-XAI-Verifier\experiments\yolov8_search_comparison\training\yolov8s_sim_20260902\dataset\labels\train\train_v05_hard__frame_0163.txt,63709FDF571017F75D5160FED1B0DE6FA5E1572F1BA4FD3D1BADD8B4C91050C7,0,1,EA7B42176066C7427F0786CF62E4252702CA92F555303FEF7C39199C875834A6
train_v05_hard,train,5,166,C:\Users\lab\Counterfactual-XAI-Verifier\experiments\yolov8_search_comparison\training\yolov8s_sim_20260902\dataset\images\train\train_v05_hard__frame_0166.jpg,C:\Users\lab\Counterfactual-XAI-Verifier\experiments\yolov8_search_comparison\training\yolov8s_sim_20260902\dataset\labels\train\train_v05_hard__frame_0166.txt,51BC8EC08599290FCF3270CD20FC606B92E11C0223D90D4425415B79A9E0A688,0,0,EDBF584730F4F3950027D7DAF5DFA523040D557CD02F3AACA3356E327338522C
train_v05_hard,train,5,169,C:\Users\lab\Counterfactual-XAI-Verifier\experiments\yolov8_search_comparison\training\yolov8s_sim_20260902\dataset\images\train\train_v05_hard__frame_0169.jpg,C:\Users\lab\Counterfactual-XAI-Verifier\experiments\yolov8_search_comparison\training\yolov8s_sim_20260902\dataset\labels\train\train_v05_hard__frame_0169.txt,4B3DE69CB5ED4FBEDA70DA6D5DD97C5386E46B923F9C8189CB296C6A345636F3,0,0,4191850123208CD71FB4A8B70C4BE7D0AFFB9E5ACF3D1BB067D2FE91B16E1AE8
train_v05_hard,train,5,172,C:\Users\lab\Counterfactual-XAI-Verifier\experiments\yolov8_search_comparison\training\yolov8s_sim_20260902\dataset\images\train\train_v05_hard__frame_0172.jpg,C:\Users\lab\Counterfactual-XAI-Verifier\experiments\yolov8_search_comparison\training\yolov8s_sim_20260902\dataset\labels\train\train_v05_hard__frame_0172.txt,4F75A69A0D5323C0CED7EB8B39C67F467C127A1FBCC6AC84CCA453816E2B882D,0,0,F1B9820891935E15F8828E14EE5EDC9991D6B8B251A1FFCBE2855E259DF20B06
train_v05_hard,train,5,175,C:\Users\lab\Counterfactual-XAI-Verifier\experiments\yolov8_search_comparison\training\yolov8s_sim_20260902\dataset\images\train\train_v05_hard__frame_0175.jpg,C:\Users\lab\Counterfactual-XAI-Verifier\experiments\yolov8_search_comparison\training\yolov8s_sim_20260902\dataset\labels\train\train_v05_hard__frame_0175.txt,C8E4AA2FA33F0284DAF6E0CB18CE3EC66287760642F3C4297078FDE19A1677F4,0,0,F5C98D184C733C7BFEEA0EB148F3986A160B811A64DC479E0F6094018DE4DF4D
train_v05_hard,train,5,178,C:\Users\lab\Counterfactual-XAI-Verifier\experiments\yolov8_search_comparison\training\yolov8s_sim_20260902\dataset\images\train\train_v05_hard__frame_0178.jpg,C:\Users\lab\Counterfactual-XAI-Verifier\experiments\yolov8_search_comparison\training\yolov8s_sim_20260902\dataset\labels\train\train_v05_hard__frame_0178.txt,5223DB1D2592D265FDCE83667235CEB011E299D61D83D626D659FA491B18E283,0,0,9B89A54AA0DC0F7CCCAD2F1C0C7D49F14E701B67D2B298EFD3583683243C18A3
train_v05_hard,train,5,181,C:\Users\lab\Counterfactual-XAI-Verifier\experiments\yolov8_search_comparison\training\yolov8s_sim_20260902\dataset\images\train\train_v05_hard__frame_0181.jpg,C:\Users\lab\Counterfactual-XAI-Verifier\experiments\yolov8_search_comparison\training\yolov8s_sim_20260902\dataset\labels\train\train_v05_hard__frame_0181.txt,5704CF94E1A3B5B1B2352590C60291F3C2E17FA134B2CE069EF7B44DE0B93A01,0,0,C4B444763D14238B245214CE3584F491E978476364FC22FD512017BB13B40BAD
train_v06_harder,train,6,1,C:\Users\lab\Counterfactual-XAI-Verifier\experiments\yolov8_search_comparison\training\yolov8s_sim_20260902\dataset\images\train\train_v06_harder__frame_0001.jpg,C:\Users\lab\Counterfactual-XAI-Verifier\experiments\yolov8_search_comparison\training\yolov8s_sim_20260902\dataset\labels\train\train_v06_harder__frame_0001.txt,494D42D6A74E7047C3E31E36A05F291DE2CDADEA001D98353F0539F9CCD63E7B,2,0,5BB99D00157D1FE20830A2A8234D9C9BAD8961B090D15ECFAB53FAE29E583FE2
train_v06_harder,train,6,4,C:\Users\lab\Counterfactual-XAI-Verifier\experiments\yolov8_search_comparison\training\yolov8s_sim_20260902\dataset\images\train\train_v06_harder__frame_0004.jpg,C:\Users\lab\Counterfactual-XAI-Verifier\experiments\yolov8_search_comparison\training\yolov8s_sim_20260902\dataset\labels\train\train_v06_harder__frame_0004.txt,465A740FD404B7D1EE769AB0691155318C2CA742617F17DDB4E17AB7B801873E,2,0,312BBEB4F21309A581DA29CDA724867C43F5FD8F1559867B415C46EAED74E175
train_v06_harder,train,6,7,C:\Users\lab\Counterfactual-XAI-Verifier\experiments\yolov8_search_comparison\training\yolov8s_sim_20260902\dataset\images\train\train_v06_harder__frame_0007.jpg,C:\Users\lab\Counterfactual-XAI-Verifier\experiments\yolov8_search_comparison\training\yolov8s_sim_20260902\dataset\labels\train\train_v06_harder__frame_0007.txt,AEA36BFCD9D49FF2CEA713EEB9428CD845C8EE1725B5747319E9D2D5E6DE7D9A,2,0,42DC106458181B803F6F87D6E58F19956AEC994DF6E7EE854D486B39FEA1D3C3
train_v06_harder,train,6,10,C:\Users\lab\Counterfactual-XAI-Verifier\experiments\yolov8_search_comparison\training\yolov8s_sim_20260902\dataset\images\train\train_v06_harder__frame_0010.jpg,C:\Users\lab\Counterfactual-XAI-Verifier\experiments\yolov8_search_comparison\training\yolov8s_sim_20260902\dataset\labels\train\train_v06_harder__frame_0010.txt,DB369D68857E8D344990F6D18D76894DA601FF01B7AAC6002E6AE944BBD4F854,2,0,E1B55F64F1EDEA2A15B6A05249F3AE4B64E59E17D0F39A103802462029F8C16E
train_v06_harder,train,6,13,C:\Users\lab\Counterfactual-XAI-Verifier\experiments\yolov8_search_comparison\training\yolov8s_sim_20260902\dataset\images\train\train_v06_harder__frame_0013.jpg,C:\Users\lab\Counterfactual-XAI-Verifier\experiments\yolov8_search_comparison\training\yolov8s_sim_20260902\dataset\labels\train\train_v06_harder__frame_0013.txt,C7E2F06937E512B44C6452FDFA0FA555724FEAD6453ADB9741EC5516D8D7787A,2,0,91C334AA50C744D15C60D4F18DA9DB27E2BA142113B0EAD6303345AD5790E9BB
train_v06_harder,train,6,16,C:\Users\lab\Counterfactual-XAI-Verifier\experiments\yolov8_search_comparison\training\yolov8s_sim_20260902\dataset\images\train\train_v06_harder__frame_0016.jpg,C:\Users\lab\Counterfactual-XAI-Verifier\experiments\yolov8_search_comparison\training\yolov8s_sim_20260902\dataset\labels\train\train_v06_harder__frame_0016.txt,BB390C7B341E35F4AA7B8FA0A1D83EE68D1060F028BF477E306ECE559FC06956,2,0,8144BE3009D8792365254E30D0F46713BEFF7FBFCAFE8FC808F8B7C8E7B5A00E
train_v06_harder,train,6,19,C:\Users\lab\Counterfactual-XAI-Verifier\experiments\yolov8_search_comparison\training\yolov8s_sim_20260902\dataset\images\train\train_v06_harder__frame_0019.jpg,C:\Users\lab\Counterfactual-XAI-Verifier\experiments\yolov8_search_comparison\training\yolov8s_sim_20260902\dataset\labels\train\train_v06_harder__frame_0019.txt,1EAFC8F98B7CFC3542C79E6455A2C9F2135E8D2B352DD2F88E7EBC836EDE5B53,1,0,F9B697B046CEFD3968096DDC2C1FF1423FDBD8DE64634E5A361F50F1A6AC47E6
train_v06_harder,train,6,22,C:\Users\lab\Counterfactual-XAI-Verifier\experiments\yolov8_search_comparison\training\yolov8s_sim_20260902\dataset\images\train\train_v06_harder__frame_0022.jpg,C:\Users\lab\Counterfactual-XAI-Verifier\experiments\yolov8_search_comparison\training\yolov8s_sim_20260902\dataset\labels\train\train_v06_harder__frame_0022.txt,6ED84CD8D5D7179813DFDE17F0DB1057079D3112FE71249BC3E4EF36D1068524,1,0,86159BDB6A08800CD8B7C3B5EC4FEE2BF6EFAA3AB72CBF01E15FA79B89708A56
train_v06_harder,train,6,25,C:\Users\lab\Counterfactual-XAI-Verifier\experiments\yolov8_search_comparison\training\yolov8s_sim_20260902\dataset\images\train\train_v06_harder__frame_0025.jpg,C:\Users\lab\Counterfactual-XAI-Verifier\experiments\yolov8_search_comparison\training\yolov8s_sim_20260902\dataset\labels\train\train_v06_harder__frame_0025.txt,0B292941CB816CCB67ED693F88CDC1649CEA709DB0ED9F6BB379C94586063660,1,0,D38F50AAAC5FBC73F3EB12FD7B7E181951E1857E9E55A031D0342ACEDE289657
train_v06_harder,train,6,28,C:\Users\lab\Counterfactual-XAI-Verifier\experiments\yolov8_search_comparison\training\yolov8s_sim_20260902\dataset\images\train\train_v06_harder__frame_0028.jpg,C:\Users\lab\Counterfactual-XAI-Verifier\experiments\yolov8_search_comparison\training\yolov8s_sim_20260902\dataset\labels\train\train_v06_harder__frame_0028.txt,0905544BC1E4DA81BFE93A6186642355FA787E38B67FF32214F1E20751863AB6,1,0,366C10E7B5EE3AAEF8444C34C84625C8FA732CFFAD448047CB7040C3BF53EFD4
train_v06_harder,train,6,31,C:\Users\lab\Counterfactual-XAI-Verifier\experiments\yolov8_search_comparison\training\yolov8s_sim_20260902\dataset\images\train\train_v06_harder__frame_0031.jpg,C:\Users\lab\Counterfactual-XAI-Verifier\experiments\yolov8_search_comparison\training\yolov8s_sim_20260902\dataset\labels\train\train_v06_harder__frame_0031.txt,09B83786AF649FEACCCE2FFC3A4E3DFF21EBDAAECC83A4B513A5AFD93C16C704,1,0,AD4331189F007A8643814E509D63F13F6D241078BBED704DDDB11D86C8E33CCD
train_v06_harder,train,6,34,C:\Users\lab\Counterfactual-XAI-Verifier\experiments\yolov8_search_comparison\training\yolov8s_sim_20260902\dataset\images\train\train_v06_harder__frame_0034.jpg,C:\Users\lab\Counterfactual-XAI-Verifier\experiments\yolov8_search_comparison\training\yolov8s_sim_20260902\dataset\labels\train\train_v06_harder__frame_0034.txt,579167DABE7BA4573E4D04B1DFC931D65C31CF18C426C2334906F21714D08A61,1,0,F6A6F311F078C13A8D06823BCAA478CDB02A7B33C93A9F20F974A8961AB9FE0F
train_v06_harder,train,6,37,C:\Users\lab\Counterfactual-XAI-Verifier\experiments\yolov8_search_comparison\training\yolov8s_sim_20260902\dataset\images\train\train_v06_harder__frame_0037.jpg,C:\Users\lab\Counterfactual-XAI-Verifier\experiments\yolov8_search_comparison\training\yolov8s_sim_20260902\dataset\labels\train\train_v06_harder__frame_0037.txt,A1F062EC3C734986602C0148CCC3469E989D993511BA6B3FA9BFC2AA3AE68C30,1,0,13B6B71D21351467775F79D285F22B13D999CA3DED5E5EB280527F3814D947B6
train_v06_harder,train,6,40,C:\Users\lab\Counterfactual-XAI-Verifier\experiments\yolov8_search_comparison\training\yolov8s_sim_20260902\dataset\images\train\train_v06_harder__frame_0040.jpg,C:\Users\lab\Counterfactual-XAI-Verifier\experiments\yolov8_search_comparison\training\yolov8s_sim_20260902\dataset\labels\train\train_v06_harder__frame_0040.txt,287AAFD5633F935F4529054BE6248EDF4D7B5B81C6185C4E33CDCEFEABE8AB90,1,0,E04C9CEABD773281EA2BCAB918F9F602E668F391AFF006D884509BFD1D9AB0A2
train_v06_harder,train,6,43,C:\Users\lab\Counterfactual-XAI-Verifier\experiments\yolov8_search_comparison\training\yolov8s_sim_20260902\dataset\images\train\train_v06_harder__frame_0043.jpg,C:\Users\lab\Counterfactual-XAI-Verifier\experiments\yolov8_search_comparison\training\yolov8s_sim_20260902\dataset\labels\train\train_v06_harder__frame_0043.txt,1E91FECD08E65EB24F8F63349B0541CB51DE205AC2996D54CB8A9140826E5CD0,2,0,E470DB2408CAA9BAE672DC379A87DEC52820FE743B0C5BC4D997A2F43ED253F7
train_v06_harder,train,6,46,C:\Users\lab\Counterfactual-XAI-Verifier\experiments\yolov8_search_comparison\training\yolov8s_sim_20260902\dataset\images\train\train_v06_harder__frame_0046.jpg,C:\Users\lab\Counterfactual-XAI-Verifier\experiments\yolov8_search_comparison\training\yolov8s_sim_20260902\dataset\labels\train\train_v06_harder__frame_0046.txt,5F20822131BECC9A966FC4AA759CE5A90F49AE1CCED205CA92833C054BCB203E,2,0,9E0DCCD388F301A48855650F51AED2BFC98926F544985C0644FBC3F94221DC2F
train_v06_harder,train,6,49,C:\Users\lab\Counterfactual-XAI-Verifier\experiments\yolov8_search_comparison\training\yolov8s_sim_20260902\dataset\images\train\train_v06_harder__frame_0049.jpg,C:\Users\lab\Counterfactual-XAI-Verifier\experiments\yolov8_search_comparison\training\yolov8s_sim_20260902\dataset\labels\train\train_v06_harder__frame_0049.txt,4959D3591F42C7C0C2FD2D7B7D504C580F40D6EA6AB16F18C94D7443F336F258,2,0,8E37D4A7B8CE58F9EE99D01BB01AADE095DCA992944F8D4252482E8A23E175C2
train_v06_harder,train,6,52,C:\Users\lab\Counterfactual-XAI-Verifier\experiments\yolov8_search_comparison\training\yolov8s_sim_20260902\dataset\images\train\train_v06_harder__frame_0052.jpg,C:\Users\lab\Counterfactual-XAI-Verifier\experiments\yolov8_search_comparison\training\yolov8s_sim_20260902\dataset\labels\train\train_v06_harder__frame_0052.txt,DD0BF8CEA0DBC76F247158D43E7821C4EFC7108896645AACD6CBF0306BBD0D95,2,0,0648E5DE906CF6B9124CC23372B4106EB2EE43CBBC61BF05E5D6FBE00B7316B5
train_v06_harder,train,6,55,C:\Users\lab\Counterfactual-XAI-Verifier\experiments\yolov8_search_comparison\training\yolov8s_sim_20260902\dataset\images\train\train_v06_harder__frame_0055.jpg,C:\Users\lab\Counterfactual-XAI-Verifier\experiments\yolov8_search_comparison\training\yolov8s_sim_20260902\dataset\labels\train\train_v06_harder__frame_0055.txt,FC30F24FE8F352611703B000E08237652F8698E1970D69425892639FDC4DE7E1,2,0,C922E1B7EC602CBF6591CA5FCF2CC6BB31B5073983D132935AEC6B8AEEA4115D
train_v06_harder,train,6,58,C:\Users\lab\Counterfactual-XAI-Verifier\experiments\yolov8_search_comparison\training\yolov8s_sim_20260902\dataset\images\train\train_v06_harder__frame_0058.jpg,C:\Users\lab\Counterfactual-XAI-Verifier\experiments\yolov8_search_comparison\training\yolov8s_sim_20260902\dataset\labels\train\train_v06_harder__frame_0058.txt,BBC5E3D88633C4D829BBD1E013F386FF82402E0F2291A809C9BA4E365FE1E673,1,0,63AFE15590F4EFBD9EFDE589EDB73627A6308B1490FEAA6AF3D71F4B1B2361F5
train_v06_harder,train,6,61,C:\Users\lab\Counterfactual-XAI-Verifier\experiments\yolov8_search_comparison\training\yolov8s_sim_20260902\dataset\images\train\train_v06_harder__frame_0061.jpg,C:\Users\lab\Counterfactual-XAI-Verifier\experiments\yolov8_search_comparison\training\yolov8s_sim_20260902\dataset\labels\train\train_v06_harder__frame_0061.txt,CA9A5CE9FA3BEF6CF2B573FA3F2BAE52A34AB882861E9E6E68EC4B499AE2BD47,1,0,FFAF5B3B8DEE84E0D08FBF56927B6404C21F202D82034904F9EA34495D187592
train_v06_harder,train,6,64,C:\Users\lab\Counterfactual-XAI-Verifier\experiments\yolov8_search_comparison\training\yolov8s_sim_20260902\dataset\images\train\train_v06_harder__frame_0064.jpg,C:\Users\lab\Counterfactual-XAI-Verifier\experiments\yolov8_search_comparison\training\yolov8s_sim_20260902\dataset\labels\train\train_v06_harder__frame_0064.txt,AFBBB388A403D86F1980923F5BE1CBAB700FA89A08C40D71B73872FF50FEFFE0,1,0,73045DDB017E9B09C3270E6D220A5F066A6FAF12F62EF6A9DCB54D7F43735C2B
train_v06_harder,train,6,67,C:\Users\lab\Counterfactual-XAI-Verifier\experiments\yolov8_search_comparison\training\yolov8s_sim_20260902\dataset\images\train\train_v06_harder__frame_0067.jpg,C:\Users\lab\Counterfactual-XAI-Verifier\experiments\yolov8_search_comparison\training\yolov8s_sim_20260902\dataset\labels\train\train_v06_harder__frame_0067.txt,0A83CF24B9DDF97CB96B60E20D5F5243CACD4903B8B7850588CF7CDBA9CD04E7,1,1,0350037C6A2200CDFACC4AC0A0B83629C40CDEBA4011F40FE2F9EB44F3DB9DF0
train_v06_harder,train,6,70,C:\Users\lab\Counterfactual-XAI-Verifier\experiments\yolov8_search_comparison\training\yolov8s_sim_20260902\dataset\images\train\train_v06_harder__frame_0070.jpg,C:\Users\lab\Counterfactual-XAI-Verifier\experiments\yolov8_search_comparison\training\yolov8s_sim_20260902\dataset\labels\train\train_v06_harder__frame_0070.txt,C0C7096674CA5C89468F603521012EC7225D637DB02F2664AA5E53E2B6EA25D4,1,1,59AAD011F8758DF3A10148CEF2291D92E7150CB646C359E0943F11181FAEC0E4
train_v06_harder,train,6,73,C:\Users\lab\Counterfactual-XAI-Verifier\experiments\yolov8_search_comparison\training\yolov8s_sim_20260902\dataset\images\train\train_v06_harder__frame_0073.jpg,C:\Users\lab\Counterfactual-XAI-Verifier\experiments\yolov8_search_comparison\training\yolov8s_sim_20260902\dataset\labels\train\train_v06_harder__frame_0073.txt,FDF5DBD8CB21B0DA0836D1FC222221666EA962766220888237633902B938E3A4,1,1,9FC6B441FEA19D4757C8E8DB05EA77C2836FC1EE6208D9621D116A2312AD5786
train_v06_harder,train,6,76,C:\Users\lab\Counterfactual-XAI-Verifier\experiments\yolov8_search_comparison\training\yolov8s_sim_20260902\dataset\images\train\train_v06_harder__frame_0076.jpg,C:\Users\lab\Counterfactual-XAI-Verifier\experiments\yolov8_search_comparison\training\yolov8s_sim_20260902\dataset\labels\train\train_v06_harder__frame_0076.txt,E61B85FDB84181B83AE151618C10C2E75867D7F0DECAFF40549C7ABF1E39D8AE,1,1,9D05B8CE246FBA2A0704566087320FDB287FF46A5F2A9DCF9FD246321CC7E01B
train_v06_harder,train,6,79,C:\Users\lab\Counterfactual-XAI-Verifier\experiments\yolov8_search_comparison\training\yolov8s_sim_20260902\dataset\images\train\train_v06_harder__frame_0079.jpg,C:\Users\lab\Counterfactual-XAI-Verifier\experiments\yolov8_search_comparison\training\yolov8s_sim_20260902\dataset\labels\train\train_v06_harder__frame_0079.txt,73CA039381A923A71B2D0014E58A4733B3CAD6A9D6B1876C523590300D99AF7D,1,1,E1065CE0A2C61F4A6DBD357BD45DB6A375C4A534C36AE75AA9E4F90DEB2DA8C6
train_v06_harder,train,6,82,C:\Users\lab\Counterfactual-XAI-Verifier\experiments\yolov8_search_comparison\training\yolov8s_sim_20260902\dataset\images\train\train_v06_harder__frame_0082.jpg,C:\Users\lab\Counterfactual-XAI-Verifier\experiments\yolov8_search_comparison\training\yolov8s_sim_20260902\dataset\labels\train\train_v06_harder__frame_0082.txt,A6C124C88C3A659E9C60210FB15A4B15633F44AB2CBD42C3B375F6949665D0C5,1,1,ED3F6A2DE3AAE8FE5B9743DE407F74E7F752288B65526A5E14009F35C58DD5D0
train_v06_harder,train,6,85,C:\Users\lab\Counterfactual-XAI-Verifier\experiments\yolov8_search_comparison\training\yolov8s_sim_20260902\dataset\images\train\train_v06_harder__frame_0085.jpg,C:\Users\lab\Counterfactual-XAI-Verifier\experiments\yolov8_search_comparison\training\yolov8s_sim_20260902\dataset\labels\train\train_v06_harder__frame_0085.txt,74DDCC5092F697A48F8EEF28DCEEBDFEBAB5C122F3D6F89888F09882B888FCD2,1,1,4C4855F26C2ADE6D5D8DB9EFF569CC6BB7DA0351A622A0588191EBECCC64EB0A
train_v06_harder,train,6,88,C:\Users\lab\Counterfactual-XAI-Verifier\experiments\yolov8_search_comparison\training\yolov8s_sim_20260902\dataset\images\train\train_v06_harder__frame_0088.jpg,C:\Users\lab\Counterfactual-XAI-Verifier\experiments\yolov8_search_comparison\training\yolov8s_sim_20260902\dataset\labels\train\train_v06_harder__frame_0088.txt,A5BBD37F6D7699A744EF8587D596D44566E41607E4D37B9E53297A9F97DC071A,1,1,1FBF1DD4DCB589ED17DF29F8A570F9ABE71A74C50714DBC817CA49E741B62DC9
train_v06_harder,train,6,91,C:\Users\lab\Counterfactual-XAI-Verifier\experiments\yolov8_search_comparison\training\yolov8s_sim_20260902\dataset\images\train\train_v06_harder__frame_0091.jpg,C:\Users\lab\Counterfactual-XAI-Verifier\experiments\yolov8_search_comparison\training\yolov8s_sim_20260902\dataset\labels\train\train_v06_harder__frame_0091.txt,3BDBA56CB41B1F403E78A49C1AC913EBE6D612D3A444432484BC3744A61F64A7,1,2,DFA27C428A2ADFCA0DA14F62FED9DCC05BA5875231B7DFE623204378642411FD
train_v06_harder,train,6,94,C:\Users\lab\Counterfactual-XAI-Verifier\experiments\yolov8_search_comparison\training\yolov8s_sim_20260902\dataset\images\train\train_v06_harder__frame_0094.jpg,C:\Users\lab\Counterfactual-XAI-Verifier\experiments\yolov8_search_comparison\training\yolov8s_sim_20260902\dataset\labels\train\train_v06_harder__frame_0094.txt,C74A9BF441937819678CCCC8CD96C1D8453C8A8D58785CA07EA9E19B2161E655,1,2,266289C72A3D8447F984A5AD4E5D5C60A06FF45916BF93F4FF857BD940F80D65
train_v06_harder,train,6,97,C:\Users\lab\Counterfactual-XAI-Verifier\experiments\yolov8_search_comparison\training\yolov8s_sim_20260902\dataset\images\train\train_v06_harder__frame_0097.jpg,C:\Users\lab\Counterfactual-XAI-Verifier\experiments\yolov8_search_comparison\training\yolov8s_sim_20260902\dataset\labels\train\train_v06_harder__frame_0097.txt,186A613910EC188FA3422E541F401E597C072CC0EAAA3FC81BC45B39312A3C97,1,2,0FE700E593A61DA9FB41139C68A164201ED4B095B3E21545BB28FCF5D9FEB4D9
train_v06_harder,train,6,100,C:\Users\lab\Counterfactual-XAI-Verifier\experiments\yolov8_search_comparison\training\yolov8s_sim_20260902\dataset\images\train\train_v06_harder__frame_0100.jpg,C:\Users\lab\Counterfactual-XAI-Verifier\experiments\yolov8_search_comparison\training\yolov8s_sim_20260902\dataset\labels\train\train_v06_harder__frame_0100.txt,9DD3B1EF1A1DD43F0ECE35B0EFB34B75E1E00467B68FC52DBAEA63B33F3F80FE,1,2,1E68CA10144B21523B3F138324824E839D7BB9E3DBDEF411812FDE3838C7DA15
train_v06_harder,train,6,103,C:\Users\lab\Counterfactual-XAI-Verifier\experiments\yolov8_search_comparison\training\yolov8s_sim_20260902\dataset\images\train\train_v06_harder__frame_0103.jpg,C:\Users\lab\Counterfactual-XAI-Verifier\experiments\yolov8_search_comparison\training\yolov8s_sim_20260902\dataset\labels\train\train_v06_harder__frame_0103.txt,5B3BD400A5AD8945FB729A0DDDCCFAA1BDC86B2832CB7080656523B8C469C79E,1,2,3507607E364470CB17058E1E350F86B15E474A58875D9880FF9CCC2390F6D934
train_v06_harder,train,6,106,C:\Users\lab\Counterfactual-XAI-Verifier\experiments\yolov8_search_comparison\training\yolov8s_sim_20260902\dataset\images\train\train_v06_harder__frame_0106.jpg,C:\Users\lab\Counterfactual-XAI-Verifier\experiments\yolov8_search_comparison\training\yolov8s_sim_20260902\dataset\labels\train\train_v06_harder__frame_0106.txt,2B93CA68E8223C10004F82241A740D1950B2905F95C062FCB39033DA1A8C62C3,0,2,717D5F5C398CAD8BCA39FF24A27669B63E0DA13625160FE46EF1CA4FA64E9B40
train_v06_harder,train,6,109,C:\Users\lab\Counterfactual-XAI-Verifier\experiments\yolov8_search_comparison\training\yolov8s_sim_20260902\dataset\images\train\train_v06_harder__frame_0109.jpg,C:\Users\lab\Counterfactual-XAI-Verifier\experiments\yolov8_search_comparison\training\yolov8s_sim_20260902\dataset\labels\train\train_v06_harder__frame_0109.txt,D82276F0A79A3B73A5246B6340DC8C83B8C09FC4D7ED98F4393B80B1E84DF837,0,2,EC4E843815C17CD6D851F0A2D304A5995E7C05CDBA2E18E094DF71ACC608D44E
train_v06_harder,train,6,112,C:\Users\lab\Counterfactual-XAI-Verifier\experiments\yolov8_search_comparison\training\yolov8s_sim_20260902\dataset\images\train\train_v06_harder__frame_0112.jpg,C:\Users\lab\Counterfactual-XAI-Verifier\experiments\yolov8_search_comparison\training\yolov8s_sim_20260902\dataset\labels\train\train_v06_harder__frame_0112.txt,E2C341F646DE0702F3C79020E706C2C4872A47AB2E5DDE6FC1390F3AC1D7CB83,0,2,F5F2B52D34C04E3D04750953435BF486914F29E8BF06BD6AE7759192889A6C7B
train_v06_harder,train,6,115,C:\Users\lab\Counterfactual-XAI-Verifier\experiments\yolov8_search_comparison\training\yolov8s_sim_20260902\dataset\images\train\train_v06_harder__frame_0115.jpg,C:\Users\lab\Counterfactual-XAI-Verifier\experiments\yolov8_search_comparison\training\yolov8s_sim_20260902\dataset\labels\train\train_v06_harder__frame_0115.txt,08E21C2203F37E19A9C407E9BF47F6E102DA4DB414CF56FE777F717DA572FDF7,0,2,007785908E5B76DD1DA2AEEAC49329E441ECD53922EB623B83D401D77595A182
train_v06_harder,train,6,118,C:\Users\lab\Counterfactual-XAI-Verifier\experiments\yolov8_search_comparison\training\yolov8s_sim_20260902\dataset\images\train\train_v06_harder__frame_0118.jpg,C:\Users\lab\Counterfactual-XAI-Verifier\experiments\yolov8_search_comparison\training\yolov8s_sim_20260902\dataset\labels\train\train_v06_harder__frame_0118.txt,E6B11C0FFA1A0C66F910719D860DD9D0F0BF4A1495D8625BF76304ABFF27AA4C,0,2,9FFB204D1CB16F4A0299C0984CDD8DBAED45BE3D7461AE07661E63698829AE15
train_v06_harder,train,6,121,C:\Users\lab\Counterfactual-XAI-Verifier\experiments\yolov8_search_comparison\training\yolov8s_sim_20260902\dataset\images\train\train_v06_harder__frame_0121.jpg,C:\Users\lab\Counterfactual-XAI-Verifier\experiments\yolov8_search_comparison\training\yolov8s_sim_20260902\dataset\labels\train\train_v06_harder__frame_0121.txt,A0FBE296635B175F80F23FB78F51169C6711444284489E3EBACABC8197A9A0B1,0,2,F616E252588F3707A05B5ABF1944833161233B19687AD1F421D068125FFAC080
train_v06_harder,train,6,124,C:\Users\lab\Counterfactual-XAI-Verifier\experiments\yolov8_search_comparison\training\yolov8s_sim_20260902\dataset\images\train\train_v06_harder__frame_0124.jpg,C:\Users\lab\Counterfactual-XAI-Verifier\experiments\yolov8_search_comparison\training\yolov8s_sim_20260902\dataset\labels\train\train_v06_harder__frame_0124.txt,C1A07BD544FDC56D883EEBDBED6E015C9B8E6314FEA7F074F4840E0012B00096,0,2,911AA6B3F311B2585EC26C1A40B445193BC77E2E8A74D7EEEA3290999FFAB99E
train_v06_harder,train,6,127,C:\Users\lab\Counterfactual-XAI-Verifier\experiments\yolov8_search_comparison\training\yolov8s_sim_20260902\dataset\images\train\train_v06_harder__frame_0127.jpg,C:\Users\lab\Counterfactual-XAI-Verifier\experiments\yolov8_search_comparison\training\yolov8s_sim_20260902\dataset\labels\train\train_v06_harder__frame_0127.txt,976AC5734CFEDF974E2A12CCD510F0C64E8FC8EAD76D6C6800C2CD9762093C46,0,2,4C091BD92EB5D8130E657FE0E03B62F48FBFAEE7BF3F2BD4F788F4D7D66CF00D
train_v06_harder,train,6,130,C:\Users\lab\Counterfactual-XAI-Verifier\experiments\yolov8_search_comparison\training\yolov8s_sim_20260902\dataset\images\train\train_v06_harder__frame_0130.jpg,C:\Users\lab\Counterfactual-XAI-Verifier\experiments\yolov8_search_comparison\training\yolov8s_sim_20260902\dataset\labels\train\train_v06_harder__frame_0130.txt,0D5A0808B720EBABE1B4D5F708BBD0D43DB19B3EE89B9B9CF2F8BEF7C2D2AC71,0,2,564BC3DAB92B75A60DB71E3601EF9B410864C79F4481A1FE0334B8932BF2F4BA
train_v06_harder,train,6,133,C:\Users\lab\Counterfactual-XAI-Verifier\experiments\yolov8_search_comparison\training\yolov8s_sim_20260902\dataset\images\train\train_v06_harder__frame_0133.jpg,C:\Users\lab\Counterfactual-XAI-Verifier\experiments\yolov8_search_comparison\training\yolov8s_sim_20260902\dataset\labels\train\train_v06_harder__frame_0133.txt,445DD1DA16A0238E462327A39BE79FBE12A349CC609B13CBA862E86D0B96ABAB,0,2,033AE52280933303ABCE0A7960AC468F08BE30BFE975E11B72A73C84A48F050E
train_v06_harder,train,6,136,C:\Users\lab\Counterfactual-XAI-Verifier\experiments\yolov8_search_comparison\training\yolov8s_sim_20260902\dataset\images\train\train_v06_harder__frame_0136.jpg,C:\Users\lab\Counterfactual-XAI-Verifier\experiments\yolov8_search_comparison\training\yolov8s_sim_20260902\dataset\labels\train\train_v06_harder__frame_0136.txt,3097EC3AE6F340AC2E14E1F4BB42928F8C2F62BBE9725101031A85409E3CB5FA,0,2,79DC7EA1396834244F5C22D1397AAFA9182928908D5FCB05FA58244A8BA53CE5
train_v06_harder,train,6,139,C:\Users\lab\Counterfactual-XAI-Verifier\experiments\yolov8_search_comparison\training\yolov8s_sim_20260902\dataset\images\train\train_v06_harder__frame_0139.jpg,C:\Users\lab\Counterfactual-XAI-Verifier\experiments\yolov8_search_comparison\training\yolov8s_sim_20260902\dataset\labels\train\train_v06_harder__frame_0139.txt,9D9B2476D0C184AE50EF702D839BCE5653626405B83B81A55418549808372EBF,0,1,F180C1CD190EE13B51B3DD3458B86F842FB044CFCAEA2C3AF380E822A73B69FF
train_v06_harder,train,6,142,C:\Users\lab\Counterfactual-XAI-Verifier\experiments\yolov8_search_comparison\training\yolov8s_sim_20260902\dataset\images\train\train_v06_harder__frame_0142.jpg,C:\Users\lab\Counterfactual-XAI-Verifier\experiments\yolov8_search_comparison\training\yolov8s_sim_20260902\dataset\labels\train\train_v06_harder__frame_0142.txt,F8A8C03AE3CBCFA1BE2EF45A5845E434AEF8C5C6D095CB239A96C4B89FA256DB,0,1,151AB0E2FBEBB5B1CDED55DAB0DE5888821FAEE43A94610F7DAFD6C93BC3D63C
train_v06_harder,train,6,145,C:\Users\lab\Counterfactual-XAI-Verifier\experiments\yolov8_search_comparison\training\yolov8s_sim_20260902\dataset\images\train\train_v06_harder__frame_0145.jpg,C:\Users\lab\Counterfactual-XAI-Verifier\experiments\yolov8_search_comparison\training\yolov8s_sim_20260902\dataset\labels\train\train_v06_harder__frame_0145.txt,13FA064A73BDCDD839CD00CFAD3ABE481AA73EA1295FEA5653595788A96F066D,0,1,3879BFEBAC2E3B5C41923DCB708742D319356BC3D4AB9EF157C7D1F8551E07CD
train_v06_harder,train,6,148,C:\Users\lab\Counterfactual-XAI-Verifier\experiments\yolov8_search_comparison\training\yolov8s_sim_20260902\dataset\images\train\train_v06_harder__frame_0148.jpg,C:\Users\lab\Counterfactual-XAI-Verifier\experiments\yolov8_search_comparison\training\yolov8s_sim_20260902\dataset\labels\train\train_v06_harder__frame_0148.txt,7CF70AAB32845C83C0FD2390EB7AB898DB0B718BB93EEE808FD534F925BD93C1,0,1,8FAB0EAED5CA47A47597E66B5E8AA0E1B00FC2EC0CD5023AABB72A9C70574620
train_v06_harder,train,6,151,C:\Users\lab\Counterfactual-XAI-Verifier\experiments\yolov8_search_comparison\training\yolov8s_sim_20260902\dataset\images\train\train_v06_harder__frame_0151.jpg,C:\Users\lab\Counterfactual-XAI-Verifier\experiments\yolov8_search_comparison\training\yolov8s_sim_20260902\dataset\labels\train\train_v06_harder__frame_0151.txt,C286DB5C09CD14286D8FCA9622C0E441CD8E7B5CB11DB4293E72CE9F3AC79BAD,0,1,6F27202D5522CE5696108569AEEC4DA424A1F81521F619A6ADE873F7288A922F
train_v06_harder,train,6,154,C:\Users\lab\Counterfactual-XAI-Verifier\experiments\yolov8_search_comparison\training\yolov8s_sim_20260902\dataset\images\train\train_v06_harder__frame_0154.jpg,C:\Users\lab\Counterfactual-XAI-Verifier\experiments\yolov8_search_comparison\training\yolov8s_sim_20260902\dataset\labels\train\train_v06_harder__frame_0154.txt,EABACF7A29A28135F9A6451600D792CEDE4DF5FBE23E0C40D20B8B74CC7458D2,0,1,4F71CC42EDAEAE1BFF17B6966E2AA3E8E1CD2C61583D92587D225073B5D463DC
train_v06_harder,train,6,157,C:\Users\lab\Counterfactual-XAI-Verifier\experiments\yolov8_search_comparison\training\yolov8s_sim_20260902\dataset\images\train\train_v06_harder__frame_0157.jpg,C:\Users\lab\Counterfactual-XAI-Verifier\experiments\yolov8_search_comparison\training\yolov8s_sim_20260902\dataset\labels\train\train_v06_harder__frame_0157.txt,64CACB907E5790849EC57A21094153C2F68FE39F9ED3F78BD8495A19F840A84E,0,1,AD803661967BFE3EA6D944913FC8E39F708EB850AFFFE87A58E045715D8EE019
train_v06_harder,train,6,160,C:\Users\lab\Counterfactual-XAI-Verifier\experiments\yolov8_search_comparison\training\yolov8s_sim_20260902\dataset\images\train\train_v06_harder__frame_0160.jpg,C:\Users\lab\Counterfactual-XAI-Verifier\experiments\yolov8_search_comparison\training\yolov8s_sim_20260902\dataset\labels\train\train_v06_harder__frame_0160.txt,93D00601E6CB531B39981EC2441F627CEF8A9FB4568A7EBA989D5C1079C2A37A,0,1,58A424BB66928E22A4293839E1585B43FECB37658EC88B2C0506E59B4D941626
train_v06_harder,train,6,163,C:\Users\lab\Counterfactual-XAI-Verifier\experiments\yolov8_search_comparison\training\yolov8s_sim_20260902\dataset\images\train\train_v06_harder__frame_0163.jpg,C:\Users\lab\Counterfactual-XAI-Verifier\experiments\yolov8_search_comparison\training\yolov8s_sim_20260902\dataset\labels\train\train_v06_harder__frame_0163.txt,4320DE5EB88D80121B084B4A8C9C89DA4E30EE5C72785AFED3D04439C37B4135,0,0,D43FC98897F374F2E0BDFEA93E3146885484FE3E9644FE6302C7115D050F6F20
train_v06_harder,train,6,166,C:\Users\lab\Counterfactual-XAI-Verifier\experiments\yolov8_search_comparison\training\yolov8s_sim_20260902\dataset\images\train\train_v06_harder__frame_0166.jpg,C:\Users\lab\Counterfactual-XAI-Verifier\experiments\yolov8_search_comparison\training\yolov8s_sim_20260902\dataset\labels\train\train_v06_harder__frame_0166.txt,42B646DA071B2ADD53939185E8C7918BC0028A169990FAC55562A3A66421920C,0,0,4AE77E3533C1F2542C86B0D07A7E65E935B9FCDA925106B358A2791CC5A621E1
train_v06_harder,train,6,169,C:\Users\lab\Counterfactual-XAI-Verifier\experiments\yolov8_search_comparison\training\yolov8s_sim_20260902\dataset\images\train\train_v06_harder__frame_0169.jpg,C:\Users\lab\Counterfactual-XAI-Verifier\experiments\yolov8_search_comparison\training\yolov8s_sim_20260902\dataset\labels\train\train_v06_harder__frame_0169.txt,795D99F525C11FF67F7B24548742B9D69B90AC3710F8EA1212CA28CCC36DD21A,0,0,D7B9B43555CEBFD10299B8B3CE5DFE672A88938FE9ADEF2AE18E21956E5BE542
train_v06_harder,train,6,172,C:\Users\lab\Counterfactual-XAI-Verifier\experiments\yolov8_search_comparison\training\yolov8s_sim_20260902\dataset\images\train\train_v06_harder__frame_0172.jpg,C:\Users\lab\Counterfactual-XAI-Verifier\experiments\yolov8_search_comparison\training\yolov8s_sim_20260902\dataset\labels\train\train_v06_harder__frame_0172.txt,02293DA8F08FE63F201C6043B3266142F9336812DC274C3DB48D46214FE513A1,0,0,87B8CFB8FA5A97C7C43EF1152E7AF4232B08DC263678DCFCC1346A58AFF6BEBA
train_v06_harder,train,6,175,C:\Users\lab\Counterfactual-XAI-Verifier\experiments\yolov8_search_comparison\training\yolov8s_sim_20260902\dataset\images\train\train_v06_harder__frame_0175.jpg,C:\Users\lab\Counterfactual-XAI-Verifier\experiments\yolov8_search_comparison\training\yolov8s_sim_20260902\dataset\labels\train\train_v06_harder__frame_0175.txt,AD6D63264B28300C480398FA7B22E870E9DD89CF56CF7DF1C743803DE8132D9B,0,0,13CD13BFF4F173B3CA0366A96FEF3B59ED7E97195D01775168E9509C871D103C
train_v06_harder,train,6,178,C:\Users\lab\Counterfactual-XAI-Verifier\experiments\yolov8_search_comparison\training\yolov8s_sim_20260902\dataset\images\train\train_v06_harder__frame_0178.jpg,C:\Users\lab\Counterfactual-XAI-Verifier\experiments\yolov8_search_comparison\training\yolov8s_sim_20260902\dataset\labels\train\train_v06_harder__frame_0178.txt,895188627B86D27C774815AEE3282DE4264E041265B3F9C7DCCE4F48092436CA,0,0,B6B4DEB6E18660046ECC972E057C956EF9F51131884EB3D1F6EFAD4D915B2012
train_v06_harder,train,6,181,C:\Users\lab\Counterfactual-XAI-Verifier\experiments\yolov8_search_comparison\training\yolov8s_sim_20260902\dataset\images\train\train_v06_harder__frame_0181.jpg,C:\Users\lab\Counterfactual-XAI-Verifier\experiments\yolov8_search_comparison\training\yolov8s_sim_20260902\dataset\labels\train\train_v06_harder__frame_0181.txt,9352E62BF8D545AB3FA2ADDBBA80EA4AC6DAC036E25E0F9013B154D1CA76CAFF,0,0,2F2EC2ED3066A49414B53F2945CE9568912263AD58DA853A9A72C76BF13A4F28
val_v07_clean,val,7,1,C:\Users\lab\Counterfactual-XAI-Verifier\experiments\yolov8_search_comparison\training\yolov8s_sim_20260902\dataset\images\val\val_v07_clean__frame_0001.jpg,C:\Users\lab\Counterfactual-XAI-Verifier\experiments\yolov8_search_comparison\training\yolov8s_sim_20260902\dataset\labels\val\val_v07_clean__frame_0001.txt,FB603ECDD87461319FDA390195440AF613E38218D509CE1A9A843D5AFED95836,1,0,93B13DC0AEABAC54F4E26A4E30C98FC204167662DA737FFAFCCB68D4FC6EDA0F
val_v07_clean,val,7,4,C:\Users\lab\Counterfactual-XAI-Verifier\experiments\yolov8_search_comparison\training\yolov8s_sim_20260902\dataset\images\val\val_v07_clean__frame_0004.jpg,C:\Users\lab\Counterfactual-XAI-Verifier\experiments\yolov8_search_comparison\training\yolov8s_sim_20260902\dataset\labels\val\val_v07_clean__frame_0004.txt,83E9D6A31898A9782C61E343F9A1453F1ECE7D10AAC8A28DFAF1E6DA3E3A7FDF,2,0,5F12C4716236B35A3691E996AAC289303B64FC674F5F9226259896CD93FB1F3B
val_v07_clean,val,7,7,C:\Users\lab\Counterfactual-XAI-Verifier\experiments\yolov8_search_comparison\training\yolov8s_sim_20260902\dataset\images\val\val_v07_clean__frame_0007.jpg,C:\Users\lab\Counterfactual-XAI-Verifier\experiments\yolov8_search_comparison\training\yolov8s_sim_20260902\dataset\labels\val\val_v07_clean__frame_0007.txt,826D6052F41F14B801CB000F82CF8D47F4A79C0BC818F25ACD17AEEBE60F115A,2,0,53B5091D1A82EB217A61193CEEBF57A77C7FA415E16ED786A90EB4540CF70125
val_v07_clean,val,7,10,C:\Users\lab\Counterfactual-XAI-Verifier\experiments\yolov8_search_comparison\training\yolov8s_sim_20260902\dataset\images\val\val_v07_clean__frame_0010.jpg,C:\Users\lab\Counterfactual-XAI-Verifier\experiments\yolov8_search_comparison\training\yolov8s_sim_20260902\dataset\labels\val\val_v07_clean__frame_0010.txt,74DE56DEC37A00B005ED01A9A79F7BB48A4DAF477667FC4678272DC5946011A3,2,0,31E3BEF65AC93CEB72131408422E178439DDB3C8611387C03F5DCE1DBA058DDA
val_v07_clean,val,7,13,C:\Users\lab\Counterfactual-XAI-Verifier\experiments\yolov8_search_comparison\training\yolov8s_sim_20260902\dataset\images\val\val_v07_clean__frame_0013.jpg,C:\Users\lab\Counterfactual-XAI-Verifier\experiments\yolov8_search_comparison\training\yolov8s_sim_20260902\dataset\labels\val\val_v07_clean__frame_0013.txt,C3F3A7A3A30E6650F9356B3945D6BA5673987430D52DA633E72D861EC1D18E8B,2,0,4A06BFD1CBDFB76341A8C4542FFF2F13AB0F98BAB2D9954AC556CD0F1A48F24C
val_v07_clean,val,7,16,C:\Users\lab\Counterfactual-XAI-Verifier\experiments\yolov8_search_comparison\training\yolov8s_sim_20260902\dataset\images\val\val_v07_clean__frame_0016.jpg,C:\Users\lab\Counterfactual-XAI-Verifier\experiments\yolov8_search_comparison\training\yolov8s_sim_20260902\dataset\labels\val\val_v07_clean__frame_0016.txt,3DABAEEADDFE89A8577D95087319C80EA21FD117230F1A78B14C6F6E912F20D5,2,0,2942E84DE5598EA1843C6DBDE7C61DC3EEBF3599CA94BD10381E404E5142EE4A
val_v07_clean,val,7,19,C:\Users\lab\Counterfactual-XAI-Verifier\experiments\yolov8_search_comparison\training\yolov8s_sim_20260902\dataset\images\val\val_v07_clean__frame_0019.jpg,C:\Users\lab\Counterfactual-XAI-Verifier\experiments\yolov8_search_comparison\training\yolov8s_sim_20260902\dataset\labels\val\val_v07_clean__frame_0019.txt,0E34E95B1C33C6BBCBBE569DB9E9135978033088F73515B8EFA6AB133BF60203,1,0,22856DC4A454077182B94AC427629DD0F74D4F45B8CAEA2347FFB6E9B6F046FD
val_v07_clean,val,7,22,C:\Users\lab\Counterfactual-XAI-Verifier\experiments\yolov8_search_comparison\training\yolov8s_sim_20260902\dataset\images\val\val_v07_clean__frame_0022.jpg,C:\Users\lab\Counterfactual-XAI-Verifier\experiments\yolov8_search_comparison\training\yolov8s_sim_20260902\dataset\labels\val\val_v07_clean__frame_0022.txt,8DE01223F64FD305E117EFA426384281D3265E541F9A54462C1B38A3D32B91D4,1,0,80881523585E6B8FF1B8577908BFED40767BD99285F71BE76714874F21F73725
val_v07_clean,val,7,25,C:\Users\lab\Counterfactual-XAI-Verifier\experiments\yolov8_search_comparison\training\yolov8s_sim_20260902\dataset\images\val\val_v07_clean__frame_0025.jpg,C:\Users\lab\Counterfactual-XAI-Verifier\experiments\yolov8_search_comparison\training\yolov8s_sim_20260902\dataset\labels\val\val_v07_clean__frame_0025.txt,E439B9CFE7A1EA20D322AEDA7E47D5F0C6895F420EFADA0FD54D68FB8D5EC45C,1,0,9050B51258DA8E73E627EAC3D220A95384D646607E2BE21835B1D03F2397CEA3
val_v07_clean,val,7,28,C:\Users\lab\Counterfactual-XAI-Verifier\experiments\yolov8_search_comparison\training\yolov8s_sim_20260902\dataset\images\val\val_v07_clean__frame_0028.jpg,C:\Users\lab\Counterfactual-XAI-Verifier\experiments\yolov8_search_comparison\training\yolov8s_sim_20260902\dataset\labels\val\val_v07_clean__frame_0028.txt,6B7F1D790D17A586A1E82C67C62D85705BE77E933117B1880BC681C0133A24C0,1,0,DBC180638794E06BB08C25C8401B5137966EBA6D4343F647631F77EB7F5EB62B
val_v07_clean,val,7,31,C:\Users\lab\Counterfactual-XAI-Verifier\experiments\yolov8_search_comparison\training\yolov8s_sim_20260902\dataset\images\val\val_v07_clean__frame_0031.jpg,C:\Users\lab\Counterfactual-XAI-Verifier\experiments\yolov8_search_comparison\training\yolov8s_sim_20260902\dataset\labels\val\val_v07_clean__frame_0031.txt,35DE5F6DAE570FAFD51CC20904B066F826B11A991D7A1D6DC5F76A4145AC6717,1,0,D7C86B365562E3C5787F3865D5EF0D6AA49B2EF248BB028E93EA7DE1A151DA69
val_v07_clean,val,7,34,C:\Users\lab\Counterfactual-XAI-Verifier\experiments\yolov8_search_comparison\training\yolov8s_sim_20260902\dataset\images\val\val_v07_clean__frame_0034.jpg,C:\Users\lab\Counterfactual-XAI-Verifier\experiments\yolov8_search_comparison\training\yolov8s_sim_20260902\dataset\labels\val\val_v07_clean__frame_0034.txt,B4453FCA8D8EFD2F5228625B6835BBBDB43F12DE05A6A583AEE4E701609312A1,1,0,9DF385E841B97E6EDF421A1CF577A01BBE0509CEA78E50746415092B683BE011
val_v07_clean,val,7,37,C:\Users\lab\Counterfactual-XAI-Verifier\experiments\yolov8_search_comparison\training\yolov8s_sim_20260902\dataset\images\val\val_v07_clean__frame_0037.jpg,C:\Users\lab\Counterfactual-XAI-Verifier\experiments\yolov8_search_comparison\training\yolov8s_sim_20260902\dataset\labels\val\val_v07_clean__frame_0037.txt,9C9F5BC4F450BA61DA5BA9921A908F82A09532BE81C02FBD5BD2F8C4E2E94039,1,0,4322292A6C99977EFF526701CB6EBF0F6D4E8B73F30061068894C51F69C53AE3
val_v07_clean,val,7,40,C:\Users\lab\Counterfactual-XAI-Verifier\experiments\yolov8_search_comparison\training\yolov8s_sim_20260902\dataset\images\val\val_v07_clean__frame_0040.jpg,C:\Users\lab\Counterfactual-XAI-Verifier\experiments\yolov8_search_comparison\training\yolov8s_sim_20260902\dataset\labels\val\val_v07_clean__frame_0040.txt,30F03B661AD746DBB9B2A489669906A2335A96CBB9A594F42EE7311AB11C4F64,2,0,6A87A2CF259A71F517547B17081EC6D436BB9168A0CCA79313F1B661E3FD5581
val_v07_clean,val,7,43,C:\Users\lab\Counterfactual-XAI-Verifier\experiments\yolov8_search_comparison\training\yolov8s_sim_20260902\dataset\images\val\val_v07_clean__frame_0043.jpg,C:\Users\lab\Counterfactual-XAI-Verifier\experiments\yolov8_search_comparison\training\yolov8s_sim_20260902\dataset\labels\val\val_v07_clean__frame_0043.txt,567789FB57D24630533A1C95080394989907D65E4E2F0781053C53D2C95FF316,2,0,FF1AFFBC705B941E75B27F03BCFFEAD64E99DB3A7B3712869E5D3213514F798A
val_v07_clean,val,7,46,C:\Users\lab\Counterfactual-XAI-Verifier\experiments\yolov8_search_comparison\training\yolov8s_sim_20260902\dataset\images\val\val_v07_clean__frame_0046.jpg,C:\Users\lab\Counterfactual-XAI-Verifier\experiments\yolov8_search_comparison\training\yolov8s_sim_20260902\dataset\labels\val\val_v07_clean__frame_0046.txt,E4063DEB1A47F3D0F59BB76C5B77A797B0199FACFF21CE1EAE923C6335488428,2,0,792327D394B9D802EC4A0A10AA326CF1F5529C67E1324C119102F66416E59278
val_v07_clean,val,7,49,C:\Users\lab\Counterfactual-XAI-Verifier\experiments\yolov8_search_comparison\training\yolov8s_sim_20260902\dataset\images\val\val_v07_clean__frame_0049.jpg,C:\Users\lab\Counterfactual-XAI-Verifier\experiments\yolov8_search_comparison\training\yolov8s_sim_20260902\dataset\labels\val\val_v07_clean__frame_0049.txt,847602788B52852EEA0D1C7F25FEC1F41811B5D39F6650130A724D4B74196D1A,2,0,E8F4E480CB8F20D66EF31446ADB33A413668DA16D13DEF26F0482145FDB449E7
val_v07_clean,val,7,52,C:\Users\lab\Counterfactual-XAI-Verifier\experiments\yolov8_search_comparison\training\yolov8s_sim_20260902\dataset\images\val\val_v07_clean__frame_0052.jpg,C:\Users\lab\Counterfactual-XAI-Verifier\experiments\yolov8_search_comparison\training\yolov8s_sim_20260902\dataset\labels\val\val_v07_clean__frame_0052.txt,1D9C075159CA35BBB4FB5A588851379D28294782BC6FE8356252D4D532BFB53E,2,0,A1C3AF33A9617062B1BF27189FD11D1C35143A674E5F7753B925A3F426CA8942
val_v07_clean,val,7,55,C:\Users\lab\Counterfactual-XAI-Verifier\experiments\yolov8_search_comparison\training\yolov8s_sim_20260902\dataset\images\val\val_v07_clean__frame_0055.jpg,C:\Users\lab\Counterfactual-XAI-Verifier\experiments\yolov8_search_comparison\training\yolov8s_sim_20260902\dataset\labels\val\val_v07_clean__frame_0055.txt,9B7651379A333AA7BA52F8381B3FB1FBDC0017F8BEA80EFD99989E5361A37E7D,2,0,8AAD2B4DF068681EB639673C355775D04F99A4B7ADB34DA594621CBE72E2986A
val_v07_clean,val,7,58,C:\Users\lab\Counterfactual-XAI-Verifier\experiments\yolov8_search_comparison\training\yolov8s_sim_20260902\dataset\images\val\val_v07_clean__frame_0058.jpg,C:\Users\lab\Counterfactual-XAI-Verifier\experiments\yolov8_search_comparison\training\yolov8s_sim_20260902\dataset\labels\val\val_v07_clean__frame_0058.txt,76F7B164FBEB4924354AC890423A4A70221D37C3C2247A005185136B77CD5F89,1,0,FB2A541D2CA20735B59AEBBD14E1054B2F80A24579A68A6FA9DDC5362379A8BF
val_v07_clean,val,7,61,C:\Users\lab\Counterfactual-XAI-Verifier\experiments\yolov8_search_comparison\training\yolov8s_sim_20260902\dataset\images\val\val_v07_clean__frame_0061.jpg,C:\Users\lab\Counterfactual-XAI-Verifier\experiments\yolov8_search_comparison\training\yolov8s_sim_20260902\dataset\labels\val\val_v07_clean__frame_0061.txt,DC8B90D0FD7B0B95EFCE01E315B2F2FBF623E9F22B468A8FE0C2C13B6270C32C,1,0,E46C2497C438082BCE2C6CB6D4C4627E7BAC11F505C228BE454BC746BCF7C426
val_v07_clean,val,7,64,C:\Users\lab\Counterfactual-XAI-Verifier\experiments\yolov8_search_comparison\training\yolov8s_sim_20260902\dataset\images\val\val_v07_clean__frame_0064.jpg,C:\Users\lab\Counterfactual-XAI-Verifier\experiments\yolov8_search_comparison\training\yolov8s_sim_20260902\dataset\labels\val\val_v07_clean__frame_0064.txt,87ABF57DC31D12BE57046149E490966E384DE60C8E9E6F68EF04E38BB2974991,1,1,C78E310C815EEE2B072C37979BF06F278B6B452B943E60761CEFAF86CD3B4A67
val_v07_clean,val,7,67,C:\Users\lab\Counterfactual-XAI-Verifier\experiments\yolov8_search_comparison\training\yolov8s_sim_20260902\dataset\images\val\val_v07_clean__frame_0067.jpg,C:\Users\lab\Counterfactual-XAI-Verifier\experiments\yolov8_search_comparison\training\yolov8s_sim_20260902\dataset\labels\val\val_v07_clean__frame_0067.txt,B42590D7C198B43B52175160E1776A98ECEAF4DDE0E7CE7D861796ED98FC1DF8,1,1,6DA31451E15ED5DD89804210C773140462E17CDC34FBB06ADE3484060A0452E6
val_v07_clean,val,7,70,C:\Users\lab\Counterfactual-XAI-Verifier\experiments\yolov8_search_comparison\training\yolov8s_sim_20260902\dataset\images\val\val_v07_clean__frame_0070.jpg,C:\Users\lab\Counterfactual-XAI-Verifier\experiments\yolov8_search_comparison\training\yolov8s_sim_20260902\dataset\labels\val\val_v07_clean__frame_0070.txt,69EAD77B4202DCF03DAF53A6CBC668124DE772501F65971CCF43EED73A9547E9,1,1,B88D73C9E1AACC0776C2DDCA8C753D841753A62A2DCA68E5F5581EA3D927BE97
val_v07_clean,val,7,73,C:\Users\lab\Counterfactual-XAI-Verifier\experiments\yolov8_search_comparison\training\yolov8s_sim_20260902\dataset\images\val\val_v07_clean__frame_0073.jpg,C:\Users\lab\Counterfactual-XAI-Verifier\experiments\yolov8_search_comparison\training\yolov8s_sim_20260902\dataset\labels\val\val_v07_clean__frame_0073.txt,3555A8E111E888C0D921A0D23DA4733AFA98B7CDF3CE0FDF55C6BE4C6A1B7A0B,1,1,93025AF62804A684AAA81F5FDDD3E88CC40374C592D69130D4633DC6043E1252
val_v07_clean,val,7,76,C:\Users\lab\Counterfactual-XAI-Verifier\experiments\yolov8_search_comparison\training\yolov8s_sim_20260902\dataset\images\val\val_v07_clean__frame_0076.jpg,C:\Users\lab\Counterfactual-XAI-Verifier\experiments\yolov8_search_comparison\training\yolov8s_sim_20260902\dataset\labels\val\val_v07_clean__frame_0076.txt,5DD4F447A421AF0F3B00873943D3A2CACC1E0532821C6863286E0677AFD4E26A,1,1,32DCFD7719BEB6596D086A352DE7742F4817343E11CB658535B2E274E843C147
val_v07_clean,val,7,79,C:\Users\lab\Counterfactual-XAI-Verifier\experiments\yolov8_search_comparison\training\yolov8s_sim_20260902\dataset\images\val\val_v07_clean__frame_0079.jpg,C:\Users\lab\Counterfactual-XAI-Verifier\experiments\yolov8_search_comparison\training\yolov8s_sim_20260902\dataset\labels\val\val_v07_clean__frame_0079.txt,8482526101885E621D68E7A64E9B835A27E2D84D87C78EAB0FF95EEBC100E831,1,1,FE367E8468F7F4A68C2D6202FECCA53C1DB20EFEB62BA9CC6904C54523056971
val_v07_clean,val,7,82,C:\Users\lab\Counterfactual-XAI-Verifier\experiments\yolov8_search_comparison\training\yolov8s_sim_20260902\dataset\images\val\val_v07_clean__frame_0082.jpg,C:\Users\lab\Counterfactual-XAI-Verifier\experiments\yolov8_search_comparison\training\yolov8s_sim_20260902\dataset\labels\val\val_v07_clean__frame_0082.txt,7736102EF663B3F8CBA551AABAB334FBEBBE4AE7D6EBDFC9E3A5F5F770E5523D,1,2,09E96B489E1DCF13488FDDF67A1F2E716E950B506C5F39B3F8E6B5F6F09EFC64
val_v07_clean,val,7,85,C:\Users\lab\Counterfactual-XAI-Verifier\experiments\yolov8_search_comparison\training\yolov8s_sim_20260902\dataset\images\val\val_v07_clean__frame_0085.jpg,C:\Users\lab\Counterfactual-XAI-Verifier\experiments\yolov8_search_comparison\training\yolov8s_sim_20260902\dataset\labels\val\val_v07_clean__frame_0085.txt,15A770F2AA8F08D8BED0C79A3F533860185FD8711C1FE1C96165FDA01778471D,1,2,EB58E0CFE12E31D4C4A377981BF66B916E145B22176C87AC6A8CDBDCF04DDBF1
val_v07_clean,val,7,88,C:\Users\lab\Counterfactual-XAI-Verifier\experiments\yolov8_search_comparison\training\yolov8s_sim_20260902\dataset\images\val\val_v07_clean__frame_0088.jpg,C:\Users\lab\Counterfactual-XAI-Verifier\experiments\yolov8_search_comparison\training\yolov8s_sim_20260902\dataset\labels\val\val_v07_clean__frame_0088.txt,FA7D9CF9AEE117C2C05D940BEE91B2CFEE2290E502C4CC28D83AB4097F1DB5BA,1,2,0693A19E744977E574735522AD719452096819C11BA2F0DEC1F98939683B65BE
val_v07_clean,val,7,91,C:\Users\lab\Counterfactual-XAI-Verifier\experiments\yolov8_search_comparison\training\yolov8s_sim_20260902\dataset\images\val\val_v07_clean__frame_0091.jpg,C:\Users\lab\Counterfactual-XAI-Verifier\experiments\yolov8_search_comparison\training\yolov8s_sim_20260902\dataset\labels\val\val_v07_clean__frame_0091.txt,30248C02821A83B32D627A8921D86E3AAB35D3E01609A80850AEDACAAE563DB6,1,2,15E79A2FC361CD730A8F1C8029B55779E8E73E00FFDF5BF2DBA795074EEAEC45
val_v07_clean,val,7,94,C:\Users\lab\Counterfactual-XAI-Verifier\experiments\yolov8_search_comparison\training\yolov8s_sim_20260902\dataset\images\val\val_v07_clean__frame_0094.jpg,C:\Users\lab\Counterfactual-XAI-Verifier\experiments\yolov8_search_comparison\training\yolov8s_sim_20260902\dataset\labels\val\val_v07_clean__frame_0094.txt,9A96B4155A9068274694EE666FF4BF672345FE96D4B99E3953BC16218B51FF1B,1,2,D5AE3C47433264E3961B1F0ED1D2EED4150FE5A5B80D3C55BA92A22FA1D25FF3
val_v07_clean,val,7,97,C:\Users\lab\Counterfactual-XAI-Verifier\experiments\yolov8_search_comparison\training\yolov8s_sim_20260902\dataset\images\val\val_v07_clean__frame_0097.jpg,C:\Users\lab\Counterfactual-XAI-Verifier\experiments\yolov8_search_comparison\training\yolov8s_sim_20260902\dataset\labels\val\val_v07_clean__frame_0097.txt,CC8B384384334E206154CE75F114860905369E0C920C7A23D2DB9C948BC07C8C,1,2,D06E20C3EFB7966FC89EA35F58A2B20B85BBB780B252F5683FB888D1D08F371B
val_v07_clean,val,7,100,C:\Users\lab\Counterfactual-XAI-Verifier\experiments\yolov8_search_comparison\training\yolov8s_sim_20260902\dataset\images\val\val_v07_clean__frame_0100.jpg,C:\Users\lab\Counterfactual-XAI-Verifier\experiments\yolov8_search_comparison\training\yolov8s_sim_20260902\dataset\labels\val\val_v07_clean__frame_0100.txt,F2521D5A6F79EFA4CCBE889154EEC87B650C9E873D88018F6630DBF61C654DEF,1,2,590CA330BE374ACDDAF1A7A2BB4F0FC2E11530FA0E7B86EE180FE1744ECA22B2
val_v07_clean,val,7,103,C:\Users\lab\Counterfactual-XAI-Verifier\experiments\yolov8_search_comparison\training\yolov8s_sim_20260902\dataset\images\val\val_v07_clean__frame_0103.jpg,C:\Users\lab\Counterfactual-XAI-Verifier\experiments\yolov8_search_comparison\training\yolov8s_sim_20260902\dataset\labels\val\val_v07_clean__frame_0103.txt,6059048A3EBC0DF38653A4FCDE666844DFA7AF0A8540B89649217CCD32575DBC,1,2,F9418CF06261D8D9CFA4B78FAB2D79977F374769B5B9B6578C9089D0E6376C4B
val_v07_clean,val,7,106,C:\Users\lab\Counterfactual-XAI-Verifier\experiments\yolov8_search_comparison\training\yolov8s_sim_20260902\dataset\images\val\val_v07_clean__frame_0106.jpg,C:\Users\lab\Counterfactual-XAI-Verifier\experiments\yolov8_search_comparison\training\yolov8s_sim_20260902\dataset\labels\val\val_v07_clean__frame_0106.txt,409FBAC128D44C6A07FE745BD094256FBA40FFA744EAC42856A2614A78F42BEA,0,2,57AA37B5A74A66056BF092D1C5A4359E2CB8C7CFF5037E93B5BFB1E123E152EE
val_v07_clean,val,7,109,C:\Users\lab\Counterfactual-XAI-Verifier\experiments\yolov8_search_comparison\training\yolov8s_sim_20260902\dataset\images\val\val_v07_clean__frame_0109.jpg,C:\Users\lab\Counterfactual-XAI-Verifier\experiments\yolov8_search_comparison\training\yolov8s_sim_20260902\dataset\labels\val\val_v07_clean__frame_0109.txt,350BB05268CBDCDDD68C40BA68D62821E724325F87C7230A5011DC783239DE82,0,2,CB25267FC8DFCD5947120AD1C97DE2FC1B9CB184E84301B81945C9C65407BAA0
val_v07_clean,val,7,112,C:\Users\lab\Counterfactual-XAI-Verifier\experiments\yolov8_search_comparison\training\yolov8s_sim_20260902\dataset\images\val\val_v07_clean__frame_0112.jpg,C:\Users\lab\Counterfactual-XAI-Verifier\experiments\yolov8_search_comparison\training\yolov8s_sim_20260902\dataset\labels\val\val_v07_clean__frame_0112.txt,9D956EB3BCF27A6A93697680C0EC0C7B652B7A08B28706111586E9E6C0F95EA5,0,2,FE8698F00110D5853CFBD29E9682CA9028550DFCD95791F5CA322B691518B2C0
val_v07_clean,val,7,115,C:\Users\lab\Counterfactual-XAI-Verifier\experiments\yolov8_search_comparison\training\yolov8s_sim_20260902\dataset\images\val\val_v07_clean__frame_0115.jpg,C:\Users\lab\Counterfactual-XAI-Verifier\experiments\yolov8_search_comparison\training\yolov8s_sim_20260902\dataset\labels\val\val_v07_clean__frame_0115.txt,F8F3458C4B76454663B9488A7249AAB139B787015827C342D35A22CF254CDE61,0,2,D49764BDCE7F34BE1C1A2EE9C6A28154E296431BED3C79763448FEAA9EAFBDA6
val_v07_clean,val,7,118,C:\Users\lab\Counterfactual-XAI-Verifier\experiments\yolov8_search_comparison\training\yolov8s_sim_20260902\dataset\images\val\val_v07_clean__frame_0118.jpg,C:\Users\lab\Counterfactual-XAI-Verifier\experiments\yolov8_search_comparison\training\yolov8s_sim_20260902\dataset\labels\val\val_v07_clean__frame_0118.txt,40DB0C755656DF32CE0DF15CF78E28FDD2E7D0808389C8FECCD325C391897957,0,2,D5383A4FD81488D1BB839164ECC946F758280CF4B44A1040592B645CE30BBA9D
val_v07_clean,val,7,121,C:\Users\lab\Counterfactual-XAI-Verifier\experiments\yolov8_search_comparison\training\yolov8s_sim_20260902\dataset\images\val\val_v07_clean__frame_0121.jpg,C:\Users\lab\Counterfactual-XAI-Verifier\experiments\yolov8_search_comparison\training\yolov8s_sim_20260902\dataset\labels\val\val_v07_clean__frame_0121.txt,668024681ECF34B30A7F31520258A136F5205B276E1F8A1C9E2A78B79C2C72B1,0,2,5B6CAE1E7568F244B9882A716F910F8375E14779926329094F28F85232DA4953
val_v07_clean,val,7,124,C:\Users\lab\Counterfactual-XAI-Verifier\experiments\yolov8_search_comparison\training\yolov8s_sim_20260902\dataset\images\val\val_v07_clean__frame_0124.jpg,C:\Users\lab\Counterfactual-XAI-Verifier\experiments\yolov8_search_comparison\training\yolov8s_sim_20260902\dataset\labels\val\val_v07_clean__frame_0124.txt,0278A4FB4EB2E02126667320116CD161E9800D961DAF33EB3DD7126A194BDA3F,0,2,85537F34C4A9476F17467C9C80A4DDA7312633ADC13401295DD09E68BE3D20E1
val_v07_clean,val,7,127,C:\Users\lab\Counterfactual-XAI-Verifier\experiments\yolov8_search_comparison\training\yolov8s_sim_20260902\dataset\images\val\val_v07_clean__frame_0127.jpg,C:\Users\lab\Counterfactual-XAI-Verifier\experiments\yolov8_search_comparison\training\yolov8s_sim_20260902\dataset\labels\val\val_v07_clean__frame_0127.txt,149CBBFFB6522586F7BA13E91A2F47D2B053070CDE2C3E4469FD8F9EE330DD72,0,2,68C6EC64116C29BDB077D5803CA2EC1BE010282A45B4F8A0B57970DDDFEA3DD1
val_v07_clean,val,7,130,C:\Users\lab\Counterfactual-XAI-Verifier\experiments\yolov8_search_comparison\training\yolov8s_sim_20260902\dataset\images\val\val_v07_clean__frame_0130.jpg,C:\Users\lab\Counterfactual-XAI-Verifier\experiments\yolov8_search_comparison\training\yolov8s_sim_20260902\dataset\labels\val\val_v07_clean__frame_0130.txt,675D0E94B61767A6E8EE5E59F8C55B2C802AEA16A2B18C82AF6A8A126E77A3FD,0,2,71600FF3B69A7B3952D946856DBF1F0C440A5CA1CDEE4681D6525DF2458BEA6E
val_v07_clean,val,7,133,C:\Users\lab\Counterfactual-XAI-Verifier\experiments\yolov8_search_comparison\training\yolov8s_sim_20260902\dataset\images\val\val_v07_clean__frame_0133.jpg,C:\Users\lab\Counterfactual-XAI-Verifier\experiments\yolov8_search_comparison\training\yolov8s_sim_20260902\dataset\labels\val\val_v07_clean__frame_0133.txt,B48174EE3D85A4B35E1EDCCD10C525A82208E9A9BA950962454AC1D55DABCB16,0,2,F4A0E7F943AAD383E7FDC093549E7ECE859802A844CB68C0DDF021DDFDCF9ADE
val_v07_clean,val,7,136,C:\Users\lab\Counterfactual-XAI-Verifier\experiments\yolov8_search_comparison\training\yolov8s_sim_20260902\dataset\images\val\val_v07_clean__frame_0136.jpg,C:\Users\lab\Counterfactual-XAI-Verifier\experiments\yolov8_search_comparison\training\yolov8s_sim_20260902\dataset\labels\val\val_v07_clean__frame_0136.txt,D7CA4475000DDADB1910C4FDF0105A7BA7BD9537C22CC3213FBCC73F10ED9159,0,1,5AA8F725FE932363533F39F9B37C54ED0DCB2D422C27EF7AE979A0F19DE4E5BC
val_v07_clean,val,7,139,C:\Users\lab\Counterfactual-XAI-Verifier\experiments\yolov8_search_comparison\training\yolov8s_sim_20260902\dataset\images\val\val_v07_clean__frame_0139.jpg,C:\Users\lab\Counterfactual-XAI-Verifier\experiments\yolov8_search_comparison\training\yolov8s_sim_20260902\dataset\labels\val\val_v07_clean__frame_0139.txt,C9779D7310B7C5070DA9BA1AE2A956963057DA7D65822E5FD7BA3B48A4F9C871,0,1,BF5BC9CF760323B623C87F1467F5C6794CA733B4D6CEFE2DBC4643C9F2851CEC
val_v07_clean,val,7,142,C:\Users\lab\Counterfactual-XAI-Verifier\experiments\yolov8_search_comparison\training\yolov8s_sim_20260902\dataset\images\val\val_v07_clean__frame_0142.jpg,C:\Users\lab\Counterfactual-XAI-Verifier\experiments\yolov8_search_comparison\training\yolov8s_sim_20260902\dataset\labels\val\val_v07_clean__frame_0142.txt,542D18BF3F6C59B3FFAAC381C0F298FC32572945D922F3EFAAEE7966F23CC761,0,1,15D8A36475205962D9A773062E6AB36FD808747D56E4DBDF81E842554E07A75B
val_v07_clean,val,7,145,C:\Users\lab\Counterfactual-XAI-Verifier\experiments\yolov8_search_comparison\training\yolov8s_sim_20260902\dataset\images\val\val_v07_clean__frame_0145.jpg,C:\Users\lab\Counterfactual-XAI-Verifier\experiments\yolov8_search_comparison\training\yolov8s_sim_20260902\dataset\labels\val\val_v07_clean__frame_0145.txt,430B8D478EFDA04A0E62A741EB815140095AA8A78D3FBE039E7B113C62E1DEDC,0,1,EEE5FC09D6B964E0BE1A1B96C4DD48C190FE45265EAB18ECD38295B68366A3A4
val_v07_clean,val,7,148,C:\Users\lab\Counterfactual-XAI-Verifier\experiments\yolov8_search_comparison\training\yolov8s_sim_20260902\dataset\images\val\val_v07_clean__frame_0148.jpg,C:\Users\lab\Counterfactual-XAI-Verifier\experiments\yolov8_search_comparison\training\yolov8s_sim_20260902\dataset\labels\val\val_v07_clean__frame_0148.txt,B4AA8E2CEFFAC52E1FF93CB8CFCEFA760F8205058EAD315FEF388C76C8419A98,0,1,34836B54C71FEB899FE1D629CBB9A29C5C160948DCBAF6D2C4B7DBF2BB130B68
val_v07_clean,val,7,151,C:\Users\lab\Counterfactual-XAI-Verifier\experiments\yolov8_search_comparison\training\yolov8s_sim_20260902\dataset\images\val\val_v07_clean__frame_0151.jpg,C:\Users\lab\Counterfactual-XAI-Verifier\experiments\yolov8_search_comparison\training\yolov8s_sim_20260902\dataset\labels\val\val_v07_clean__frame_0151.txt,F0E95859489B0BE3BE0E3A42393EA112BFDA1C5072C2A60349AAE65EFB360F52,0,1,3A99FDFC495B038BC0698EB3F8CF1A986AAFA510624D737C5F45924611E65227
val_v07_clean,val,7,154,C:\Users\lab\Counterfactual-XAI-Verifier\experiments\yolov8_search_comparison\training\yolov8s_sim_20260902\dataset\images\val\val_v07_clean__frame_0154.jpg,C:\Users\lab\Counterfactual-XAI-Verifier\experiments\yolov8_search_comparison\training\yolov8s_sim_20260902\dataset\labels\val\val_v07_clean__frame_0154.txt,06500A3436E3E49735EF706A6BB9890E42C9224724D0D1828F76762AFF08AF77,0,1,3D027294B75AC22C5DB520BAA9F6013538675A78C7DBBB3552EB380001DE23FC
val_v07_clean,val,7,157,C:\Users\lab\Counterfactual-XAI-Verifier\experiments\yolov8_search_comparison\training\yolov8s_sim_20260902\dataset\images\val\val_v07_clean__frame_0157.jpg,C:\Users\lab\Counterfactual-XAI-Verifier\experiments\yolov8_search_comparison\training\yolov8s_sim_20260902\dataset\labels\val\val_v07_clean__frame_0157.txt,7421E9DF8CD013004C8F6AD0FCF9402EAC528431D19DF211A1CBED9776BEB097,0,1,BA53D28339874E0D05BE1F49920626DA5D6503D67289888F01DB6DE848527A0B
val_v07_clean,val,7,160,C:\Users\lab\Counterfactual-XAI-Verifier\experiments\yolov8_search_comparison\training\yolov8s_sim_20260902\dataset\images\val\val_v07_clean__frame_0160.jpg,C:\Users\lab\Counterfactual-XAI-Verifier\experiments\yolov8_search_comparison\training\yolov8s_sim_20260902\dataset\labels\val\val_v07_clean__frame_0160.txt,A44C45BC2F4C862ABFD8EF664EEC074E22CCBA3D68276DE6B4DEF497B8FC8E20,0,0,52A527EEBC34C413F710A5A2F45AAD1659FD1A2538A9993F4EE19A4085AF1C0D
val_v07_clean,val,7,163,C:\Users\lab\Counterfactual-XAI-Verifier\experiments\yolov8_search_comparison\training\yolov8s_sim_20260902\dataset\images\val\val_v07_clean__frame_0163.jpg,C:\Users\lab\Counterfactual-XAI-Verifier\experiments\yolov8_search_comparison\training\yolov8s_sim_20260902\dataset\labels\val\val_v07_clean__frame_0163.txt,9E67AD03BD3CA1C6268CB9C69062C2DAE4C40C347E8D7D3FEF5D565043FE37A1,0,0,08FADB11680BED29E1E035CDADC4398EB413FD74C51901817AF64C8E5287F218
val_v07_clean,val,7,166,C:\Users\lab\Counterfactual-XAI-Verifier\experiments\yolov8_search_comparison\training\yolov8s_sim_20260902\dataset\images\val\val_v07_clean__frame_0166.jpg,C:\Users\lab\Counterfactual-XAI-Verifier\experiments\yolov8_search_comparison\training\yolov8s_sim_20260902\dataset\labels\val\val_v07_clean__frame_0166.txt,515BE5918EAA830F9EE22AE3C844CCDC969BFC221D9E5763F6C26FA487DF1893,0,0,439C49FC0395D2644602880AF300CC420FD1BCD443546BFF911329D735403D1E
val_v07_clean,val,7,169,C:\Users\lab\Counterfactual-XAI-Verifier\experiments\yolov8_search_comparison\training\yolov8s_sim_20260902\dataset\images\val\val_v07_clean__frame_0169.jpg,C:\Users\lab\Counterfactual-XAI-Verifier\experiments\yolov8_search_comparison\training\yolov8s_sim_20260902\dataset\labels\val\val_v07_clean__frame_0169.txt,F44DCF39C79E473CC5FEE60233983A7C76569C0D6666F52854F0AC52D8BED709,0,0,50D5A916C4B292EB108A7052BD14B92A96363A8C399DB987AB00519E1209DE80
val_v07_clean,val,7,172,C:\Users\lab\Counterfactual-XAI-Verifier\experiments\yolov8_search_comparison\training\yolov8s_sim_20260902\dataset\images\val\val_v07_clean__frame_0172.jpg,C:\Users\lab\Counterfactual-XAI-Verifier\experiments\yolov8_search_comparison\training\yolov8s_sim_20260902\dataset\labels\val\val_v07_clean__frame_0172.txt,AD45164A087D60ED49BA74906C95EAC315C12430BF0052FC291E9DBAE2A5FB3B,0,0,0973B1D0817FADD422B64D081E8A95861A75F2CCA31A5E76A9F89611DAA448DC
val_v07_clean,val,7,175,C:\Users\lab\Counterfactual-XAI-Verifier\experiments\yolov8_search_comparison\training\yolov8s_sim_20260902\dataset\images\val\val_v07_clean__frame_0175.jpg,C:\Users\lab\Counterfactual-XAI-Verifier\experiments\yolov8_search_comparison\training\yolov8s_sim_20260902\dataset\labels\val\val_v07_clean__frame_0175.txt,BD67540649BBA0A0E0BFD8FA8D4257EE6D32233BD9749261CF18D1A9CD10F09E,0,0,A4D3EA5EE9134F1F2EC95A4C73E2E25311B2F71440EC64A28D6DEE2D04075ADC
val_v07_clean,val,7,178,C:\Users\lab\Counterfactual-XAI-Verifier\experiments\yolov8_search_comparison\training\yolov8s_sim_20260902\dataset\images\val\val_v07_clean__frame_0178.jpg,C:\Users\lab\Counterfactual-XAI-Verifier\experiments\yolov8_search_comparison\training\yolov8s_sim_20260902\dataset\labels\val\val_v07_clean__frame_0178.txt,900D8CFA8538240F7FABD96F21BA45F55A28D4948DAE2C01B03AA78198160865,0,0,D5DBF80F957965A90FD291425237E181ABFE58A6D6FFDEFD61848CDCC1238D17
val_v07_clean,val,7,181,C:\Users\lab\Counterfactual-XAI-Verifier\experiments\yolov8_search_comparison\training\yolov8s_sim_20260902\dataset\images\val\val_v07_clean__frame_0181.jpg,C:\Users\lab\Counterfactual-XAI-Verifier\experiments\yolov8_search_comparison\training\yolov8s_sim_20260902\dataset\labels\val\val_v07_clean__frame_0181.txt,2A1179603A482218F2AC0FFBB3475A541D1FEFCC61CE93A670BEC9421AD84E84,0,0,00820D4CA7300E717634F2FA46D01F7D08FE96C09AF17927FC554453B5B4357D
val_v08_moderate,val,8,1,C:\Users\lab\Counterfactual-XAI-Verifier\experiments\yolov8_search_comparison\training\yolov8s_sim_20260902\dataset\images\val\val_v08_moderate__frame_0001.jpg,C:\Users\lab\Counterfactual-XAI-Verifier\experiments\yolov8_search_comparison\training\yolov8s_sim_20260902\dataset\labels\val\val_v08_moderate__frame_0001.txt,1050BBD00C0CE73A7F58B507A05D638D98BFA40F2982CB3A147820A0C5D3545E,1,0,1D148A52943C724EC10D6899525744066AF1DBA84726E6E4B669D555324B5260
val_v08_moderate,val,8,4,C:\Users\lab\Counterfactual-XAI-Verifier\experiments\yolov8_search_comparison\training\yolov8s_sim_20260902\dataset\images\val\val_v08_moderate__frame_0004.jpg,C:\Users\lab\Counterfactual-XAI-Verifier\experiments\yolov8_search_comparison\training\yolov8s_sim_20260902\dataset\labels\val\val_v08_moderate__frame_0004.txt,1AFFEDEE887263483CC88A971092DC1DBB2943D8D0ED43578DDB71B19C4E2259,1,0,DDDD5ED5383C4B0273D9BA2D7AA47497CF49A4E5DA24400C378FBFD16E16DAC0
val_v08_moderate,val,8,7,C:\Users\lab\Counterfactual-XAI-Verifier\experiments\yolov8_search_comparison\training\yolov8s_sim_20260902\dataset\images\val\val_v08_moderate__frame_0007.jpg,C:\Users\lab\Counterfactual-XAI-Verifier\experiments\yolov8_search_comparison\training\yolov8s_sim_20260902\dataset\labels\val\val_v08_moderate__frame_0007.txt,27AD9200D3DF4F593854A415634A53ADE396FBA7A6D13F9AEAC38D5E260CF68F,1,0,83233022D1FE6240E669792A15BBFD561D8C66E194BFDADB53B1F7C75EE414DF
val_v08_moderate,val,8,10,C:\Users\lab\Counterfactual-XAI-Verifier\experiments\yolov8_search_comparison\training\yolov8s_sim_20260902\dataset\images\val\val_v08_moderate__frame_0010.jpg,C:\Users\lab\Counterfactual-XAI-Verifier\experiments\yolov8_search_comparison\training\yolov8s_sim_20260902\dataset\labels\val\val_v08_moderate__frame_0010.txt,92650DF3218C53710C0FDF07E1E8ABB8CCC6A9FA9858D2EEA866CC0A32C30F8B,2,0,D01E708DFBBDD58F5B2279DEE792E077EFDF7E0441915643BAD23F4FAA27A3D2
val_v08_moderate,val,8,13,C:\Users\lab\Counterfactual-XAI-Verifier\experiments\yolov8_search_comparison\training\yolov8s_sim_20260902\dataset\images\val\val_v08_moderate__frame_0013.jpg,C:\Users\lab\Counterfactual-XAI-Verifier\experiments\yolov8_search_comparison\training\yolov8s_sim_20260902\dataset\labels\val\val_v08_moderate__frame_0013.txt,1FA028F4C476158474E5C3CFB18505947A543F8317142E1A051321B6488FE012,2,0,AD482F687E9E089EFF0B0B943D23E880F14C52CCD3C5A1342132DEE4EAF498B4
val_v08_moderate,val,8,16,C:\Users\lab\Counterfactual-XAI-Verifier\experiments\yolov8_search_comparison\training\yolov8s_sim_20260902\dataset\images\val\val_v08_moderate__frame_0016.jpg,C:\Users\lab\Counterfactual-XAI-Verifier\experiments\yolov8_search_comparison\training\yolov8s_sim_20260902\dataset\labels\val\val_v08_moderate__frame_0016.txt,2826DD350CBBAB58489FC854E0DC246D2386B61B4C86D3178177FFBCDA285FA8,1,0,2D975E69039FBCD27D2B908AE568112A3113DA076D762CA690155A35A24268B4
val_v08_moderate,val,8,19,C:\Users\lab\Counterfactual-XAI-Verifier\experiments\yolov8_search_comparison\training\yolov8s_sim_20260902\dataset\images\val\val_v08_moderate__frame_0019.jpg,C:\Users\lab\Counterfactual-XAI-Verifier\experiments\yolov8_search_comparison\training\yolov8s_sim_20260902\dataset\labels\val\val_v08_moderate__frame_0019.txt,769A60F5290EB67C5E037653561E10C450268174F3CD004E0F596D5AC189D762,1,0,EC6075C8ACEB02F2140A2F0975365F997E9CF3C1C4EF70BB4560BBE033848619
val_v08_moderate,val,8,22,C:\Users\lab\Counterfactual-XAI-Verifier\experiments\yolov8_search_comparison\training\yolov8s_sim_20260902\dataset\images\val\val_v08_moderate__frame_0022.jpg,C:\Users\lab\Counterfactual-XAI-Verifier\experiments\yolov8_search_comparison\training\yolov8s_sim_20260902\dataset\labels\val\val_v08_moderate__frame_0022.txt,D9E6B2199956EFFA138E6CDF0598A7539D48115A5ACC8D3C36AF3D5D2B5DBC23,1,0,405042FDCBCF00CAD5550CE2F0D779A074630C7B29960671E2323347D16CFA1A
val_v08_moderate,val,8,25,C:\Users\lab\Counterfactual-XAI-Verifier\experiments\yolov8_search_comparison\training\yolov8s_sim_20260902\dataset\images\val\val_v08_moderate__frame_0025.jpg,C:\Users\lab\Counterfactual-XAI-Verifier\experiments\yolov8_search_comparison\training\yolov8s_sim_20260902\dataset\labels\val\val_v08_moderate__frame_0025.txt,34196C452E4DB906A95976CF540F6726C46D00847F1756DFB162AE3E360527CC,1,0,51EBC8A5BFBAB1048DD8EF76F398A23D87F11F992C2B7982456F268D7FCAFBE3
val_v08_moderate,val,8,28,C:\Users\lab\Counterfactual-XAI-Verifier\experiments\yolov8_search_comparison\training\yolov8s_sim_20260902\dataset\images\val\val_v08_moderate__frame_0028.jpg,C:\Users\lab\Counterfactual-XAI-Verifier\experiments\yolov8_search_comparison\training\yolov8s_sim_20260902\dataset\labels\val\val_v08_moderate__frame_0028.txt,84B1BEB83909E3D381B3A0BF5036F3356E29CD72BF16EAF6FE713CBBBD9ED923,1,0,1F11C3CAF9B69CCA94FAC5719EF8A148578F4D9C5C1D6E0E48876BEAAA4F1E36
val_v08_moderate,val,8,31,C:\Users\lab\Counterfactual-XAI-Verifier\experiments\yolov8_search_comparison\training\yolov8s_sim_20260902\dataset\images\val\val_v08_moderate__frame_0031.jpg,C:\Users\lab\Counterfactual-XAI-Verifier\experiments\yolov8_search_comparison\training\yolov8s_sim_20260902\dataset\labels\val\val_v08_moderate__frame_0031.txt,8CF1A9EB4DADBD6AB1F9D8AB8E567DE092B8876CC58AE27E2D6D407D095FD71A,1,0,7DE87BD5DCB7F07D595A809C3819DDE2B16EA91B57A8FF1A25470DC57AA170C5
val_v08_moderate,val,8,34,C:\Users\lab\Counterfactual-XAI-Verifier\experiments\yolov8_search_comparison\training\yolov8s_sim_20260902\dataset\images\val\val_v08_moderate__frame_0034.jpg,C:\Users\lab\Counterfactual-XAI-Verifier\experiments\yolov8_search_comparison\training\yolov8s_sim_20260902\dataset\labels\val\val_v08_moderate__frame_0034.txt,E496688BF931F328A03B08606E55CD45D5805C623DC40F3D680E315581A03B73,1,0,48AC76D88A3F2EA4E04541EED1F03489F8317FDB53047CC4FA3C1FA4A9DA7EC9
val_v08_moderate,val,8,37,C:\Users\lab\Counterfactual-XAI-Verifier\experiments\yolov8_search_comparison\training\yolov8s_sim_20260902\dataset\images\val\val_v08_moderate__frame_0037.jpg,C:\Users\lab\Counterfactual-XAI-Verifier\experiments\yolov8_search_comparison\training\yolov8s_sim_20260902\dataset\labels\val\val_v08_moderate__frame_0037.txt,7C9894ECEE6104EFB83E2F94A8683AA6D5CCC9EE46EC960D2DA1701F31C4C742,1,0,789186C98BE9123A154F2B144253661D7C0D77FB2A5F5197C488539D9BE73885
val_v08_moderate,val,8,40,C:\Users\lab\Counterfactual-XAI-Verifier\experiments\yolov8_search_comparison\training\yolov8s_sim_20260902\dataset\images\val\val_v08_moderate__frame_0040.jpg,C:\Users\lab\Counterfactual-XAI-Verifier\experiments\yolov8_search_comparison\training\yolov8s_sim_20260902\dataset\labels\val\val_v08_moderate__frame_0040.txt,AD8745253AA998438273358D8E5325C013E508B1A43CF5A1F2F8FC6EAE7F07F1,2,0,CF66FC68B2764FE713520BD8DD72707D2D321F1AA85829C58BB04B6BC574E99A
val_v08_moderate,val,8,43,C:\Users\lab\Counterfactual-XAI-Verifier\experiments\yolov8_search_comparison\training\yolov8s_sim_20260902\dataset\images\val\val_v08_moderate__frame_0043.jpg,C:\Users\lab\Counterfactual-XAI-Verifier\experiments\yolov8_search_comparison\training\yolov8s_sim_20260902\dataset\labels\val\val_v08_moderate__frame_0043.txt,5AFDDFE208B5AAC1D0E441AA6DDA4E7E7A53420183BCDACD749AFD633B02ADA0,2,0,0C763BCB415D6A748645AE9DF9EA89E1929380C47949E4E83FE16462D6521297
val_v08_moderate,val,8,46,C:\Users\lab\Counterfactual-XAI-Verifier\experiments\yolov8_search_comparison\training\yolov8s_sim_20260902\dataset\images\val\val_v08_moderate__frame_0046.jpg,C:\Users\lab\Counterfactual-XAI-Verifier\experiments\yolov8_search_comparison\training\yolov8s_sim_20260902\dataset\labels\val\val_v08_moderate__frame_0046.txt,DD0244CC4DBCACB1989D8FCE06A8065DF0269C37FA87989E7B88B92BBDEC392C,2,0,8F06E4B8AF48E3CC0FA7E006A4B56B33E204B3E19799DDA4B0ECE2B284959960
val_v08_moderate,val,8,49,C:\Users\lab\Counterfactual-XAI-Verifier\experiments\yolov8_search_comparison\training\yolov8s_sim_20260902\dataset\images\val\val_v08_moderate__frame_0049.jpg,C:\Users\lab\Counterfactual-XAI-Verifier\experiments\yolov8_search_comparison\training\yolov8s_sim_20260902\dataset\labels\val\val_v08_moderate__frame_0049.txt,8E3A13345EA17FC792E49FA8EF86B4C87972AE4681972F8FED0DA7E7D92129A1,2,0,4F77F02AEF0FB8429944AFE3A7B7756EC5838F4B9EC7368AC625A145767D98D9
val_v08_moderate,val,8,52,C:\Users\lab\Counterfactual-XAI-Verifier\experiments\yolov8_search_comparison\training\yolov8s_sim_20260902\dataset\images\val\val_v08_moderate__frame_0052.jpg,C:\Users\lab\Counterfactual-XAI-Verifier\experiments\yolov8_search_comparison\training\yolov8s_sim_20260902\dataset\labels\val\val_v08_moderate__frame_0052.txt,4BDC83212B3DF7DB85F5026E3D6C7A8AC47A0A9D6C7CD6D921A85EB7B88EA639,2,0,DAA88C40AF6E3722218785B95CA39C83F08B183380C3A12CC135C3B21039A8C7
val_v08_moderate,val,8,55,C:\Users\lab\Counterfactual-XAI-Verifier\experiments\yolov8_search_comparison\training\yolov8s_sim_20260902\dataset\images\val\val_v08_moderate__frame_0055.jpg,C:\Users\lab\Counterfactual-XAI-Verifier\experiments\yolov8_search_comparison\training\yolov8s_sim_20260902\dataset\labels\val\val_v08_moderate__frame_0055.txt,5D33BDE8FF8E0ED6B8055E571224C3237DF20801F9382F2FCF36593324736297,2,0,29E280AC11F480BAFBE2ECAF5E4AB77E1BF9DF049605D3C36BA9C653A2E7B2BD
val_v08_moderate,val,8,58,C:\Users\lab\Counterfactual-XAI-Verifier\experiments\yolov8_search_comparison\training\yolov8s_sim_20260902\dataset\images\val\val_v08_moderate__frame_0058.jpg,C:\Users\lab\Counterfactual-XAI-Verifier\experiments\yolov8_search_comparison\training\yolov8s_sim_20260902\dataset\labels\val\val_v08_moderate__frame_0058.txt,38DAF2D24349657CBD0D9CF2D0EFB2CE6C6774FA166FD7CD7DC75B95B29AE41F,1,0,B19CDB248A1998495A57F04875C2C6795056FDA9381FEB5214A34B637FD4478C
val_v08_moderate,val,8,61,C:\Users\lab\Counterfactual-XAI-Verifier\experiments\yolov8_search_comparison\training\yolov8s_sim_20260902\dataset\images\val\val_v08_moderate__frame_0061.jpg,C:\Users\lab\Counterfactual-XAI-Verifier\experiments\yolov8_search_comparison\training\yolov8s_sim_20260902\dataset\labels\val\val_v08_moderate__frame_0061.txt,8D2D8B7EEF7F8A9700D88309235F6B0157906CEA2DCA0D760AADA6B31B22AE5E,1,1,E153E1230DF9A113DE10BB15DF701854ED93AA2F8A487FE6607C153BFAEAEF9B
val_v08_moderate,val,8,64,C:\Users\lab\Counterfactual-XAI-Verifier\experiments\yolov8_search_comparison\training\yolov8s_sim_20260902\dataset\images\val\val_v08_moderate__frame_0064.jpg,C:\Users\lab\Counterfactual-XAI-Verifier\experiments\yolov8_search_comparison\training\yolov8s_sim_20260902\dataset\labels\val\val_v08_moderate__frame_0064.txt,BAAD2E57DD44EEC9B32644BB5D6D5A48A61BE82C24F71584D0F7F5ED7F9A7A0F,1,1,EF1B573B17BD79FBC91FDE7B7164FB790812F8A69A2576A8E68E8E682EC8BA6C
val_v08_moderate,val,8,67,C:\Users\lab\Counterfactual-XAI-Verifier\experiments\yolov8_search_comparison\training\yolov8s_sim_20260902\dataset\images\val\val_v08_moderate__frame_0067.jpg,C:\Users\lab\Counterfactual-XAI-Verifier\experiments\yolov8_search_comparison\training\yolov8s_sim_20260902\dataset\labels\val\val_v08_moderate__frame_0067.txt,68BFE5493F9A456C082831E7ABE4D301460AB883E50564750761A45DA96A161D,1,1,180165908EA811233DD7212A7486E2DC2A2F3EBDA5FEFA8702FCB4D834590CCF
val_v08_moderate,val,8,70,C:\Users\lab\Counterfactual-XAI-Verifier\experiments\yolov8_search_comparison\training\yolov8s_sim_20260902\dataset\images\val\val_v08_moderate__frame_0070.jpg,C:\Users\lab\Counterfactual-XAI-Verifier\experiments\yolov8_search_comparison\training\yolov8s_sim_20260902\dataset\labels\val\val_v08_moderate__frame_0070.txt,496B6D4A7DE021982F86CDAE0EC63870803CFD09964E4EB90BEDEA6C478E8C39,1,1,51F29603234A93568897E87D103B21CE35A5B5578FFD0E0D733C7FFEC9557B8D
val_v08_moderate,val,8,73,C:\Users\lab\Counterfactual-XAI-Verifier\experiments\yolov8_search_comparison\training\yolov8s_sim_20260902\dataset\images\val\val_v08_moderate__frame_0073.jpg,C:\Users\lab\Counterfactual-XAI-Verifier\experiments\yolov8_search_comparison\training\yolov8s_sim_20260902\dataset\labels\val\val_v08_moderate__frame_0073.txt,0B428831F7485CAC74DCB0FEFE89C13DABFCD6B2EF1B35DF55401E8046A1DF48,1,1,DC290FD4A039F38D9AEDDE748DE04C1E3EBD51690E6B0F738530A0DB64628CEC
val_v08_moderate,val,8,76,C:\Users\lab\Counterfactual-XAI-Verifier\experiments\yolov8_search_comparison\training\yolov8s_sim_20260902\dataset\images\val\val_v08_moderate__frame_0076.jpg,C:\Users\lab\Counterfactual-XAI-Verifier\experiments\yolov8_search_comparison\training\yolov8s_sim_20260902\dataset\labels\val\val_v08_moderate__frame_0076.txt,42E19D4CB43EF2A75A66FA382A5AAA05987894D1DDD2B558FAD7679C1402E533,1,1,37039591923052C161434B6A73153DF539061FFA643B0CEB267113EBFC328850
val_v08_moderate,val,8,79,C:\Users\lab\Counterfactual-XAI-Verifier\experiments\yolov8_search_comparison\training\yolov8s_sim_20260902\dataset\images\val\val_v08_moderate__frame_0079.jpg,C:\Users\lab\Counterfactual-XAI-Verifier\experiments\yolov8_search_comparison\training\yolov8s_sim_20260902\dataset\labels\val\val_v08_moderate__frame_0079.txt,EC4B7439FBB7222980EB2D8B08730FEAB9F42DC770ADD1D56D6D540ED8EA1617,1,1,F6C651CF36967F72F098F8F4B42B068A631E7D2BCFFEA1CD6D85359810802E43
val_v08_moderate,val,8,82,C:\Users\lab\Counterfactual-XAI-Verifier\experiments\yolov8_search_comparison\training\yolov8s_sim_20260902\dataset\images\val\val_v08_moderate__frame_0082.jpg,C:\Users\lab\Counterfactual-XAI-Verifier\experiments\yolov8_search_comparison\training\yolov8s_sim_20260902\dataset\labels\val\val_v08_moderate__frame_0082.txt,B59619F951578E308C5376003FBD32326C559BAEC1C0A787630413D64BFCE9BA,1,2,7EE18A5D1A0826F79D62172E07DFFEBC8D4E51D59604A1B74FAA4D838F9958A2
val_v08_moderate,val,8,85,C:\Users\lab\Counterfactual-XAI-Verifier\experiments\yolov8_search_comparison\training\yolov8s_sim_20260902\dataset\images\val\val_v08_moderate__frame_0085.jpg,C:\Users\lab\Counterfactual-XAI-Verifier\experiments\yolov8_search_comparison\training\yolov8s_sim_20260902\dataset\labels\val\val_v08_moderate__frame_0085.txt,F40DCB552A61C64AFD5D883579F8359E9DD448E121E28E8B409325812B6D5F7E,1,2,47A78E8CCABB74F848FEFF93144947B83B870230217EF3E5C3EF5C7E762C15D9
val_v08_moderate,val,8,88,C:\Users\lab\Counterfactual-XAI-Verifier\experiments\yolov8_search_comparison\training\yolov8s_sim_20260902\dataset\images\val\val_v08_moderate__frame_0088.jpg,C:\Users\lab\Counterfactual-XAI-Verifier\experiments\yolov8_search_comparison\training\yolov8s_sim_20260902\dataset\labels\val\val_v08_moderate__frame_0088.txt,4593456736D4306B983F54E5E94A399FA83FE929C03F712D082CD2DD0CDF5596,1,2,122E3A25262F9D1A3033DED6E12AD288ED1F42201E9BA3FEFBA7EEF1589D5C93
val_v08_moderate,val,8,91,C:\Users\lab\Counterfactual-XAI-Verifier\experiments\yolov8_search_comparison\training\yolov8s_sim_20260902\dataset\images\val\val_v08_moderate__frame_0091.jpg,C:\Users\lab\Counterfactual-XAI-Verifier\experiments\yolov8_search_comparison\training\yolov8s_sim_20260902\dataset\labels\val\val_v08_moderate__frame_0091.txt,935F3F9F15C422B96DAAF0FCD2BA32D0C9380CE4B499B21C284C3FFCEA3E9E13,1,2,61618A2C8B056A17955CCB54681219A438FBB4DAB353218270DC669CFC82F6A4
val_v08_moderate,val,8,94,C:\Users\lab\Counterfactual-XAI-Verifier\experiments\yolov8_search_comparison\training\yolov8s_sim_20260902\dataset\images\val\val_v08_moderate__frame_0094.jpg,C:\Users\lab\Counterfactual-XAI-Verifier\experiments\yolov8_search_comparison\training\yolov8s_sim_20260902\dataset\labels\val\val_v08_moderate__frame_0094.txt,D1DF8C9BBEA7D8DE93E91A6C5BB9AD415858D7D870B45965875FD6152194B1A5,1,2,F06D83D6596442E04C34380DA4BE17D5A9AF406DE40EF4670955E9265127543C
val_v08_moderate,val,8,97,C:\Users\lab\Counterfactual-XAI-Verifier\experiments\yolov8_search_comparison\training\yolov8s_sim_20260902\dataset\images\val\val_v08_moderate__frame_0097.jpg,C:\Users\lab\Counterfactual-XAI-Verifier\experiments\yolov8_search_comparison\training\yolov8s_sim_20260902\dataset\labels\val\val_v08_moderate__frame_0097.txt,731AF967B81197B9925E0FB513D5C0227236FB658850C9A9519B8D4A7E5A130B,1,2,0F62091AC2968A88B79C866555C98E72AAF6B7A87FACD5E967AFB8884EB64F87
val_v08_moderate,val,8,100,C:\Users\lab\Counterfactual-XAI-Verifier\experiments\yolov8_search_comparison\training\yolov8s_sim_20260902\dataset\images\val\val_v08_moderate__frame_0100.jpg,C:\Users\lab\Counterfactual-XAI-Verifier\experiments\yolov8_search_comparison\training\yolov8s_sim_20260902\dataset\labels\val\val_v08_moderate__frame_0100.txt,65A2DE4041B31A78FDFAAE27FE05D2C0502DCE6AF34428F56ED997E6C9B7D720,1,2,F555466C568A7EE0C107EF14870EEC9B9F30322E75C653A1D8EFA391B1C9AC1C
val_v08_moderate,val,8,103,C:\Users\lab\Counterfactual-XAI-Verifier\experiments\yolov8_search_comparison\training\yolov8s_sim_20260902\dataset\images\val\val_v08_moderate__frame_0103.jpg,C:\Users\lab\Counterfactual-XAI-Verifier\experiments\yolov8_search_comparison\training\yolov8s_sim_20260902\dataset\labels\val\val_v08_moderate__frame_0103.txt,346AA24CAAE38FF52AAEAE2CF5B9D3722ED864D243FD7CD8D711DAFABDCFD692,0,2,05455335216F348A45F7EF70404B3B9CA98FC0B223E43AE8528979DF39CF23C6
val_v08_moderate,val,8,106,C:\Users\lab\Counterfactual-XAI-Verifier\experiments\yolov8_search_comparison\training\yolov8s_sim_20260902\dataset\images\val\val_v08_moderate__frame_0106.jpg,C:\Users\lab\Counterfactual-XAI-Verifier\experiments\yolov8_search_comparison\training\yolov8s_sim_20260902\dataset\labels\val\val_v08_moderate__frame_0106.txt,D15468BDC585F8326822B7BE5326F7A74B313FB01CCBB42A1A3D9164C2BF0D9D,0,2,DD31DC44C79750CE329C43FD1365ACE15F29A903F988D55E1F937B255845BAF3
val_v08_moderate,val,8,109,C:\Users\lab\Counterfactual-XAI-Verifier\experiments\yolov8_search_comparison\training\yolov8s_sim_20260902\dataset\images\val\val_v08_moderate__frame_0109.jpg,C:\Users\lab\Counterfactual-XAI-Verifier\experiments\yolov8_search_comparison\training\yolov8s_sim_20260902\dataset\labels\val\val_v08_moderate__frame_0109.txt,3F38CA158CB41B3EA68B6DBB5B22F0F18466ABFA55877976BE374430CC68B0F5,0,2,0D8326CE962FC4BB16CCCA74D919EA84C7EA5F40B4D259555211549B76ABD6B3
val_v08_moderate,val,8,112,C:\Users\lab\Counterfactual-XAI-Verifier\experiments\yolov8_search_comparison\training\yolov8s_sim_20260902\dataset\images\val\val_v08_moderate__frame_0112.jpg,C:\Users\lab\Counterfactual-XAI-Verifier\experiments\yolov8_search_comparison\training\yolov8s_sim_20260902\dataset\labels\val\val_v08_moderate__frame_0112.txt,F854A2D989EC4DD26B8E79C61FEBAB90B538F74F95D7808FE5D68A69085E711D,0,2,60E704AB0E38E1469416701A6EAA548CDD32118D5E5E7023D0722937087F0AA4
val_v08_moderate,val,8,115,C:\Users\lab\Counterfactual-XAI-Verifier\experiments\yolov8_search_comparison\training\yolov8s_sim_20260902\dataset\images\val\val_v08_moderate__frame_0115.jpg,C:\Users\lab\Counterfactual-XAI-Verifier\experiments\yolov8_search_comparison\training\yolov8s_sim_20260902\dataset\labels\val\val_v08_moderate__frame_0115.txt,17A4774E5B2791CB5265AFF9451F2DC0F60D6A19CF3CA84A0B375BE68F2909A2,0,2,5B06781CEAB74A7F79B03C16390F62FCFF8E7D589BFB2B47BDB8E1F0938D9DF3
val_v08_moderate,val,8,118,C:\Users\lab\Counterfactual-XAI-Verifier\experiments\yolov8_search_comparison\training\yolov8s_sim_20260902\dataset\images\val\val_v08_moderate__frame_0118.jpg,C:\Users\lab\Counterfactual-XAI-Verifier\experiments\yolov8_search_comparison\training\yolov8s_sim_20260902\dataset\labels\val\val_v08_moderate__frame_0118.txt,5499DD9ABB1C66B67750A3B9EA542828B770A03752D7922445359A1DBEAE412D,0,2,B8683A3C629C283D263017B8AB464D392EA042E8889400EF9AD7A47BF31CA92F
val_v08_moderate,val,8,121,C:\Users\lab\Counterfactual-XAI-Verifier\experiments\yolov8_search_comparison\training\yolov8s_sim_20260902\dataset\images\val\val_v08_moderate__frame_0121.jpg,C:\Users\lab\Counterfactual-XAI-Verifier\experiments\yolov8_search_comparison\training\yolov8s_sim_20260902\dataset\labels\val\val_v08_moderate__frame_0121.txt,8C1C3AE16D17CB2ABCFBD93D7FA19462740C7746A712D12B70842223126D0DB8,0,2,B4C5066BD7259D74A22A2555CE87D43847A2CC9D1C8EBB41E288FF861D37EF42
val_v08_moderate,val,8,124,C:\Users\lab\Counterfactual-XAI-Verifier\experiments\yolov8_search_comparison\training\yolov8s_sim_20260902\dataset\images\val\val_v08_moderate__frame_0124.jpg,C:\Users\lab\Counterfactual-XAI-Verifier\experiments\yolov8_search_comparison\training\yolov8s_sim_20260902\dataset\labels\val\val_v08_moderate__frame_0124.txt,CBC907F0C5B388E7B4C727FBB4C3AFBF95598506169D2107EECB56E382A6BB1D,0,2,03F7A579DB7A3AC462ADD43ECE1EB33E3CA58A40E3909CFBC411319AC29A7923
val_v08_moderate,val,8,127,C:\Users\lab\Counterfactual-XAI-Verifier\experiments\yolov8_search_comparison\training\yolov8s_sim_20260902\dataset\images\val\val_v08_moderate__frame_0127.jpg,C:\Users\lab\Counterfactual-XAI-Verifier\experiments\yolov8_search_comparison\training\yolov8s_sim_20260902\dataset\labels\val\val_v08_moderate__frame_0127.txt,D2656DEDD792198BD64B79FCD54FDF90FF36586F124E564FB5C573B080AA7170,0,2,3B2C83444F4396C68E69586BDB7E55D9B7937C2CE95A6408D5B89663D93B3C38
val_v08_moderate,val,8,130,C:\Users\lab\Counterfactual-XAI-Verifier\experiments\yolov8_search_comparison\training\yolov8s_sim_20260902\dataset\images\val\val_v08_moderate__frame_0130.jpg,C:\Users\lab\Counterfactual-XAI-Verifier\experiments\yolov8_search_comparison\training\yolov8s_sim_20260902\dataset\labels\val\val_v08_moderate__frame_0130.txt,D2660A92F30409DD3FEB7F1FE229688082CEDF6D87C6B0C5505EE90A8719D23A,0,1,C642669B2A7E445452898D37D0D41B993C0348397926A3E3EDEB499CFF30079F
val_v08_moderate,val,8,133,C:\Users\lab\Counterfactual-XAI-Verifier\experiments\yolov8_search_comparison\training\yolov8s_sim_20260902\dataset\images\val\val_v08_moderate__frame_0133.jpg,C:\Users\lab\Counterfactual-XAI-Verifier\experiments\yolov8_search_comparison\training\yolov8s_sim_20260902\dataset\labels\val\val_v08_moderate__frame_0133.txt,046568DE44760334D00D7A7BCE5FB4E14B4BF23B460E3F80ABAD278FFF1BF694,0,1,646C6968223C7AFAE6D07DF5F66E6E2FD1E9A1EACB8197B769D785AED11039B0
val_v08_moderate,val,8,136,C:\Users\lab\Counterfactual-XAI-Verifier\experiments\yolov8_search_comparison\training\yolov8s_sim_20260902\dataset\images\val\val_v08_moderate__frame_0136.jpg,C:\Users\lab\Counterfactual-XAI-Verifier\experiments\yolov8_search_comparison\training\yolov8s_sim_20260902\dataset\labels\val\val_v08_moderate__frame_0136.txt,B551E780EC3328221A1D6F7EED7745168F99B9FDC214BC92C2490B0E521B3FBE,0,1,FF846E5329D52FF6B577834BF12D18100C9C9F65A2C159EA8862E37ECE20CAFD
val_v08_moderate,val,8,139,C:\Users\lab\Counterfactual-XAI-Verifier\experiments\yolov8_search_comparison\training\yolov8s_sim_20260902\dataset\images\val\val_v08_moderate__frame_0139.jpg,C:\Users\lab\Counterfactual-XAI-Verifier\experiments\yolov8_search_comparison\training\yolov8s_sim_20260902\dataset\labels\val\val_v08_moderate__frame_0139.txt,FD04C493FE23F40E54CAAEA646076F8ACA78EFCA471D2211D777C52F46E41C9D,0,1,9F5DA3FFB8697D90C9B2B7766DE8AFF0614C8A34D062D6CD5825FC9A5D62C94D
val_v08_moderate,val,8,142,C:\Users\lab\Counterfactual-XAI-Verifier\experiments\yolov8_search_comparison\training\yolov8s_sim_20260902\dataset\images\val\val_v08_moderate__frame_0142.jpg,C:\Users\lab\Counterfactual-XAI-Verifier\experiments\yolov8_search_comparison\training\yolov8s_sim_20260902\dataset\labels\val\val_v08_moderate__frame_0142.txt,A7A5D55DF504DEAB38ABF4EEEDD7341F4839A82ECD6064CE7631B70F00011999,0,1,1F2BA7D7C745405BAFEE5277AE0AF1F81335978E4583698911B2B5E9E07274A4
val_v08_moderate,val,8,145,C:\Users\lab\Counterfactual-XAI-Verifier\experiments\yolov8_search_comparison\training\yolov8s_sim_20260902\dataset\images\val\val_v08_moderate__frame_0145.jpg,C:\Users\lab\Counterfactual-XAI-Verifier\experiments\yolov8_search_comparison\training\yolov8s_sim_20260902\dataset\labels\val\val_v08_moderate__frame_0145.txt,21615F193CE85A66C2C806F64300E3AC337662D285310B4B6C0819A1F725DE0A,0,1,CD5245A454FF0F7554540625EB4E2C6EFEC0169031911B71CE7587740227A53C
val_v08_moderate,val,8,148,C:\Users\lab\Counterfactual-XAI-Verifier\experiments\yolov8_search_comparison\training\yolov8s_sim_20260902\dataset\images\val\val_v08_moderate__frame_0148.jpg,C:\Users\lab\Counterfactual-XAI-Verifier\experiments\yolov8_search_comparison\training\yolov8s_sim_20260902\dataset\labels\val\val_v08_moderate__frame_0148.txt,F90AF173CA4C167EC662A6B5F21B2B3D0C4EF1DCD8200D6D80C2B0822486716B,0,1,56121BFDC71C15D42BB799AF9BCC809FCCC81135907F6A02525174311D4A74FF
val_v08_moderate,val,8,151,C:\Users\lab\Counterfactual-XAI-Verifier\experiments\yolov8_search_comparison\training\yolov8s_sim_20260902\dataset\images\val\val_v08_moderate__frame_0151.jpg,C:\Users\lab\Counterfactual-XAI-Verifier\experiments\yolov8_search_comparison\training\yolov8s_sim_20260902\dataset\labels\val\val_v08_moderate__frame_0151.txt,AF205E27404277FF11EAF37F39C39C482CF3343CB4AF9F9D5843864882910049,0,1,BF31B8B12E37182803349085534FEC62A07BDEAC93161C4538B9B266678EE241
val_v08_moderate,val,8,154,C:\Users\lab\Counterfactual-XAI-Verifier\experiments\yolov8_search_comparison\training\yolov8s_sim_20260902\dataset\images\val\val_v08_moderate__frame_0154.jpg,C:\Users\lab\Counterfactual-XAI-Verifier\experiments\yolov8_search_comparison\training\yolov8s_sim_20260902\dataset\labels\val\val_v08_moderate__frame_0154.txt,814ECD04A9804A543202C70C2A39DD35321ADA1DDE7BBE16B600D6ABB300A907,0,0,1B6DEF9730C5242CB2E83B83DD4426000A6BF1D14DD7F8A6D996DED8FE78E3A4
val_v08_moderate,val,8,157,C:\Users\lab\Counterfactual-XAI-Verifier\experiments\yolov8_search_comparison\training\yolov8s_sim_20260902\dataset\images\val\val_v08_moderate__frame_0157.jpg,C:\Users\lab\Counterfactual-XAI-Verifier\experiments\yolov8_search_comparison\training\yolov8s_sim_20260902\dataset\labels\val\val_v08_moderate__frame_0157.txt,B710E5CB920F7C70786F840D251CDFDC3AAADA5F32996490CC3240DD7D43A446,0,0,BBDD7105468062AE4A0D40A2A42C0267280FBC406C23D8A58FA3160BEFB6716C
val_v08_moderate,val,8,160,C:\Users\lab\Counterfactual-XAI-Verifier\experiments\yolov8_search_comparison\training\yolov8s_sim_20260902\dataset\images\val\val_v08_moderate__frame_0160.jpg,C:\Users\lab\Counterfactual-XAI-Verifier\experiments\yolov8_search_comparison\training\yolov8s_sim_20260902\dataset\labels\val\val_v08_moderate__frame_0160.txt,849DCC8EF9C97D4A9A545243EA1AC90A0F35AFEE0CA8809EC2CE9C3AFE74518B,0,0,C45BD66819DBEACABDF975ABE335296D2A71F10A89844626CC76D40107FA9741
val_v08_moderate,val,8,163,C:\Users\lab\Counterfactual-XAI-Verifier\experiments\yolov8_search_comparison\training\yolov8s_sim_20260902\dataset\images\val\val_v08_moderate__frame_0163.jpg,C:\Users\lab\Counterfactual-XAI-Verifier\experiments\yolov8_search_comparison\training\yolov8s_sim_20260902\dataset\labels\val\val_v08_moderate__frame_0163.txt,1E2B13CB8687C79B54CCF5E8369E512EBCAC83740A0CCBDE292011EB39F72989,0,0,E8282567A9F18499E78568B3500472231CA6C6099FF856627ECA4FF24DC0D60A
val_v08_moderate,val,8,166,C:\Users\lab\Counterfactual-XAI-Verifier\experiments\yolov8_search_comparison\training\yolov8s_sim_20260902\dataset\images\val\val_v08_moderate__frame_0166.jpg,C:\Users\lab\Counterfactual-XAI-Verifier\experiments\yolov8_search_comparison\training\yolov8s_sim_20260902\dataset\labels\val\val_v08_moderate__frame_0166.txt,853BD0DED95A08282E668FAA4F9CC1A1601EEA97DB4F789CA6E91BB055AEF6B9,0,0,8DF0368311DC8F2460E7D54DD2AC2B32B78CFA5A7E952DC4682409A16AF5893F
val_v08_moderate,val,8,169,C:\Users\lab\Counterfactual-XAI-Verifier\experiments\yolov8_search_comparison\training\yolov8s_sim_20260902\dataset\images\val\val_v08_moderate__frame_0169.jpg,C:\Users\lab\Counterfactual-XAI-Verifier\experiments\yolov8_search_comparison\training\yolov8s_sim_20260902\dataset\labels\val\val_v08_moderate__frame_0169.txt,EAAE762924755085553FEFA3636781DB7AB9CE4328A7F5E6864A63986A7F20CA,0,0,DCDE96BE8671D2C359129BE91EAFC41D66A086E57E16A36A9EAF850082C54478
val_v08_moderate,val,8,172,C:\Users\lab\Counterfactual-XAI-Verifier\experiments\yolov8_search_comparison\training\yolov8s_sim_20260902\dataset\images\val\val_v08_moderate__frame_0172.jpg,C:\Users\lab\Counterfactual-XAI-Verifier\experiments\yolov8_search_comparison\training\yolov8s_sim_20260902\dataset\labels\val\val_v08_moderate__frame_0172.txt,B7AEF5FA3E7A92D6AD77C7D1C99E941BC59374A6D241C13BFC87C8FD668ED61D,0,0,70B09BF5EADD8CF7DCFB0C6CEFF542C59D8B949671BE8003A65DD1EB39ACDF27
val_v08_moderate,val,8,175,C:\Users\lab\Counterfactual-XAI-Verifier\experiments\yolov8_search_comparison\training\yolov8s_sim_20260902\dataset\images\val\val_v08_moderate__frame_0175.jpg,C:\Users\lab\Counterfactual-XAI-Verifier\experiments\yolov8_search_comparison\training\yolov8s_sim_20260902\dataset\labels\val\val_v08_moderate__frame_0175.txt,99199C890B1BB75494D40569229EFEB38C7FFF0BCC69A26C4BD25CB84FB92FCC,0,0,0FBD4D1F41CCC9CDB0759EE818C4A36587FF753B53D683710F1EF983345E5C8C
val_v08_moderate,val,8,178,C:\Users\lab\Counterfactual-XAI-Verifier\experiments\yolov8_search_comparison\training\yolov8s_sim_20260902\dataset\images\val\val_v08_moderate__frame_0178.jpg,C:\Users\lab\Counterfactual-XAI-Verifier\experiments\yolov8_search_comparison\training\yolov8s_sim_20260902\dataset\labels\val\val_v08_moderate__frame_0178.txt,FF7E753C9FC625F4E306ED0098E691C2724477D0F0FBFA5EC51915AA9464BB60,0,0,0DE2D7E18A0E6425C4F6AD1D2BAE48D19512415AFE77E11AB4DE1114F5EE6D25
val_v08_moderate,val,8,181,C:\Users\lab\Counterfactual-XAI-Verifier\experiments\yolov8_search_comparison\training\yolov8s_sim_20260902\dataset\images\val\val_v08_moderate__frame_0181.jpg,C:\Users\lab\Counterfactual-XAI-Verifier\experiments\yolov8_search_comparison\training\yolov8s_sim_20260902\dataset\labels\val\val_v08_moderate__frame_0181.txt,9CE7CD8D92B67D4646914E3D10E8078E0D7ADF4BA841DBEF3EC2CEB09CFF4EDD,0,0,E1C252B45248DFF6DF776C7BF092BD0B21483D449C86BEE2C0F6AA193DC622AE
