{
  "scenario": {
    "scenario_id": "scenario_001",
    "target_hypothesis": "Weather-driven counterfactual scenario to discover a UAV detection edge case with mAP50 below 0.85",
    "environment_parameters": {
      "fog_density_percent": 30,
      "illumination_lux": 4000,
      "camera_noise_level": 0.1
    },
    "llm_reasoning": "Initial seed scenario for weather degradation search."
  },
  "sim_result": {
    "collision_flag": null,
    "running_min_dist": 0.0040000000000084412,
    "avg_confidence": 0.81704774801951086,
    "miss_count": 0,
    "requirement_satisfied": null,
    "risk_score": 0.55308064262996515,
    "uav_xyz_final": [
      21.865097920865669,
      -0.60361830061094635,
      2.5
    ],
    "uav_rpy_final": [
      0,
      0,
      -0.16800000000000004
    ],
    "obs_xyz_final": [
      12,
      0,
      1
    ],
    "tout_end": 20
  },
  "eval": {
    "class_name": "obstacle",
    "ap50": 0.40962058450730632,
    "map50": 0.40962058450730632,
    "tp_count": 29,
    "fp_count": 14,
    "fn_count": 21,
    "precision_curve": [
      0,
      0.5,
      0.66666666666666663,
      0.75,
      0.6,
      0.5,
      0.5714285714285714,
      0.625,
      0.66666666666666663,
      0.6,
      0.63636363636363635,
      0.66666666666666663,
      0.61538461538461542,
      0.5714285714285714,
      0.6,
      0.625,
      0.6470588235294118,
      0.66666666666666663,
      0.631578947368421,
      0.65,
      0.66666666666666663,
      0.68181818181818177,
      0.69565217391304346,
      0.66666666666666663,
      0.68,
      0.65384615384615385,
      0.66666666666666663,
      0.6785714285714286,
      0.68965517241379315,
      0.7,
      0.70967741935483875,
      0.6875,
      0.696969696969697,
      0.67647058823529416,
      0.65714285714285714,
      0.66666666666666663,
      0.67567567567567566,
      0.65789473684210531,
      0.66666666666666663,
      0.675,
      0.65853658536585369,
      0.66666666666666663,
      0.67441860465116277
    ],
    "recall_curve": [
      0,
      0.02,
      0.04,
      0.06,
      0.06,
      0.06,
      0.08,
      0.1,
      0.12,
      0.12,
      0.14,
      0.16,
      0.16,
      0.16,
      0.18,
      0.2,
      0.22,
      0.24,
      0.24,
      0.26,
      0.28,
      0.3,
      0.32,
      0.32,
      0.34,
      0.34,
      0.36,
      0.38,
      0.4,
      0.42,
      0.44,
      0.44,
      0.46,
      0.46,
      0.46,
      0.48,
      0.5,
      0.5,
      0.52,
      0.54,
      0.54,
      0.56,
      0.58
    ],
    "requirement_threshold": 0.85,
    "requirement_violated": true,
    "summary": "fog=30.0, illum=4000.0, noise=0.10 -> mAP50=0.4096"
  },
  "xai_input": {
    "scene_id": "iter_001",
    "task": "uav_object_detection",
    "goal": "Find a weather-driven counterfactual edge case where mAP50 falls below 0.85",
    "perception": {
      "detector": "stub-or-external-detector",
      "input_resolution": [
        640,
        360
      ],
      "detections": []
    },
    "performance_signals": {
      "confidence_trend": "decreasing",
      "miss_rate_trend": "increasing",
      "risk_score": 0.59037941549269368,
      "failure_type": "detection_performance_drop",
      "map50": 0.40962058450730632,
      "threshold": 0.85
    },
    "xai_signals": {
      "method": "stub-xai",
      "dominant_factors": [
        {
          "name": "fog_density",
          "importance": 0.409
        },
        {
          "name": "illumination_lux",
          "importance": 0.455
        },
        {
          "name": "camera_noise",
          "importance": 0.136
        }
      ],
      "attention_summary": "mAP50 is 0.4096 under fog=30.0, illum=4000.0, noise=0.10"
    },
    "scenario_constraints": {
      "allow_weather_change": true,
      "allow_lighting_change": true,
      "allow_obstacle_density_change": false
    },
    "sim_result": {
      "collision_flag": null,
      "running_min_dist": 0.0040000000000084412,
      "avg_confidence": 0.81704774801951086,
      "miss_count": 0,
      "requirement_satisfied": null,
      "risk_score": 0.55308064262996515,
      "uav_xyz_final": [
        21.865097920865669,
        -0.60361830061094635,
        2.5
      ],
      "uav_rpy_final": [
        0,
        0,
        -0.16800000000000004
      ],
      "obs_xyz_final": [
        12,
        0,
        1
      ],
      "tout_end": 20
    }
  }
}