{
  "class_name": "obstacle",
  "ap50": 0.02,
  "map50": 0.02,
  "tp_count": 1,
  "fp_count": 5,
  "fn_count": 49,
  "precision_curve": [
    1,
    0.5,
    0.33333333333333331,
    0.25,
    0.2,
    0.16666666666666666
  ],
  "recall_curve": [
    0.02,
    0.02,
    0.02,
    0.02,
    0.02,
    0.02
  ],
  "requirement_threshold": 0.85,
  "requirement_violated": true,
  "summary": "fog=100.0, illum=500.0, noise=1.00 -> mAP50=0.0200"
}