{
  "collision_flag": null,
  "running_min_dist": 1.6697754290362354E-13,
  "avg_confidence": 0.37684493393450674,
  "miss_count": 321,
  "requirement_satisfied": null,
  "risk_score": 0.84050559698334626,
  "uav_xyz_final": [
    19.275865271297722,
    0.10367159233645851,
    2.5
  ],
  "uav_rpy_final": [
    0,
    0,
    0.19200000000000012
  ],
  "obs_xyz_final": [
    12,
    0,
    1
  ],
  "tout_end": 20
}